snapshot,season,week,team,name,pos,status,practice,source
2026-09-02,2026,,MIN,Jacob Thomas,DB,Questionable,,sleeper
2026-09-02,2026,,SF,Mykel Williams,DL,PUP,,sleeper
2026-09-02,2026,,SF,Jacob Cowing,WR,Questionable,,sleeper
2026-09-02,2026,,ATL,JD Bertrand,LB,IR,,sleeper
2026-09-02,2026,,HOU,Marte Mapu,DB,Questionable,,sleeper
2026-09-02,2026,,JAX,Wyatt Milum,OL,Questionable,,sleeper
2026-09-02,2026,,BAL,Adam Randall,RB,IR,,sleeper
2026-09-02,2026,,SF,Nate Hobbs,CB,IR,,sleeper
2026-09-02,2026,,BAL,Jay Higgins,LB,Questionable,,sleeper
2026-09-02,2026,,TB,Damarion Williams,DB,IR,,sleeper
2026-09-02,2026,,SF,Andrew Farmer,LB,IR,,sleeper
2026-09-02,2026,,LAR,Duplicate Player,DE,Out,,sleeper
2026-09-02,2026,,BAL,Teddye Buchanan,LB,Questionable,,sleeper
2026-09-02,2026,,DET,Cade Mays,OL,IR,,sleeper
2026-09-02,2026,,NYJ,VJ Payne,DB,IR,,sleeper
2026-09-02,2026,,ATL,Anterio Thompson,DT,PUP,,sleeper
2026-09-02,2026,,BAL,Nnamdi Madubuike,DT,Questionable,,sleeper
2026-09-02,2026,,ARI,Dadrion Taylor-Demerson,DB,Questionable,,sleeper
2026-09-02,2026,,ATL,Trey Sermon,RB,IR,,sleeper
2026-09-02,2026,,HOU,Dominique Robinson,DL,Questionable,,sleeper
2026-09-02,2026,,PHI,Johnny Wilson,WR,IR,,sleeper
2026-09-02,2026,,BUF,Khalil Shakir,WR,Questionable,,sleeper
2026-09-02,2026,,MIA,Kenneth Grant,DL,IR,,sleeper
2026-09-02,2026,,CLE,Travis Bell,DL,IR,,sleeper
2026-09-02,2026,,LV,Corey Rucker,WR,IR,,sleeper
2026-09-02,2026,,HOU,M.J. Stewart,DB,PUP,,sleeper
2026-09-02,2026,,CAR,Akayleb Evans,DB,Questionable,,sleeper
2026-09-02,2026,,LV,Justin Pickett,G,IR,,sleeper
2026-09-02,2026,,CLE,Kalia Davis,DL,IR,,sleeper
2026-09-02,2026,,WAS,Rachaad White,RB,Questionable,,sleeper
2026-09-02,2026,,PHI,Micah Morris,G,Questionable,,sleeper
2026-09-02,2026,,DET,Brian Branch,DB,PUP,,sleeper
2026-09-02,2026,,NO,Chris Rumph,LB,Questionable,,sleeper
2026-09-02,2026,,JAX,Zach Durfee,DE,IR,,sleeper
2026-09-02,2026,,LAC,Branson Taylor,OL,IR,,sleeper
2026-09-02,2026,,CIN,Ja'Sir Taylor,DB,IR,,sleeper
2026-09-02,2026,,CAR,Taylor Moton,T,PUP,,sleeper
2026-09-02,2026,,GB,Collin Oliver,DE,IR,,sleeper
2026-09-02,2026,,NYG,Greg Newsome,CB,Questionable,,sleeper
2026-09-02,2026,,WAS,Odafe Oweh,LB,Questionable,,sleeper
2026-09-02,2026,,NE,Bryce Baringer,P,IR,,sleeper
2026-09-02,2026,,NYJ,Isaiah Davis,RB,Questionable,,sleeper
2026-09-02,2026,,MIN,Naquan Jones,DT,Questionable,,sleeper
2026-09-02,2026,,CLE,Parker Brailsford,C,Questionable,,sleeper
2026-09-02,2026,,LAC,Brenen Thompson,WR,Questionable,,sleeper
2026-09-02,2026,,CLE,Edefuan Ulofoshio,LB,IR,,sleeper
2026-09-02,2026,,NE,Isaiah Iton,DL,IR,,sleeper
2026-09-02,2026,,TB,Rueben Bain,DL,Questionable,,sleeper
2026-09-02,2026,,ARI,Will Johnson,DB,Questionable,,sleeper
2026-09-02,2026,,NO,Rejzohn Wright,CB,IR,,sleeper
2026-09-02,2026,,CAR,Tershawn Wharton,DT,PUP,,sleeper
2026-09-02,2026,,JAX,Patrick Mekari,OL,IR,,sleeper
2026-09-02,2026,,DEN,Luke Wattenberg,OL,Questionable,,sleeper
2026-09-02,2026,,NE,TreVeyon Henderson,RB,Questionable,,sleeper
2026-09-02,2026,,KC,Omarr Norman-Lott,DT,PUP,,sleeper
2026-09-02,2026,,ARI,Blake Gillikin,P,Questionable,,sleeper
2026-09-02,2026,,SF,Malik Mustapha,DB,Questionable,,sleeper
2026-09-02,2026,,BAL,Danny Pinter,G,IR,,sleeper
2026-09-02,2026,,MIN,Tyler Batty,DL,IR,,sleeper
2026-09-02,2026,,MIA,Rene Konga,DL,IR,,sleeper
2026-09-02,2026,,DEN,Levelle Bailey,LB,IR,,sleeper
2026-09-02,2026,,MIN,Taki Taimani,DL,IR,,sleeper
2026-09-02,2026,,NYJ,Mykal Walker,LB,IR,,sleeper
2026-09-02,2026,,SEA,Nick Emmanwori,DB,Questionable,,sleeper
2026-09-02,2026,,KC,John Michael Gyllenborg,TE,IR,,sleeper
2026-09-02,2026,,TB,Deshawn McKnight,DL,IR,,sleeper
2026-09-02,2026,,LAC,Sincere Brown,WR,IR,,sleeper
2026-09-02,2026,,NYJ,Kingsley Jonathan,DT,IR,,sleeper
2026-09-02,2026,,GB,Jordon Riley,DL,PUP,,sleeper
2026-09-02,2026,,CAR,Bam Martin-Scott,LB,IR,,sleeper
2026-09-02,2026,,CHI,Elijah Hicks,DB,Questionable,,sleeper
2026-09-02,2026,,DET,Ennis Rakestraw,DB,Questionable,,sleeper
2026-09-02,2026,,ARI,Xavier Weaver,WR,Questionable,,sleeper
2026-09-02,2026,,ATL,DeAngelo Malone,DL,PUP,,sleeper
2026-09-02,2026,,LAC,Cameron Dicker,K,Questionable,,sleeper
2026-09-02,2026,,IND,Will Mallory,TE,IR,,sleeper
2026-09-02,2026,,PIT,Logan Lee,DL,IR,,sleeper
2026-09-02,2026,,DET,Isiah Pacheco,RB,IR,,sleeper
2026-09-02,2026,,HOU,E.J. Speed,LB,PUP,,sleeper
2026-09-02,2026,,CAR,Devin Lloyd,LB,Questionable,,sleeper
2026-09-02,2026,,ARI,Trey Benson,RB,IR,,sleeper
2026-09-02,2026,,KC,Jimmy Holiday,WR,IR,,sleeper
2026-09-02,2026,,DET,Kerby Joseph,DB,PUP,,sleeper
2026-09-02,2026,,SEA,Jake Bobo,WR,IR,,sleeper
2026-09-02,2026,,KC,Patrick Mahomes,QB,Questionable,,sleeper
2026-09-02,2026,,CIN,Ja'Marr Chase,WR,Questionable,,sleeper
2026-09-02,2026,,NE,Khalil Jacobs,LB,IR,,sleeper
2026-09-02,2026,,PHI,Grant Calcaterra,TE,IR,,sleeper
2026-09-02,2026,,NYG,Calvin Austin,WR,IR,,sleeper
2026-09-02,2026,,TEN,Jaren Kanak,TE,IR,,sleeper
2026-09-02,2026,,DET,Giovanni Manu,OL,PUP,,sleeper
2026-09-02,2026,,DAL,Tyler Guyton,OL,Questionable,,sleeper
2026-09-02,2026,,CIN,Tee Higgins,WR,Questionable,,sleeper
2026-09-02,2026,,DET,Sam LaPorta,TE,Questionable,,sleeper
2026-09-02,2026,,GB,Dani Dennis-Sutton,DE,Questionable,,sleeper
2026-09-02,2026,,CLE,Jamari Thrash,WR,IR,,sleeper
2026-09-02,2026,,KC,C.J. Hanson,OG,IR,,sleeper
2026-09-02,2026,,ARI,Chase Bisontis,G,IR,,sleeper
2026-09-02,2026,,CHI,Tony Fields,LB,IR,,sleeper
2026-09-02,2026,,NYJ,Tyler Baron,DE,PUP,,sleeper
2026-09-02,2026,,CHI,Luther Burden,WR,Questionable,,sleeper
2026-09-02,2026,,PHI,Eli Stowers,TE,Questionable,,sleeper
2026-09-02,2026,,TB,Jalen McMillan,WR,Questionable,,sleeper
2026-09-02,2026,,GB,RJ Maryland,TE,Questionable,,sleeper
2026-09-02,2026,,WAS,Jeremy McNichols,RB,IR,,sleeper
2026-09-02,2026,,LAC,Dalevon Campbell,WR,IR,,sleeper
2026-09-02,2026,,MIN,Bryson Nesbit,TE,Questionable,,sleeper
2026-09-02,2026,,ARI,James Conner,RB,IR,,sleeper
2026-09-02,2026,,IND,Tyler Warren,TE,Questionable,,sleeper
2026-09-02,2026,,LAC,Kyle Kennard,DE,IR,,sleeper
2026-09-02,2026,,ARI,Zach Carter,DL,IR,,sleeper
2026-09-02,2026,,DEN,Nick Gargiulo,OL,PUP,,sleeper
2026-09-02,2026,,NYJ,Kenyon Sadiq,TE,Questionable,,sleeper
2026-09-02,2026,,MIN,Jermar Jefferson,RB,IR,,sleeper
2026-09-02,2026,,LAC,Tre' Harris,WR,Questionable,,sleeper
2026-09-02,2026,,JAX,Jakobi Meyers,WR,Questionable,,sleeper
2026-09-02,2026,,MIN,Dontae Fleming,WR,IR,,sleeper
2026-09-02,2026,,BUF,Demetrius Flannigan-Fowles,LB,IR,,sleeper
2026-09-02,2026,,SF,Isaac Guerendo,RB,PUP,,sleeper
2026-09-02,2026,,MIN,Dwight McGlothern,DB,Questionable,,sleeper
2026-09-02,2026,,NYG,John Michael Schmitz,OL,Questionable,,sleeper
2026-09-02,2026,,SF,Ricky Pearsall,WR,IR,,sleeper
2026-09-02,2026,,TB,Emeka Egbuka,WR,Questionable,,sleeper
2026-09-02,2026,,PHI,Jakorian Bennett,DB,IR,,sleeper
2026-09-02,2026,,LAR,Terrance Ferguson,TE,Questionable,,sleeper
2026-09-02,2026,,MIA,Trey Moore,LB,IR,,sleeper
2026-09-02,2026,,NO,Mason Tipton,WR,PUP,,sleeper
2026-09-02,2026,,ATL,Malik Verdon,DB,IR,,sleeper
2026-09-02,2026,,DEN,Caleb Lohner,TE,IR,,sleeper
2026-09-02,2026,,ARI,Joey Blount,DB,IR,,sleeper
2026-09-02,2026,,GB,Tucker Kraft,TE,Questionable,,sleeper
2026-09-02,2026,,NYG,Theo Johnson,TE,Questionable,,sleeper
2026-09-02,2026,,ATL,Billy Bowman,DB,Questionable,,sleeper
2026-09-02,2026,,LAC,Keaton Mitchell,RB,Questionable,,sleeper
2026-09-02,2026,,PIT,Donte Kent,CB,PUP,,sleeper
2026-09-02,2026,,NYJ,D'Angelo Ponds,DB,Questionable,,sleeper
2026-09-02,2026,,DET,Michael Niese,G,IR,,sleeper
2026-09-02,2026,,ATL,James Pearce,DL,Suspended,,sleeper
2026-09-02,2026,,BAL,Skylar Thompson,QB,IR,,sleeper
2026-09-02,2026,,HOU,British Brooks,RB,Questionable,,sleeper
2026-09-02,2026,,WAS,Laremy Tunsil,OL,IR,,sleeper
2026-09-02,2026,,CAR,Haynes King,QB,Questionable,,sleeper
2026-09-02,2026,,KC,Alohi Gilman,DB,Questionable,,sleeper
2026-09-02,2026,,SF,Mike Evans,WR,Questionable,,sleeper
2026-09-02,2026,,TEN,Donnie Ernsberger,TE,Questionable,,sleeper
2026-09-02,2026,,CHI,Nikola Kalinic,TE,IR,,sleeper
2026-09-02,2026,,DAL,Devin Moore,CB,IR,,sleeper
2026-09-02,2026,,MIA,Darrell Baker,CB,PUP,,sleeper
2026-09-02,2026,,JAX,Parker Hughes,LB,IR,,sleeper
2026-09-02,2026,,GB,Savion Williams,WR,IR,,sleeper
2026-09-02,2026,,KC,Trey Smith,OL,Questionable,,sleeper
2026-09-02,2026,,TEN,Joshua Williams,CB,IR,,sleeper
2026-09-02,2026,,TB,Mohamed Kamara,DL,IR,,sleeper
2026-09-02,2026,,SEA,Irv Charles,WR,IR,,sleeper
2026-09-02,2026,,MIN,Michael Jurgens,OL,IR,,sleeper
2026-09-02,2026,,WAS,Ben Sinnott,TE,Questionable,,sleeper
2026-09-02,2026,,NYJ,Nahshon Wright,CB,Questionable,,sleeper
2026-09-02,2026,,WAS,Jerome Ford,RB,Questionable,,sleeper
2026-09-02,2026,,SEA,Robbie Ouzts,RB,IR,,sleeper
2026-09-02,2026,,LAR,Puka Nacua,WR,Questionable,,sleeper
2026-09-02,2026,,HOU,Jake Hansen,LB,Questionable,,sleeper
2026-09-02,2026,,DET,Seth McLaughlin,OL,Questionable,,sleeper
2026-09-02,2026,,PHI,Markel Bell,OT,Questionable,,sleeper
2026-09-02,2026,,PIT,Brandin Echols,CB,Questionable,,sleeper
2026-09-02,2026,,NE,Marcus Bryant,OL,IR,,sleeper
2026-09-02,2026,,SF,De'Zhaun Stribling,WR,Questionable,,sleeper
2026-09-02,2026,,SF,Brayden Willis,TE,Questionable,,sleeper
2026-09-02,2026,,SF,Darrick Forrest,DB,IR,,sleeper
2026-09-02,2026,,NO,David Long,CB,IR,,sleeper
2026-09-02,2026,,SF,Renardo Green,DB,Questionable,,sleeper
2026-09-02,2026,,SF,Christian McCaffrey,RB,Questionable,,sleeper
2026-09-02,2026,,NYG,Gunner Olszewski,WR,IR,,sleeper
2026-09-02,2026,,LAR,Myles Garrett,DE,Questionable,,sleeper
2026-09-02,2026,,HOU,Wade Woodaz,LB,Questionable,,sleeper
2026-09-02,2026,,KC,Drue Tranquill,LB,Questionable,,sleeper
2026-09-02,2026,,BAL,Aeneas Peebles,DT,Questionable,,sleeper
2026-09-02,2026,,BAL,Bilhal Kone,CB,IR,,sleeper
2026-09-02,2026,,CAR,Chris Brazzell,WR,IR,,sleeper
2026-09-02,2026,,DAL,Jonathan Bullard,DE,Questionable,,sleeper
2026-09-02,2026,,HOU,Braden Smith,OL,IR,,sleeper
2026-09-02,2026,,SF,Romello Height,LB,Questionable,,sleeper
2026-09-02,2026,,ATL,Tyrone Wheatley,OL,Questionable,,sleeper
2026-09-02,2026,,IND,Alec Pierce,WR,Questionable,,sleeper
2026-09-02,2026,,SEA,Julian Neal,DB,Questionable,,sleeper
2026-09-02,2026,,KC,Ethan Downs,DE,IR,,sleeper
2026-09-02,2026,,NYG,Francis Mauigoa,OT,Questionable,,sleeper
2026-09-02,2026,,MIN,Jakobe Thomas,DB,Questionable,,sleeper
2026-09-02,2026,,CLE,Alex Wright,DL,IR,,sleeper
2026-09-02,2026,,CHI,Beanie Bishop,CB,Suspended,,sleeper
2026-09-02,2026,,IND,Sean McKeon,TE,Questionable,,sleeper
2026-09-02,2026,,WAS,Tim Settle,DT,Questionable,,sleeper
2026-09-02,2026,,TEN,Mitchell Trubisky,QB,Questionable,,sleeper
2026-09-02,2026,,WAS,Dorance Armstrong,DE,Suspended,,sleeper
2026-09-02,2026,,DET,Payton Turner,DE,IR,,sleeper
2026-09-02,2026,,NYJ,Chase Curtis,TE,IR,,sleeper
2026-09-02,2026,,WAS,Jacory Croskey-Merritt,RB,Questionable,,sleeper
2026-09-02,2026,,KC,L'Jarius Sneed,CB,Questionable,,sleeper
2026-09-02,2026,,CHI,Dallis Flowers,CB,IR,,sleeper
2026-09-02,2026,,MIN,J.J. McCarthy,QB,Questionable,,sleeper
2026-09-02,2026,,NYJ,Anez Cooper,G,IR,,sleeper
2026-09-02,2026,,GB,Javon Bullard,DB,Questionable,,sleeper
2026-09-02,2026,,KC,Jeff Caldwell,WR,IR,,sleeper
2026-09-02,2026,,WAS,Jordan Magee,LB,Questionable,,sleeper
2026-09-02,2026,,TEN,Dorian Mausi,LB,IR,,sleeper
2026-09-02,2026,,NYG,Thaddeus Dixon,CB,IR,,sleeper
2026-09-02,2026,,LV,Ashton Jeanty,RB,Questionable,,sleeper
2026-09-02,2026,,LV,Keyron Crawford,DE,IR,,sleeper
2026-09-02,2026,,SF,Luke Gifford,LB,Questionable,,sleeper
2026-09-02,2026,,MIA,Ben Sims,TE,IR,,sleeper
2026-09-02,2026,,NYG,Dru Phillips,DB,Questionable,,sleeper
2026-09-02,2026,,CAR,Ikem Ekwonu,T,PUP,,sleeper
2026-09-02,2026,,MIA,Ollie Gordon,RB,Questionable,,sleeper
2026-09-02,2026,,BUF,Jude Bowry,OT,Questionable,,sleeper
2026-09-02,2026,,WAS,Deatrich Wise,DE,PUP,,sleeper
2026-09-02,2026,,WAS,Curtis Jacobs,LB,IR,,sleeper
2026-09-02,2026,,NYG,Tyrone Tracy,RB,Questionable,,sleeper
2026-09-02,2026,,LAC,Tyler Biadasz,C,IR,,sleeper
2026-09-02,2026,,NO,Pete Werner,LB,Questionable,,sleeper
2026-09-02,2026,,DEN,Marvin Mims,WR,Questionable,,sleeper
2026-09-02,2026,,ATL,Jalon Walker,DL,IR,,sleeper
2026-09-02,2026,,ATL,Michael Penix,QB,Questionable,,sleeper
2026-09-02,2026,,TEN,Carnell Tate,WR,Questionable,,sleeper
2026-09-02,2026,,GB,Thomas Yassmin,TE,IR,,sleeper
2026-09-02,2026,,HOU,Jadeveon Clowney,DE,Questionable,,sleeper
2026-09-02,2026,,NYG,Colton Hood,DB,Questionable,,sleeper
2026-09-02,2026,,ARI,Jeremiyah Love,RB,Questionable,,sleeper
2026-09-02,2026,,NO,Devin Neal,RB,IR,,sleeper
2026-09-02,2026,,PIT,Will Howard,QB,Questionable,,sleeper
2026-09-02,2026,,DAL,DJ Rogers,TE,IR,,sleeper
2026-09-02,2026,,LAR,Shaun Dolac,LB,Questionable,,sleeper
2026-09-02,2026,,JAX,Bhayshul Tuten,RB,Questionable,,sleeper
2026-09-02,2026,,WAS,Drake Jackson,DL,IR,,sleeper
2026-09-02,2026,,ARI,Josh Minkins,DB,Questionable,,sleeper
2026-09-02,2026,,ARI,Kaleb Proctor,DT,IR,,sleeper
2026-09-02,2026,,JAX,Sam Mustipher,OL,IR,,sleeper
2026-09-02,2026,,NYG,Malik Nabers,WR,Questionable,,sleeper
2026-09-02,2026,,CHI,Xavier Woods,DB,Questionable,,sleeper
2026-09-02,2026,,PHI,Cooper DeJean,DB,Questionable,,sleeper
2026-09-02,2026,,NE,Julian Hill,TE,IR,,sleeper
2026-09-02,2026,,MIA,Jacob Rodriguez,LB,Questionable,,sleeper
2026-09-02,2026,,LAC,Denzel Perryman,LB,IR,,sleeper
2026-09-02,2026,,LAR,Davis Allen,TE,Questionable,,sleeper
2026-09-02,2026,,CIN,Dax Hill,DB,Questionable,,sleeper
2026-09-02,2026,,SF,Ephesians Prysock,CB,Questionable,,sleeper
2026-09-02,2026,,NE,Jimmy Kibble,WR,IR,,sleeper
2026-09-02,2026,,CHI,Austin Booker,DL,Questionable,,sleeper
2026-09-02,2026,,GB,Micah Parsons,LB,PUP,,sleeper
2026-09-02,2026,,MIA,Ronnie Harrison,DB,Questionable,,sleeper
2026-09-02,2026,,PHI,Jonathan Greenard,DE,PUP,,sleeper
2026-09-02,2026,,HOU,Brevin Jordan,TE,Questionable,,sleeper
2026-09-02,2026,,LV,Chase Roberts,WR,IR,,sleeper
2026-09-02,2026,,DEN,Matt Henningsen,DE,IR,,sleeper
2026-09-02,2026,,WAS,Malik Spencer,DB,IR,,sleeper
2026-09-02,2026,,CHI,Keyshaun Elliott,LB,Questionable,,sleeper
2026-09-02,2026,,CAR,Ryan Hayes,OL,IR,,sleeper
2026-09-02,2026,,NO,Cedric Tillman,WR,Questionable,,sleeper
2026-09-02,2026,,SF,George Kittle,TE,Questionable,,sleeper
2026-09-02,2026,,NO,Moliki Matavao,TE,IR,,sleeper
2026-09-02,2026,,TEN,Dominique Hampton,CB,IR,,sleeper
2026-09-02,2026,,SEA,Bud Clark,DB,IR,,sleeper
2026-09-02,2026,,SF,Kurtis Rourke,QB,Questionable,,sleeper
2026-09-02,2026,,SF,Austen Pleasants,OL,IR,,sleeper
2026-09-02,2026,,LAR,Zech McPhearson,CB,IR,,sleeper
2026-09-02,2026,,CAR,Trevor Etienne,RB,IR,,sleeper
2026-09-02,2026,,LV,Brennan Jackson,DE,IR,,sleeper
2026-09-02,2026,,LAR,Alaric Jackson,OL,Questionable,,sleeper
2026-09-02,2026,,CHI,Tyrique Stevenson,CB,Questionable,,sleeper
2026-09-02,2026,,BUF,Zane Durant,DT,IR,,sleeper
2026-09-02,2026,,CHI,Brittain Brown,RB,IR,,sleeper
2026-09-02,2026,,LAR,Eddie Walls,DL,IR,,sleeper
2026-09-02,2026,,LV,Dont'e Thornton,WR,IR,,sleeper
2026-09-02,2026,,CIN,Shemar Stewart,DL,Questionable,,sleeper
2026-09-02,2026,,NE,Jeremiah Webb,WR,IR,,sleeper
2026-09-02,2026,,NYG,Rico Payton,CB,IR,,sleeper
2026-09-02,2026,,GB,Carrington Valentine,DB,Questionable,,sleeper
2026-09-02,2026,,TEN,Jaylen Harrell,DE,IR,,sleeper
2026-09-02,2026,,KC,Kenneth Walker,RB,Questionable,,sleeper
2026-09-02,2026,,DET,Malcolm Rodriguez,LB,Questionable,,sleeper
2026-09-02,2026,,BAL,Jahquez Robinson,DB,IR,,sleeper
2026-09-02,2026,,NYG,Roy Robertson-Harris,DE,IR,,sleeper
2026-09-02,2026,,PIT,Jaquan Brisker,DB,Questionable,,sleeper
2026-09-02,2026,,KC,Chris Oladokun,QB,IR,,sleeper
2026-09-02,2026,,IND,Coleman Owen,WR,IR,,sleeper
2026-09-02,2026,,HOU,Ali Gaye,DE,IR,,sleeper
2026-09-02,2026,,NO,Quincy Riley,CB,Questionable,,sleeper
2026-09-02,2026,,GB,Luke Musgrave,TE,PUP,,sleeper
2026-09-02,2026,,DAL,Marist Liufau,LB,IR,,sleeper
2026-09-02,2026,,KC,Ashton Gillotte,DE,Questionable,,sleeper
2026-09-02,2026,,NO,Jordyn Tyson,WR,IR,,sleeper
2026-09-02,2026,,MIN,Caleb Tiernan,OT,Questionable,,sleeper
2026-09-02,2026,,CAR,Jaelan Phillips,LB,Questionable,,sleeper
2026-09-02,2026,,LAR,Daniel Rickert,DE,IR,,sleeper
2026-09-02,2026,,JAX,Keivie Rose,DL,IR,,sleeper
2026-09-02,2026,,HOU,Jaylin Noel,WR,Questionable,,sleeper
2026-09-02,2026,,PIT,DeShon Elliott,DB,IR,,sleeper
2026-09-02,2026,,KC,Matt Waletzko,OL,IR,,sleeper
2026-09-02,2026,,PIT,Ben Skowronek,WR,Questionable,,sleeper
2026-09-02,2026,,DEN,Frank Crum,OT,IR,,sleeper
2026-09-02,2026,,MIN,Jamal Adams,SS,IR,,sleeper
2026-09-02,2026,,LV,Chigozie Anusiem,CB,IR,,sleeper
2026-09-02,2026,,CHI,Kyle Monangai,RB,Questionable,,sleeper
2026-09-02,2026,,LAR,Matthew Caldwell,QB,IR,,sleeper
2026-09-02,2026,,LAC,Scott Matlock,DT,IR,,sleeper
2026-09-02,2026,,SF,Upton Stout,CB,Questionable,,sleeper
2026-09-02,2026,,WAS,Jer'Zhan Newton,DL,IR,,sleeper
2026-09-02,2026,,CHI,Jonathan Garvin,LB,IR,,sleeper
2026-09-02,2026,,TEN,Milo Eifler,LB,IR,,sleeper
2026-09-02,2026,,CAR,Jonathon Brooks,RB,Questionable,,sleeper
2026-09-02,2026,,MIN,Kenny Dyson,LB,IR,,sleeper
2026-09-02,2026,,SEA,Tory Horton,WR,Questionable,,sleeper
2026-09-02,2026,,MIN,Tyreek Chappell,CB,IR,,sleeper
2026-09-02,2026,,PIT,Jalen Ramsey,CB,Questionable,,sleeper
2026-09-02,2026,,DET,Damone Clark,LB,IR,,sleeper
2026-09-02,2026,,CHI,Kyler Gordon,DB,PUP,,sleeper
2026-09-02,2026,,ATL,Darren Hall,CB,IR,,sleeper
2026-09-02,2026,,IND,Sauce Gardner,DB,Questionable,,sleeper
2026-09-02,2026,,WAS,Nick Allegretti,G,Questionable,,sleeper
2026-09-02,2026,,WAS,Jacoby Jones,WR,IR,,sleeper
2026-09-02,2026,,PIT,Cole Burgess,WR,IR,,sleeper
2026-09-02,2026,,NE,Harold Landry,LB,PUP,,sleeper
2026-09-02,2026,,SF,Christian Kirk,WR,IR,,sleeper
2026-09-02,2026,,HOU,Dylan Horton,DL,IR,,sleeper
2026-09-02,2026,,NYG,Jarrick Bernard-Converse,CB,IR,,sleeper
2026-09-02,2026,,TB,David Sills,WR,IR,,sleeper
2026-09-02,2026,,DAL,Matt Hennessy,OL,IR,,sleeper
2026-09-02,2026,,PIT,Daequan Hardy,CB,IR,,sleeper
2026-09-02,2026,,NO,Barry Wesley,OL,IR,,sleeper
2026-09-02,2026,,IND,Carson Towt,TE,IR,,sleeper
2026-09-02,2026,,TB,Xavier Williams,DB,IR,,sleeper
2026-09-02,2026,,NO,Kendre Miller,RB,Questionable,,sleeper
2026-09-02,2026,,CAR,Derrick Brown,DT,Questionable,,sleeper
2026-09-02,2026,,NO,Jaylan Ford,LB,IR,,sleeper
2026-09-02,2026,,PHI,Byron Young,DL,Questionable,,sleeper
2026-09-02,2026,,HOU,Graham Mertz,QB,IR,,sleeper
2026-09-02,2026,,SF,Keion White,DL,Questionable,,sleeper
2026-09-02,2026,,CHI,Noah Sewell,LB,PUP,,sleeper
2026-09-02,2026,,NYG,Korie Black,CB,IR,,sleeper
2026-09-02,2026,,MIN,Jacob Roberts,LB,IR,,sleeper
2026-09-02,2026,,CLE,Dillon Gabriel,QB,IR,,sleeper
2026-09-02,2026,,NO,Ty Chandler,RB,IR,,sleeper
2026-09-02,2026,,CLE,Damarri Mathis,DB,IR,,sleeper
2026-09-02,2026,,CAR,Xavier Legette,WR,Questionable,,sleeper
2026-09-02,2026,,CHI,Jaylon Johnson,DB,Questionable,,sleeper
2026-09-02,2026,,BUF,Keon Coleman,WR,Questionable,,sleeper
2026-09-02,2026,,LV,Justin Shorter,WR,IR,,sleeper
2026-09-02,2026,,TEN,Keldric Faulk,DL,Questionable,,sleeper
2026-09-02,2026,,SEA,Brandon Pili,DT,Questionable,,sleeper
2026-09-02,2026,,PHI,Ja'Quinden Jackson,RB,IR,,sleeper
2026-09-02,2026,,HOU,Jayden Higgins,WR,IR,,sleeper
2026-09-02,2026,,SF,Gracen Halton,DT,Questionable,,sleeper
2026-09-02,2026,,BUF,Tyrell Shavers,WR,PUP,,sleeper
2026-09-02,2026,,LAR,Keir Thomas,DE,IR,,sleeper
2026-09-02,2026,,DET,Mekhi Wingo,DT,Questionable,,sleeper
2026-09-02,2026,,DEN,Michael Woods,WR,Questionable,,sleeper
2026-09-02,2026,,NO,Dillon Radunz,OL,IR,,sleeper
2026-09-02,2026,,SF,Victor Dimukeje,LB,IR,,sleeper
2026-09-02,2026,,NYG,Paulson Adebo,CB,Questionable,,sleeper
2026-09-02,2026,,IND,D.J. Montgomery,WR,IR,,sleeper
2026-09-02,2026,,CLE,Isaiah Bond,WR,Questionable,,sleeper
2026-09-02,2026,,WAS,K'Lavon Chaisson,LB,Questionable,,sleeper
2026-09-02,2026,,CLE,Jeremiah Owusu-Koramoah,LB,PUP,,sleeper
2026-09-02,2026,,CIN,Myles Murphy,DL,Questionable,,sleeper
2026-09-02,2026,,ATL,Keshawn Banks,LB,IR,,sleeper
2026-09-02,2026,,NYJ,Tre Brown,CB,IR,,sleeper
2026-09-02,2026,,IND,Josh Downs,WR,Questionable,,sleeper
2026-09-02,2026,,TEN,Kalel Mullings,RB,Questionable,,sleeper
2026-09-02,2026,,BUF,Ty Johnson,RB,Questionable,,sleeper
2026-09-02,2026,,NYJ,Connor Hulstein,TE,IR,,sleeper
2026-09-02,2026,,DET,Jimmy Rolder,LB,Questionable,,sleeper
2026-09-02,2026,,JAX,LeQuint Allen,RB,Questionable,,sleeper
2026-09-02,2026,,DET,Derrick Moore,DE,Questionable,,sleeper
2026-09-02,2026,,BAL,Zay Flowers,WR,Questionable,,sleeper
2026-09-02,2026,,NE,Eric Butler,DB,IR,,sleeper
2026-09-02,2026,,CHI,Jaylon Jones,CB,IR,,sleeper
2026-09-02,2026,,GB,Marlon Jones,CB,IR,,sleeper
2026-09-02,2026,,WAS,Quentin Moore,TE,IR,,sleeper
2026-09-02,2026,,NO,Lorenzo Styles,DB,IR,,sleeper
2026-09-02,2026,,TEN,Wan'Dale Robinson,WR,Questionable,,sleeper
2026-09-02,2026,,CHI,Hayden Large,TE,IR,,sleeper
2026-09-02,2026,,TB,Dennis Houston,WR,Questionable,,sleeper
2026-09-02,2026,,JAX,Jared Bartlett,LB,IR,,sleeper
2026-09-02,2026,,JAX,Carter Bradley,QB,IR,,sleeper
2026-09-02,2026,,LV,Carter Runyon,TE,IR,,sleeper
2026-09-02,2026,,NYJ,Joseph Ossai,DE,Questionable,,sleeper
2026-09-02,2026,,SF,Kyle Juszczyk,FB,Questionable,,sleeper
2026-09-02,2026,,SF,Vederian Lowe,OT,Questionable,,sleeper
2026-09-02,2026,,NO,John Ridgeway,DL,Questionable,,sleeper
2026-09-02,2026,,CAR,Chuba Hubbard,RB,Questionable,,sleeper
2026-09-02,2026,,CLE,Kendrick Green,C,IR,,sleeper
2026-09-02,2026,,NO,Michael Heldman,DE,IR,,sleeper
2026-09-02,2026,,DAL,Princeton Fant,TE,IR,,sleeper
2026-09-02,2026,,CHI,Ray-Ray McCloud,WR,IR,,sleeper
2026-09-02,2026,,SF,Mikail Kamara,DE,IR,,sleeper
2026-09-02,2026,,PHI,Tucker Large,DB,PUP,,sleeper
2026-09-02,2026,,GB,Warren Brinson,DL,Questionable,,sleeper
2026-09-02,2026,,BUF,Phidarian Mathis,DL,Suspended,,sleeper
2026-09-02,2026,,SF,Nick Bosa,DE,Questionable,,sleeper
2026-09-02,2026,,MIA,Carter Warren,OL,IR,,sleeper
2026-09-02,2026,,NYJ,Dominic Richardson,RB,IR,,sleeper
2026-09-02,2026,,DEN,Michael Deiter,OL,IR,,sleeper
2026-09-02,2026,,CHI,Coby Bryant,DB,IR,,sleeper
2026-09-02,2026,,BUF,Jedrick Wills,OT,Questionable,,sleeper
2026-09-02,2026,,IND,Cam Taylor-Britt,DB,Suspended,,sleeper
2026-09-02,2026,,MIA,Will Kacmarek,TE,Questionable,,sleeper
2026-09-02,2026,,SEA,Mason Richman,OL,IR,,sleeper
2026-09-02,2026,,HOU,Sam Hagen,OL,IR,,sleeper
2026-09-02,2026,,CHI,Shemar Turner,DE,PUP,,sleeper
2026-09-02,2026,,NO,Alvin Kamara,RB,Questionable,,sleeper
2026-09-02,2026,,NO,Bryan Bresee,DT,IR,,sleeper
2026-09-02,2026,,ARI,Tip Reiman,TE,PUP,,sleeper
2026-09-02,2026,,NO,Oscar Delp,TE,Questionable,,sleeper
2026-09-02,2026,,NYJ,Qwan'tez Stiggers,CB,Questionable,,sleeper
2026-09-02,2026,,NO,Cameron Jordan,DE,Questionable,,sleeper
2026-09-02,2026,,HOU,Ja'Marcus Ingram,CB,IR,,sleeper
2026-09-02,2026,,JAX,Garrett DiGiorgio,G,IR,,sleeper
2026-09-02,2026,,SEA,Emanuel Wilson,RB,Questionable,,sleeper
2026-09-02,2026,,GB,Trey Dean,DB,IR,,sleeper
2026-09-02,2026,,NYJ,Da'Quan Felton,WR,Questionable,,sleeper
2026-09-02,2026,,HOU,Tank Dell,WR,IR,,sleeper
2026-09-02,2026,,CAR,Tyrek Funderburk,CB,IR,,sleeper
2026-09-02,2026,,LAR,Justin Dedich,OL,IR,,sleeper
2026-09-02,2026,,WAS,Marcus Mariota,QB,Questionable,,sleeper
2026-09-02,2026,,MIA,Cole Turner,TE,IR,,sleeper
2026-09-02,2026,,KC,EJ Smith,RB,IR,,sleeper
2026-09-02,2026,,LV,Chris Collier,RB,IR,,sleeper
2026-09-02,2026,,TEN,Nazeeh Johnson,DB,Questionable,,sleeper
2026-09-02,2026,,DET,D.J. Reed,CB,Questionable,,sleeper
2026-09-02,2026,,CHI,Nephi Sewell,LB,IR,,sleeper
2026-09-02,2026,,SF,Brett Toth,OL,IR,,sleeper
2026-09-02,2026,,MIN,Jeshaun Jones,WR,Suspended,,sleeper
2026-09-02,2026,,CLE,Joe Royer,TE,PUP,,sleeper
2026-09-02,2026,,CAR,Brady Christensen,T,IR,,sleeper
2026-09-02,2026,,PIT,Jack Driscoll,T,IR,,sleeper
2026-09-02,2026,,LAR,Keagen Trost,OL,IR,,sleeper
2026-09-02,2026,,LAC,Isaiah World,OT,PUP,,sleeper
2026-09-02,2026,,SEA,Zach Charbonnet,RB,PUP,,sleeper
2026-09-02,2026,,CHI,Ruben Hyppolite,LB,IR,,sleeper
2026-09-02,2026,,MIA,Storm Duck,CB,PUP,,sleeper
2026-09-02,2026,,BUF,Dorian Strong,CB,PUP,,sleeper
2026-09-02,2026,,BUF,Terrel Bernard,LB,Questionable,,sleeper
2026-09-02,2026,,CLE,Elijah Chatman,DT,IR,,sleeper
2026-09-02,2026,,PHI,Jonathan Jones,DB,Questionable,,sleeper
2026-09-02,2026,,LAR,Alex Johnson,CB,IR,,sleeper
2026-09-02,2026,,ATL,Storm Norton,T,PUP,,sleeper
2026-09-02,2026,,WAS,Trey Amos,DB,IR,,sleeper
2026-09-02,2026,,NO,Nick Saldiveri,OL,PUP,,sleeper
2026-09-02,2026,,HOU,K.C. Ossai,LB,IR,,sleeper
2026-09-02,2026,,LAR,Kobie Turner,DT,Questionable,,sleeper
2026-09-02,2026,,NE,Brenden Schooler,DB,PUP,,sleeper
2026-09-02,2026,,ATL,Beaux Collins,WR,IR,,sleeper
2026-09-02,2026,,LAC,Rashawn Slater,T,Questionable,,sleeper
2026-09-02,2026,,PIT,Michael Pittman,WR,Questionable,,sleeper
2026-09-02,2026,,GB,Johnathan Baldwin,DB,IR,,sleeper
2026-09-02,2026,,SF,Nick Zakelj,OL,IR,,sleeper
2026-09-02,2026,,DEN,Riley Moss,DB,Questionable,,sleeper
2026-09-02,2026,,PIT,DK Metcalf,WR,Questionable,,sleeper
2026-09-02,2026,,IND,AJ Haulcy,DB,Questionable,,sleeper
2026-09-02,2026,,NYJ,Breece Hall,RB,Questionable,,sleeper
2026-09-02,2026,,ARI,Jameson Geers,TE,IR,,sleeper
2026-09-02,2026,,WAS,John Bates,TE,Questionable,,sleeper
2026-09-02,2026,,SF,Dominick Puni,OL,Questionable,,sleeper
2026-09-02,2026,,CAR,Nic Scourton,DL,IR,,sleeper
2026-09-02,2026,,WAS,T.J. Maguranyanga,DE,IR,,sleeper
2026-09-02,2026,,TEN,Tanoh Kpassagnon,DE,IR,,sleeper
2026-09-02,2026,,BUF,Michael Hoecht,DT,Questionable,,sleeper
2026-09-02,2026,,IND,Cameron Mitchell,DB,IR,,sleeper
2026-09-02,2026,,MIA,Zach Sieler,DT,Questionable,,sleeper
2026-09-02,2026,,IND,Charvarius Ward,CB,Questionable,,sleeper
2026-09-02,2026,,TB,Josh Hayes,CB,IR,,sleeper
2026-09-02,2026,,DET,Kendrick Law,WR,IR,,sleeper
2026-09-14,2026,1.0,ARI,Josh Sweat,LB,,Full Participation in Practice,nflverse
2026-09-14,2026,1.0,ARI,Blake Gillikin,P,,Full Participation in Practice,nflverse
2026-09-14,2026,1.0,ARI,Garrett Williams,CB,Out,Limited Participation in Practice,nflverse
2026-09-14,2026,1.0,ARI,Isaiah Adams,G,Out,Did Not Participate In Practice,nflverse
2026-09-14,2026,1.0,ARI,Dadrion Taylor-Demerson,S,Out,Did Not Participate In Practice,nflverse
2026-09-14,2026,1.0,ARI,Will Johnson,CB,,Full Participation in Practice,nflverse
2026-09-14,2026,1.0,ARI,Jeremiyah Love,RB,Questionable,Limited Participation in Practice,nflverse
2026-09-14,2026,1.0,ATL,Jake Matthews,T,,Did Not Participate In Practice,nflverse
2026-09-14,2026,1.0,ATL,Za'Darius Smith,DE,Questionable,Full Participation in Practice,nflverse
2026-09-14,2026,1.0,ATL,Da'Shawn Hand,DT,,Full Participation in Practice,nflverse
2026-09-14,2026,1.0,ATL,Jawaan Taylor,T,,Full Participation in Practice,nflverse
2026-09-14,2026,1.0,ATL,Tua Tagovailoa,QB,Out,Did Not Participate In Practice,nflverse
2026-09-14,2026,1.0,ATL,Kyle Hinton,G,,Full Participation in Practice,nflverse
2026-09-14,2026,1.0,ATL,Brandon Dorlus,DT,,Full Participation in Practice,nflverse
2026-09-14,2026,1.0,ATL,Michael Penix Jr.,QB,Out,Full Participation in Practice,nflverse
2026-09-14,2026,1.0,ATL,Billy Bowman Jr.,CB,Out,Limited Participation in Practice,nflverse
2026-09-14,2026,1.0,ATL,Cameron Williams,T,Out,Did Not Participate In Practice,nflverse
2026-09-14,2026,1.0,ATL,Zachariah Branch,WR,,Full Participation in Practice,nflverse
2026-09-14,2026,1.0,ATL,Kendal Daniels,LB,,Full Participation in Practice,nflverse
2026-09-14,2026,1.0,BAL,Calais Campbell,DE,,Did Not Participate In Practice,nflverse
2026-09-14,2026,1.0,BAL,Nnamdi Madubuike,DT,Out,Limited Participation in Practice,nflverse
2026-09-14,2026,1.0,BAL,Zay Flowers,WR,,Full Participation in Practice,nflverse
2026-09-14,2026,1.0,BAL,Devontez Walker,WR,Questionable,Limited Participation in Practice,nflverse
2026-09-14,2026,1.0,BAL,Teddye Buchanan,LB,Out,Limited Participation in Practice,nflverse
2026-09-14,2026,1.0,BUF,Ty Johnson,RB,Questionable,Limited Participation in Practice,nflverse
2026-09-14,2026,1.0,BUF,Jordan Hancock,CB,Questionable,Full Participation in Practice,nflverse
2026-09-14,2026,1.0,BUF,T.J. Sanders,DE,Questionable,Limited Participation in Practice,nflverse
2026-09-14,2026,1.0,CAR,Bobby Brown III,DT,,Full Participation in Practice,nflverse
2026-09-14,2026,1.0,CAR,Patrick Jones II,LB,Out,Did Not Participate In Practice,nflverse
2026-09-14,2026,1.0,CAR,Jonathon Brooks,RB,,Full Participation in Practice,nflverse
2026-09-14,2026,1.0,CHI,Grady Jarrett,DT,,Full Participation in Practice,nflverse
2026-09-14,2026,1.0,CHI,Joe Thuney,G,,Full Participation in Practice,nflverse
2026-09-14,2026,1.0,CHI,Xavier Woods,S,Questionable,Limited Participation in Practice,nflverse
2026-09-14,2026,1.0,CHI,Tyson Bagent,QB,Questionable,Did Not Participate In Practice,nflverse
2026-09-14,2026,1.0,CHI,Rome Odunze,WR,Questionable,Limited Participation in Practice,nflverse
2026-09-14,2026,1.0,CHI,Ozzy Trapilo,T,Questionable,Limited Participation in Practice,nflverse
2026-09-14,2026,1.0,CIN,Jonathan Allen,DT,,Full Participation in Practice,nflverse
2026-09-14,2026,1.0,CIN,B.J. Hill,DT,,Full Participation in Practice,nflverse
2026-09-14,2026,1.0,CIN,Dexter Lawrence,DT,,Did Not Participate In Practice,nflverse
2026-09-14,2026,1.0,CIN,Tee Higgins,WR,,Full Participation in Practice,nflverse
2026-09-14,2026,1.0,CIN,Ja'Marr Chase,WR,,Did Not Participate In Practice,nflverse
2026-09-14,2026,1.0,CIN,DJ Turner II,CB,,Limited Participation in Practice,nflverse
2026-09-14,2026,1.0,CIN,Shemar Stewart,DE,Doubtful,Did Not Participate In Practice,nflverse
2026-09-14,2026,1.0,CLE,Maliek Collins,DT,,Limited Participation in Practice,nflverse
2026-09-14,2026,1.0,CLE,Teven Jenkins,G,Out,Did Not Participate In Practice,nflverse
2026-09-14,2026,1.0,CLE,Carson Schwesinger,LB,,Full Participation in Practice,nflverse
2026-09-14,2026,1.0,CLE,Parker Brailsford,C,Questionable,Limited Participation in Practice,nflverse
2026-09-14,2026,1.0,DAL,Jonathan Bullard,DT,,Full Participation in Practice,nflverse
2026-09-14,2026,1.0,DAL,Malik Davis,RB,Out,Limited Participation in Practice,nflverse
2026-09-14,2026,1.0,DAL,Luke Schoonmaker,TE,,Did Not Participate In Practice,nflverse
2026-09-14,2026,1.0,DAL,Ajani Cornelius,T,,Full Participation in Practice,nflverse
2026-09-14,2026,1.0,DEN,Marvin Mims Jr.,WR,,Full Participation in Practice,nflverse
2026-09-14,2026,1.0,DET,Trevor Nowaske,LB,,Full Participation in Practice,nflverse
2026-09-14,2026,1.0,DET,Christian Izien,S,Questionable,Limited Participation in Practice,nflverse
2026-09-14,2026,1.0,DET,Mekhi Wingo,DT,,Full Participation in Practice,nflverse
2026-09-14,2026,1.0,DET,Thomas Harper,S,,Full Participation in Practice,nflverse
2026-09-14,2026,1.0,DET,Ennis Rakestraw Jr.,CB,,Full Participation in Practice,nflverse
2026-09-14,2026,1.0,DET,Derrick Moore,DE,,Full Participation in Practice,nflverse
2026-09-14,2026,1.0,DET,Jimmy Rolder,LB,,Full Participation in Practice,nflverse
2026-09-14,2026,1.0,DET,Keith Abney II,CB,,Full Participation in Practice,nflverse
2026-09-14,2026,1.0,GB,Javon Hargrave,DT,,Limited Participation in Practice,nflverse
2026-09-14,2026,1.0,GB,Aaron Banks,G,Questionable,Limited Participation in Practice,nflverse
2026-09-14,2026,1.0,GB,Devonte Wyatt,DT,,Limited Participation in Practice,nflverse
2026-09-14,2026,1.0,GB,Zach Bako-Bewele,T,Questionable,Limited Participation in Practice,nflverse
2026-09-14,2026,1.0,GB,Ty'Ron Hopper,LB,Questionable,Limited Participation in Practice,nflverse
2026-09-14,2026,1.0,GB,Jordan Morgan,T,,Full Participation in Practice,nflverse
2026-09-14,2026,1.0,GB,Barryn Sorrell,LB,,Limited Participation in Practice,nflverse
2026-09-14,2026,1.0,GB,Warren Brinson,DT,Out,Did Not Participate In Practice,nflverse
2026-09-14,2026,1.0,HOU,Trent Brown,T,,Full Participation in Practice,nflverse
2026-09-14,2026,1.0,HOU,Will Anderson Jr.,DE,,Did Not Participate In Practice,nflverse
2026-09-14,2026,1.0,HOU,Kayden McDonald,DT,,Did Not Participate In Practice,nflverse
2026-09-14,2026,1.0,HOU,Wade Woodaz,LB,,Full Participation in Practice,nflverse
2026-09-14,2026,1.0,IND,DeForest Buckner,DT,,Did Not Participate In Practice,nflverse
2026-09-14,2026,1.0,IND,Grover Stewart,DT,,Full Participation in Practice,nflverse
2026-09-14,2026,1.0,IND,Charvarius Ward,CB,,Limited Participation in Practice,nflverse
2026-09-14,2026,1.0,IND,Andrew Ogletree,TE,,Full Participation in Practice,nflverse
2026-09-14,2026,1.0,IND,Alec Pierce,WR,,Limited Participation in Practice,nflverse
2026-09-14,2026,1.0,IND,Anthony Richardson,QB,,Full Participation in Practice,nflverse
2026-09-14,2026,1.0,IND,Austin Ajiake,LB,Out,Did Not Participate In Practice,nflverse
2026-09-14,2026,1.0,IND,Sedrick Van Pran-Granger,C,,Full Participation in Practice,nflverse
2026-09-14,2026,1.0,IND,A.J. Haulcy,S,,Full Participation in Practice,nflverse
2026-09-14,2026,1.0,JAX,Jakobi Meyers,WR,,Limited Participation in Practice,nflverse
2026-09-14,2026,1.0,JAX,Cole Van Lanen,T,,Limited Participation in Practice,nflverse
2026-09-14,2026,1.0,JAX,Anton Harrison,T,,Did Not Participate In Practice,nflverse
2026-09-14,2026,1.0,JAX,LeQuint Allen Jr.,RB,Questionable,Limited Participation in Practice,nflverse
2026-09-14,2026,1.0,KC,Chris Jones,DT,,Did Not Participate In Practice,nflverse
2026-09-14,2026,1.0,KC,Patrick Mahomes,QB,,Full Participation in Practice,nflverse
2026-09-14,2026,1.0,KC,L'Jarius Sneed,CB,,Limited Participation in Practice,nflverse
2026-09-14,2026,1.0,KC,Trey Smith,G,,Full Participation in Practice,nflverse
2026-09-14,2026,1.0,KC,Jack Cochrane,LB,,Full Participation in Practice,nflverse
2026-09-14,2026,1.0,KC,Chamarri Conner,S,Out,Did Not Participate In Practice,nflverse
2026-09-14,2026,1.0,KC,Rashee Rice,WR,,Full Participation in Practice,nflverse
2026-09-14,2026,1.0,KC,Xavier Worthy,WR,,Full Participation in Practice,nflverse
2026-09-14,2026,1.0,KC,Josh Simmons,T,Out,Did Not Participate In Practice,nflverse
2026-09-14,2026,1.0,KC,Ashton Gillotte,DE,,Full Participation in Practice,nflverse
2026-09-14,2026,1.0,KC,R Mason Thomas,DE,,Full Participation in Practice,nflverse
2026-09-14,2026,1.0,LAR,Aaron Donald,DE,Out,Did Not Participate In Practice,nflverse
2026-09-14,2026,1.0,LAR,Tyler Higbee,TE,,Full Participation in Practice,nflverse
2026-09-14,2026,1.0,LAR,Myles Garrett,LB,,Full Participation in Practice,nflverse
2026-09-14,2026,1.0,LAR,Alaric Jackson,T,,Full Participation in Practice,nflverse
2026-09-14,2026,1.0,LAR,Grant Stuard,LB,,Full Participation in Practice,nflverse
2026-09-14,2026,1.0,LAR,Jaylen Watson,CB,,Full Participation in Practice,nflverse
2026-09-14,2026,1.0,LAR,Byron Young,LB,,Full Participation in Practice,nflverse
2026-09-14,2026,1.0,LAC,Khalil Mack,DE,,Full Participation in Practice,nflverse
2026-09-14,2026,1.0,LAC,Deane Leonard,CB,Out,Did Not Participate In Practice,nflverse
2026-09-14,2026,1.0,LAC,Keaton Mitchell,RB,,Full Participation in Practice,nflverse
2026-09-14,2026,1.0,LAC,Tuli Tuipulotu,DE,Questionable,Limited Participation in Practice,nflverse
2026-09-14,2026,1.0,LAC,R.J. Mickens,S,,Full Participation in Practice,nflverse
2026-09-14,2026,1.0,LAC,Brenen Thompson,WR,,Full Participation in Practice,nflverse
2026-09-14,2026,1.0,LV,Brock Bowers,TE,Out,Did Not Participate In Practice,nflverse
2026-09-14,2026,1.0,LV,Ashton Jeanty,RB,,Full Participation in Practice,nflverse
2026-09-14,2026,1.0,MIA,Ronnie Harrison,LB,,Full Participation in Practice,nflverse
2026-09-14,2026,1.0,MIA,Dante Trader Jr.,S,,Full Participation in Practice,nflverse
2026-09-14,2026,1.0,MIA,Will Kacmarek,TE,,Full Participation in Practice,nflverse
2026-09-14,2026,1.0,MIA,Seydou Traore,TE,,Full Participation in Practice,nflverse
2026-09-14,2026,1.0,MIN,Harrison Smith,S,,Limited Participation in Practice,nflverse
2026-09-14,2026,1.0,MIN,Christian Darrisaw,T,,Did Not Participate In Practice,nflverse
2026-09-14,2026,1.0,MIN,Caleb Tiernan,T,,Full Participation in Practice,nflverse
2026-09-14,2026,1.0,MIN,Jakobe Thomas,S,,Full Participation in Practice,nflverse
2026-09-14,2026,1.0,MIN,Jacob Thomas,S,,Full Participation in Practice,nflverse
2026-09-14,2026,1.0,NE,Christian Barmore,DT,,Full Participation in Practice,nflverse
2026-09-14,2026,1.0,NE,Ben Brown,C,Out,Did Not Participate In Practice,nflverse
2026-09-14,2026,1.0,NE,TreVeyon Henderson,RB,Out,Did Not Participate In Practice,nflverse
2026-09-14,2026,1.0,NO,Cameron Jordan,LB,Out,Limited Participation in Practice,nflverse
2026-09-14,2026,1.0,NO,Davon Godchaux,DT,,Full Participation in Practice,nflverse
2026-09-14,2026,1.0,NO,Alvin Kamara,RB,Questionable,Full Participation in Practice,nflverse
2026-09-14,2026,1.0,NO,Audric Estimé,RB,Out,Did Not Participate In Practice,nflverse
2026-09-14,2026,1.0,NO,Oscar Delp,TE,Out,Did Not Participate In Practice,nflverse
2026-09-14,2026,1.0,NYG,Shelby Harris,DT,,Full Participation in Practice,nflverse
2026-09-14,2026,1.0,NYG,Patrick Ricard,FB,,Full Participation in Practice,nflverse
2026-09-14,2026,1.0,NYG,Andrew Thomas,T,,Full Participation in Practice,nflverse
2026-09-14,2026,1.0,NYG,Malik Nabers,WR,Questionable,Full Participation in Practice,nflverse
2026-09-14,2026,1.0,NYG,Bryan Hudson,C,,Full Participation in Practice,nflverse
2026-09-14,2026,1.0,NYG,Theo Johnson,TE,,Full Participation in Practice,nflverse
2026-09-14,2026,1.0,NYJ,Tim Patrick,WR,Out,Did Not Participate In Practice,nflverse
2026-09-14,2026,1.0,NYJ,Kene Nwangwu,RB,Doubtful,Did Not Participate In Practice,nflverse
2026-09-14,2026,1.0,NYJ,Joseph Ossai,DE,Out,Did Not Participate In Practice,nflverse
2026-09-14,2026,1.0,NYJ,Breece Hall,RB,,Full Participation in Practice,nflverse
2026-09-14,2026,1.0,NYJ,Isaiah Davis,RB,,Full Participation in Practice,nflverse
2026-09-14,2026,1.0,NYJ,Kenyon Sadiq,TE,,Full Participation in Practice,nflverse
2026-09-14,2026,1.0,NYJ,D'Angelo Ponds,CB,Doubtful,Limited Participation in Practice,nflverse
2026-09-14,2026,1.0,PHI,Jonathan Greenard,LB,Out,Limited Participation in Practice,nflverse
2026-09-14,2026,1.0,PHI,Eli Stowers,TE,Out,Limited Participation in Practice,nflverse
2026-09-14,2026,1.0,PIT,Joey Porter Jr.,CB,Questionable,Limited Participation in Practice,nflverse
2026-09-14,2026,1.0,SEA,Josh Jones,T,,Limited Participation in Practice,nflverse
2026-09-14,2026,1.0,SEA,Ty Okada,S,Out,Did Not Participate In Practice,nflverse
2026-09-14,2026,1.0,SEA,Emanuel Wilson,RB,,Full Participation in Practice,nflverse
2026-09-14,2026,1.0,SEA,Anthony Bradford,G,,Full Participation in Practice,nflverse
2026-09-14,2026,1.0,SEA,AJ Barner,TE,,Full Participation in Practice,nflverse
2026-09-14,2026,1.0,SEA,Tory Horton,WR,Questionable,Limited Participation in Practice,nflverse
2026-09-14,2026,1.0,SEA,Nick Emmanwori,S,Questionable,Limited Participation in Practice,nflverse
2026-09-14,2026,1.0,SEA,Julian Neal,CB,,Full Participation in Practice,nflverse
2026-09-14,2026,1.0,SF,Kyle Juszczyk,FB,,Limited Participation in Practice,nflverse
2026-09-14,2026,1.0,SF,George Kittle,TE,,Limited Participation in Practice,nflverse
2026-09-14,2026,1.0,SF,Dre Greenlaw,LB,,Full Participation in Practice,nflverse
2026-09-14,2026,1.0,SF,Luke Gifford,LB,,Full Participation in Practice,nflverse
2026-09-14,2026,1.0,SF,Nick Bosa,DE,,Limited Participation in Practice,nflverse
2026-09-14,2026,1.0,SF,Renardo Green,CB,,Full Participation in Practice,nflverse
2026-09-14,2026,1.0,SF,Upton Stout,CB,,Full Participation in Practice,nflverse
2026-09-14,2026,1.0,SF,Alfred Collins,DT,Out,Did Not Participate In Practice,nflverse
2026-09-14,2026,1.0,SF,James Thompson Jr.,DT,Questionable,Limited Participation in Practice,nflverse
2026-09-14,2026,1.0,SF,Romello Height,DE,,Full Participation in Practice,nflverse
2026-09-14,2026,1.0,SF,Gracen Halton,DT,,Full Participation in Practice,nflverse
2026-09-14,2026,1.0,TB,Justin Skule,T,Doubtful,Limited Participation in Practice,nflverse
2026-09-14,2026,1.0,TB,Christian Rozeboom,LB,Questionable,Limited Participation in Practice,nflverse
2026-09-14,2026,1.0,TB,Sean Tucker,RB,Doubtful,Limited Participation in Practice,nflverse
2026-09-14,2026,1.0,TB,Jalen McMillan,WR,Doubtful,Limited Participation in Practice,nflverse
2026-09-14,2026,1.0,TB,Emeka Egbuka,WR,,Full Participation in Practice,nflverse
2026-09-14,2026,1.0,TB,Rueben Bain Jr.,LB,,Full Participation in Practice,nflverse
2026-09-14,2026,1.0,TB,Billy Schrauth,G,,Full Participation in Practice,nflverse
2026-09-14,2026,1.0,TEN,Cedric Gray,LB,Out,Did Not Participate In Practice,nflverse
2026-09-14,2026,1.0,TEN,Keldric Faulk,DE,,Full Participation in Practice,nflverse
2026-09-14,2026,1.0,WAS,Marcus Mariota,QB,,Full Participation in Practice,nflverse
2026-09-14,2026,1.0,WAS,Daron Payne,DT,,Limited Participation in Practice,nflverse
2026-09-14,2026,1.0,WAS,Nick Allegretti,C,,Full Participation in Practice,nflverse
2026-09-14,2026,1.0,WAS,Charles Omenihu,DE,,Full Participation in Practice,nflverse
2026-09-14,2026,1.0,WAS,Javon Kinlaw,DT,,Full Participation in Practice,nflverse
2026-09-14,2026,1.0,WAS,K'Lavon Chaisson,LB,,Limited Participation in Practice,nflverse
2026-09-14,2026,1.0,WAS,Odafe Oweh,LB,,Limited Participation in Practice,nflverse
2026-09-14,2026,1.0,WAS,Jordan Magee,LB,,Full Participation in Practice,nflverse
2026-09-14,2026,1.0,WAS,Ben Sinnott,TE,,Full Participation in Practice,nflverse
2026-09-14,2026,1.0,WAS,Jacory Croskey-Merritt,RB,,Limited Participation in Practice,nflverse
2026-09-14,2026,1.0,ARI,Trey Benson,RB,IR,,sleeper
2026-09-14,2026,1.0,ARI,Chase Bisontis,G,IR,,sleeper
2026-09-14,2026,1.0,ARI,James Conner,RB,IR,,sleeper
2026-09-14,2026,1.0,ARI,Zach Carter,DL,IR,,sleeper
2026-09-14,2026,1.0,ARI,Carson Beck,QB,Out,,sleeper
2026-09-14,2026,1.0,ARI,Joey Blount,DB,IR,,sleeper
2026-09-14,2026,1.0,ARI,Kaleb Proctor,DT,IR,,sleeper
2026-09-14,2026,1.0,ARI,Kitan Crawford,DB,Questionable,,sleeper
2026-09-14,2026,1.0,ARI,Reggie Virgil,WR,Out,,sleeper
2026-09-14,2026,1.0,ARI,Andrew Billings,DT,Out,,sleeper
2026-09-14,2026,1.0,ARI,Tip Reiman,TE,PUP,,sleeper
2026-09-14,2026,1.0,ARI,Jameson Geers,TE,IR,,sleeper
2026-09-14,2026,1.0,ATL,JD Bertrand,LB,IR,,sleeper
2026-09-14,2026,1.0,ATL,Anterio Thompson,DT,PUP,,sleeper
2026-09-14,2026,1.0,ATL,Trey Sermon,RB,IR,,sleeper
2026-09-14,2026,1.0,ATL,Chris Lindstrom,G,Questionable,,sleeper
2026-09-14,2026,1.0,ATL,Christian Harris,LB,Out,,sleeper
2026-09-14,2026,1.0,ATL,DeAngelo Malone,DL,PUP,,sleeper
2026-09-14,2026,1.0,ATL,Billy Bowman,DB,Out,,sleeper
2026-09-14,2026,1.0,ATL,James Pearce,DL,Suspended,,sleeper
2026-09-14,2026,1.0,ATL,Tyrone Wheatley,OL,Questionable,,sleeper
2026-09-14,2026,1.0,ATL,Jalon Walker,DL,IR,,sleeper
2026-09-14,2026,1.0,ATL,Michael Penix,QB,Out,,sleeper
2026-09-14,2026,1.0,ATL,Ethan Onianwa,G,Out,,sleeper
2026-09-14,2026,1.0,ATL,Storm Norton,T,PUP,,sleeper
2026-09-14,2026,1.0,ATL,Beaux Collins,WR,IR,,sleeper
2026-09-14,2026,1.0,BAL,Adam Randall,RB,IR,,sleeper
2026-09-14,2026,1.0,BAL,Elijah Sarratt,WR,Out,,sleeper
2026-09-14,2026,1.0,BAL,Danny Pinter,G,IR,,sleeper
2026-09-14,2026,1.0,BAL,Skylar Thompson,QB,IR,,sleeper
2026-09-14,2026,1.0,BAL,Bilhal Kone,CB,IR,,sleeper
2026-09-14,2026,1.0,BAL,T.J. Tampa,DB,Questionable,,sleeper
2026-09-14,2026,1.0,BAL,Jahquez Robinson,DB,IR,,sleeper
2026-09-14,2026,1.0,BAL,Chandler Rivers,CB,Out,,sleeper
2026-09-14,2026,1.0,BAL,Ja'Kobi Lane,WR,Out,,sleeper
2026-09-14,2026,1.0,BAL,Emery Jones,OL,Out,,sleeper
2026-09-14,2026,1.0,BAL,Joe Fagnano,QB,Out,,sleeper
2026-09-14,2026,1.0,BUF,Mike Danna,DE,Out,,sleeper
2026-09-14,2026,1.0,BUF,Cole Bishop,DB,Questionable,,sleeper
2026-09-14,2026,1.0,BUF,Jude Bowry,OT,Out,,sleeper
2026-09-14,2026,1.0,BUF,Zane Durant,DT,IR,,sleeper
2026-09-14,2026,1.0,BUF,Tyrell Shavers,WR,PUP,,sleeper
2026-09-14,2026,1.0,BUF,Skyler Bell,WR,Out,,sleeper
2026-09-14,2026,1.0,BUF,Phidarian Mathis,DL,Suspended,,sleeper
2026-09-14,2026,1.0,BUF,Jedrick Wills,OT,Questionable,,sleeper
2026-09-14,2026,1.0,BUF,Dorian Strong,CB,PUP,,sleeper
2026-09-14,2026,1.0,BUF,Jalon Kilgore,CB,Out,,sleeper
2026-09-14,2026,1.0,CAR,Taylor Moton,T,PUP,,sleeper
2026-09-14,2026,1.0,CAR,Tershawn Wharton,DT,PUP,,sleeper
2026-09-14,2026,1.0,CAR,John Metchie,WR,Out,,sleeper
2026-09-14,2026,1.0,CAR,Bam Martin-Scott,LB,IR,,sleeper
2026-09-14,2026,1.0,CAR,Patrick Jones,DE,Out,,sleeper
2026-09-14,2026,1.0,CAR,Haynes King,QB,Out,,sleeper
2026-09-14,2026,1.0,CAR,Chris Brazzell,WR,IR,,sleeper
2026-09-14,2026,1.0,CAR,Ikem Ekwonu,T,PUP,,sleeper
2026-09-14,2026,1.0,CAR,Trevor Etienne,RB,IR,,sleeper
2026-09-14,2026,1.0,CAR,Ja'Tavion Sanders,TE,Out,,sleeper
2026-09-14,2026,1.0,CAR,Zakee Wheatley,DB,Out,,sleeper
2026-09-14,2026,1.0,CAR,Cam Jackson,DT,Out,,sleeper
2026-09-14,2026,1.0,CAR,Brady Christensen,T,IR,,sleeper
2026-09-14,2026,1.0,CAR,Nic Scourton,DL,IR,,sleeper
2026-09-14,2026,1.0,CHI,Miller Moss,QB,Out,,sleeper
2026-09-14,2026,1.0,CHI,Jordan McFadden,OL,Out,,sleeper
2026-09-14,2026,1.0,CHI,Tony Fields,LB,IR,,sleeper
2026-09-14,2026,1.0,CHI,Nikola Kalinic,TE,IR,,sleeper
2026-09-14,2026,1.0,CHI,Tyrique Stevenson,CB,Questionable,,sleeper
2026-09-14,2026,1.0,CHI,Brittain Brown,RB,IR,,sleeper
2026-09-14,2026,1.0,CHI,Kyler Gordon,DB,PUP,,sleeper
2026-09-14,2026,1.0,CHI,Noah Sewell,LB,PUP,,sleeper
2026-09-14,2026,1.0,CHI,Hayden Large,TE,IR,,sleeper
2026-09-14,2026,1.0,CHI,Coby Bryant,DB,IR,,sleeper
2026-09-14,2026,1.0,CHI,Shemar Turner,DE,PUP,,sleeper
2026-09-14,2026,1.0,CHI,Jamree Kromah,DL,Out,,sleeper
2026-09-14,2026,1.0,CHI,Nephi Sewell,LB,IR,,sleeper
2026-09-14,2026,1.0,CIN,Josh Newton,CB,Out,,sleeper
2026-09-14,2026,1.0,CIN,Landon Robinson,NT,Out,,sleeper
2026-09-14,2026,1.0,CIN,Ja'Sir Taylor,DB,IR,,sleeper
2026-09-14,2026,1.0,CIN,Jack Endries,TE,Out,,sleeper
2026-09-14,2026,1.0,CIN,Connor Lew,C,Out,,sleeper
2026-09-14,2026,1.0,CIN,Myles Hinton,OT,Out,,sleeper
2026-09-14,2026,1.0,CLE,Toriano Pride,CB,Out,,sleeper
2026-09-14,2026,1.0,CLE,Kalia Davis,DL,IR,,sleeper
2026-09-14,2026,1.0,CLE,Justin Jefferson,LB,Out,,sleeper
2026-09-14,2026,1.0,CLE,Noah Igbinoghene,CB,Out,,sleeper
2026-09-14,2026,1.0,CLE,Daniel Thomas,DB,Out,,sleeper
2026-09-14,2026,1.0,CLE,Alex Wright,DL,IR,,sleeper
2026-09-14,2026,1.0,CLE,Dylan Sampson,RB,Out,,sleeper
2026-09-14,2026,1.0,CLE,Dillon Gabriel,QB,IR,,sleeper
2026-09-14,2026,1.0,CLE,Damarri Mathis,DB,IR,,sleeper
2026-09-14,2026,1.0,CLE,Jeremiah Owusu-Koramoah,LB,PUP,,sleeper
2026-09-14,2026,1.0,CLE,Kendrick Green,C,IR,,sleeper
2026-09-14,2026,1.0,CLE,Taylen Green,QB,Out,,sleeper
2026-09-14,2026,1.0,CLE,Joe Royer,TE,PUP,,sleeper
2026-09-14,2026,1.0,DAL,Tyrus Wheat,DE,Out,,sleeper
2026-09-14,2026,1.0,DAL,Kelvin Gilliam,DT,IR,,sleeper
2026-09-14,2026,1.0,DAL,Devin Moore,CB,IR,,sleeper
2026-09-14,2026,1.0,DAL,Tyler Smith,OL,IR,,sleeper
2026-09-14,2026,1.0,DAL,DeMarvion Overshown,LB,Questionable,,sleeper
2026-09-14,2026,1.0,DAL,DJ Rogers,TE,IR,,sleeper
2026-09-14,2026,1.0,DAL,Malik Hooker,DB,Out,,sleeper
2026-09-14,2026,1.0,DAL,Marist Liufau,LB,IR,,sleeper
2026-09-14,2026,1.0,DAL,Camden Brown,WR,Out,,sleeper
2026-09-14,2026,1.0,DAL,Matt Hennessy,OL,IR,,sleeper
2026-09-14,2026,1.0,DAL,Princeton Fant,TE,IR,,sleeper
2026-09-14,2026,1.0,DAL,Caelen Carson,DB,Out,,sleeper
2026-09-14,2026,1.0,DAL,Israel Abanikanda,RB,Out,,sleeper
2026-09-14,2026,1.0,DEN,Levelle Bailey,LB,IR,,sleeper
2026-09-14,2026,1.0,DEN,Nick Gargiulo,OL,PUP,,sleeper
2026-09-14,2026,1.0,DEN,Caleb Lohner,TE,IR,,sleeper
2026-09-14,2026,1.0,DEN,Matt Henningsen,DE,IR,,sleeper
2026-09-14,2026,1.0,DEN,Frank Crum,OT,IR,,sleeper
2026-09-14,2026,1.0,DEN,Michael Deiter,OL,IR,,sleeper
2026-09-14,2026,1.0,DET,Cade Mays,OL,IR,,sleeper
2026-09-14,2026,1.0,DET,Brian Branch,DB,PUP,,sleeper
2026-09-14,2026,1.0,DET,Ennis Rakestraw,DB,Out,,sleeper
2026-09-14,2026,1.0,DET,Isiah Pacheco,RB,IR,,sleeper
2026-09-14,2026,1.0,DET,Kerby Joseph,DB,PUP,,sleeper
2026-09-14,2026,1.0,DET,Giovanni Manu,OL,PUP,,sleeper
2026-09-14,2026,1.0,DET,Payton Turner,DE,IR,,sleeper
2026-09-14,2026,1.0,DET,Damone Clark,LB,IR,,sleeper
2026-09-14,2026,1.0,DET,Christian Mahogany,OL,Questionable,,sleeper
2026-09-14,2026,1.0,DET,Ahmed Hassanein,DE,Out,,sleeper
2026-09-14,2026,1.0,DET,Kendrick Law,WR,IR,,sleeper
2026-09-14,2026,1.0,GB,Pierre Strong,RB,Questionable,,sleeper
2026-09-14,2026,1.0,GB,Collin Oliver,DE,IR,,sleeper
2026-09-14,2026,1.0,GB,Jordon Riley,DL,PUP,,sleeper
2026-09-14,2026,1.0,GB,Savion Williams,WR,IR,,sleeper
2026-09-14,2026,1.0,GB,Brandon Cisse,DB,Questionable,,sleeper
2026-09-14,2026,1.0,GB,Thomas Yassmin,TE,IR,,sleeper
2026-09-14,2026,1.0,GB,Travis Glover,OT,Out,,sleeper
2026-09-14,2026,1.0,GB,Micah Parsons,LB,PUP,,sleeper
2026-09-14,2026,1.0,GB,Luke Musgrave,TE,PUP,,sleeper
2026-09-14,2026,1.0,GB,Josh Whyle,TE,Questionable,,sleeper
2026-09-14,2026,1.0,GB,Anthony Campbell,DT,Out,,sleeper
2026-09-14,2026,1.0,GB,Bo Melton,WR,Questionable,,sleeper
2026-09-14,2026,1.0,GB,Marlon Jones,CB,IR,,sleeper
2026-09-14,2026,1.0,GB,Trey Dean,DB,IR,,sleeper
2026-09-14,2026,1.0,GB,J. Michael Sturdivant,WR,Out,,sleeper
2026-09-14,2026,1.0,GB,Johnathan Baldwin,DB,IR,,sleeper
2026-09-14,2026,1.0,HOU,Jake Hummel,LB,Questionable,,sleeper
2026-09-14,2026,1.0,HOU,Henry To'oTo'o,LB,Questionable,,sleeper
2026-09-14,2026,1.0,HOU,M.J. Stewart,DB,PUP,,sleeper
2026-09-14,2026,1.0,HOU,Jaden Crumedy,DT,Out,,sleeper
2026-09-14,2026,1.0,HOU,E.J. Speed,LB,PUP,,sleeper
2026-09-14,2026,1.0,HOU,Braden Smith,OL,IR,,sleeper
2026-09-14,2026,1.0,HOU,Brevin Jordan,TE,Out,,sleeper
2026-09-14,2026,1.0,HOU,Ali Gaye,DE,IR,,sleeper
2026-09-14,2026,1.0,HOU,Nate Thomas,OL,Out,,sleeper
2026-09-14,2026,1.0,HOU,Aiden Fisher,LB,Out,,sleeper
2026-09-14,2026,1.0,HOU,Dylan Horton,DL,IR,,sleeper
2026-09-14,2026,1.0,HOU,Graham Mertz,QB,IR,,sleeper
2026-09-14,2026,1.0,HOU,Jayden Higgins,WR,IR,,sleeper
2026-09-14,2026,1.0,HOU,Febechi Nwaiwu,OL,Out,,sleeper
2026-09-14,2026,1.0,HOU,Sam Hagen,OL,IR,,sleeper
2026-09-14,2026,1.0,HOU,Ja'Marcus Ingram,CB,IR,,sleeper
2026-09-14,2026,1.0,HOU,Tank Dell,WR,IR,,sleeper
2026-09-14,2026,1.0,HOU,K.C. Ossai,LB,IR,,sleeper
2026-09-14,2026,1.0,IND,Will Mallory,TE,IR,,sleeper
2026-09-14,2026,1.0,IND,George Gumbs,DE,Out,,sleeper
2026-09-14,2026,1.0,IND,Riley Leonard,QB,Out,,sleeper
2026-09-14,2026,1.0,IND,Carson Towt,TE,IR,,sleeper
2026-09-14,2026,1.0,IND,Dalton Tucker,OL,Out,,sleeper
2026-09-14,2026,1.0,IND,D.J. Montgomery,WR,IR,,sleeper
2026-09-14,2026,1.0,IND,DJ Giddens,RB,Out,,sleeper
2026-09-14,2026,1.0,IND,Johnathan Edwards,DB,Out,,sleeper
2026-09-14,2026,1.0,IND,Cam Taylor-Britt,DB,Suspended,,sleeper
2026-09-14,2026,1.0,IND,Cameron Mitchell,DB,IR,,sleeper
2026-09-14,2026,1.0,JAX,Zach Durfee,DE,IR,,sleeper
2026-09-14,2026,1.0,JAX,Patrick Mekari,OL,IR,,sleeper
2026-09-14,2026,1.0,JAX,Wesley Williams,DE,Out,,sleeper
2026-09-14,2026,1.0,JAX,Jalen Huskey,DB,Out,,sleeper
2026-09-14,2026,1.0,JAX,Parker Hughes,LB,IR,,sleeper
2026-09-14,2026,1.0,JAX,Sam Mustipher,OL,IR,,sleeper
2026-09-14,2026,1.0,JAX,Brian Thomas,WR,Questionable,,sleeper
2026-09-14,2026,1.0,JAX,Tanner Koziol,TE,Out,,sleeper
2026-09-14,2026,1.0,JAX,Quinn Ewers,QB,Out,,sleeper
2026-09-14,2026,1.0,JAX,Jared Bartlett,LB,IR,,sleeper
2026-09-14,2026,1.0,JAX,Garrett DiGiorgio,G,IR,,sleeper
2026-09-14,2026,1.0,JAX,B.J. Green,DE,Questionable,,sleeper
2026-09-14,2026,1.0,JAX,Daniel Faalele,T,Out,,sleeper
2026-09-14,2026,1.0,KC,Omarr Norman-Lott,DT,PUP,,sleeper
2026-09-14,2026,1.0,KC,John Michael Gyllenborg,TE,IR,,sleeper
2026-09-14,2026,1.0,KC,Jimmy Holiday,WR,IR,,sleeper
2026-09-14,2026,1.0,KC,Ethan Downs,DE,IR,,sleeper
2026-09-14,2026,1.0,KC,Jeff Caldwell,WR,IR,,sleeper
2026-09-14,2026,1.0,LAC,RJ Mickens,DB,Out,,sleeper
2026-09-14,2026,1.0,LAC,Branson Taylor,OL,IR,,sleeper
2026-09-14,2026,1.0,LAC,Ladd McConkey,WR,Questionable,,sleeper
2026-09-14,2026,1.0,LAC,Tyler Biadasz,C,IR,,sleeper
2026-09-14,2026,1.0,LAC,Alex Harkey,OT,Out,,sleeper
2026-09-14,2026,1.0,LAC,Denzel Perryman,LB,IR,,sleeper
2026-09-14,2026,1.0,LAC,Logan Taylor,G,Out,,sleeper
2026-09-14,2026,1.0,LAC,Elijah Molden,CB,Questionable,,sleeper
2026-09-14,2026,1.0,LAC,Scott Matlock,DT,IR,,sleeper
2026-09-14,2026,1.0,LAC,Trevor Penning,T,Out,,sleeper
2026-09-14,2026,1.0,LAC,KeAndre Lambert-Smith,WR,Questionable,,sleeper
2026-09-14,2026,1.0,LAC,Isaiah World,OT,PUP,,sleeper
2026-09-14,2026,1.0,LAR,Duplicate Player,DE,Out,,sleeper
2026-09-14,2026,1.0,LAR,CJ Daniels,WR,Out,,sleeper
2026-09-14,2026,1.0,LAR,Tutu Atwell,WR,Out,,sleeper
2026-09-14,2026,1.0,LAR,Kam Curl,DB,Questionable,,sleeper
2026-09-14,2026,1.0,LAR,Bill Murray,DT,Out,,sleeper
2026-09-14,2026,1.0,LAR,Davis Allen,TE,Questionable,,sleeper
2026-09-14,2026,1.0,LAR,Ty Simpson,QB,Out,,sleeper
2026-09-14,2026,1.0,LAR,Eddie Walls,DL,IR,,sleeper
2026-09-14,2026,1.0,LAR,Matthew Caldwell,QB,IR,,sleeper
2026-09-14,2026,1.0,LAR,Keir Thomas,DE,IR,,sleeper
2026-09-14,2026,1.0,LAR,Max Klare,TE,Out,,sleeper
2026-09-14,2026,1.0,LAR,Justin Dedich,OL,IR,,sleeper
2026-09-14,2026,1.0,LAR,Keagen Trost,OL,IR,,sleeper
2026-09-14,2026,1.0,LV,Dalton Johnson,DB,Out,,sleeper
2026-09-14,2026,1.0,LV,Darien Porter,DB,Questionable,,sleeper
2026-09-14,2026,1.0,LV,Corey Rucker,WR,IR,,sleeper
2026-09-14,2026,1.0,LV,Justin Pickett,G,IR,,sleeper
2026-09-14,2026,1.0,LV,JJ Pegues,DT,Out,,sleeper
2026-09-14,2026,1.0,LV,Keyron Crawford,DE,IR,,sleeper
2026-09-14,2026,1.0,LV,Bryce Cabeldue,OT,Out,,sleeper
2026-09-14,2026,1.0,LV,Aidan O'Connell,QB,Out,,sleeper
2026-09-14,2026,1.0,LV,Brennan Jackson,DE,IR,,sleeper
2026-09-14,2026,1.0,LV,Dont'e Thornton,WR,IR,,sleeper
2026-09-14,2026,1.0,LV,Chigozie Anusiem,CB,IR,,sleeper
2026-09-14,2026,1.0,LV,Darrell Luter,CB,Out,,sleeper
2026-09-14,2026,1.0,LV,Justin Shorter,WR,IR,,sleeper
2026-09-14,2026,1.0,LV,Cody Lindenberg,LB,Out,,sleeper
2026-09-14,2026,1.0,LV,Carter Runyon,TE,IR,,sleeper
2026-09-14,2026,1.0,LV,Chris Collier,RB,IR,,sleeper
2026-09-14,2026,1.0,MIA,Kyle Louis,LB,Out,,sleeper
2026-09-14,2026,1.0,MIA,Kenneth Grant,DL,IR,,sleeper
2026-09-14,2026,1.0,MIA,Justin Joly,TE,Out,,sleeper
2026-09-14,2026,1.0,MIA,Rene Konga,DL,IR,,sleeper
2026-09-14,2026,1.0,MIA,Jalen Tolbert,WR,Out,,sleeper
2026-09-14,2026,1.0,MIA,Trey Moore,LB,IR,,sleeper
2026-09-14,2026,1.0,MIA,Darrell Baker,CB,PUP,,sleeper
2026-09-14,2026,1.0,MIA,Reese Taylor,CB,Out,,sleeper
2026-09-14,2026,1.0,MIA,DJ Campbell,G,Out,,sleeper
2026-09-14,2026,1.0,MIA,Brady Cook,QB,Out,,sleeper
2026-09-14,2026,1.0,MIA,Tucker Addington,LS,Questionable,,sleeper
2026-09-14,2026,1.0,MIA,Chukwuebuka Godrick,OL,Out,,sleeper
2026-09-14,2026,1.0,MIA,Cole Turner,TE,IR,,sleeper
2026-09-14,2026,1.0,MIA,Storm Duck,CB,PUP,,sleeper
2026-09-14,2026,1.0,MIN,Naquan Jones,DT,Questionable,,sleeper
2026-09-14,2026,1.0,MIN,Tyler Batty,DL,IR,,sleeper
2026-09-14,2026,1.0,MIN,Demond Claiborne,RB,Out,,sleeper
2026-09-14,2026,1.0,MIN,Taki Taimani,DL,IR,,sleeper
2026-09-14,2026,1.0,MIN,Dontae Fleming,WR,Questionable,,sleeper
2026-09-14,2026,1.0,MIN,Michael Jurgens,OL,IR,,sleeper
2026-09-14,2026,1.0,MIN,J.J. McCarthy,QB,Out,,sleeper
2026-09-14,2026,1.0,MIN,Elijah Williams,DL,Out,,sleeper
2026-09-14,2026,1.0,MIN,Nick Samac,C,Out,,sleeper
2026-09-14,2026,1.0,MIN,Ben Yurosek,TE,IR,,sleeper
2026-09-14,2026,1.0,MIN,Jamal Adams,SS,IR,,sleeper
2026-09-14,2026,1.0,MIN,Tyreek Chappell,CB,IR,,sleeper
2026-09-14,2026,1.0,MIN,Jacob Roberts,LB,Questionable,,sleeper
2026-09-14,2026,1.0,MIN,Jeshaun Jones,WR,Suspended,,sleeper
2026-09-14,2026,1.0,MIN,Kyler Murray,QB,Out,,sleeper
2026-09-14,2026,1.0,MIN,Zemaiah Vaughn,CB,Out,,sleeper
2026-09-14,2026,1.0,NE,Behren Morton,QB,Out,,sleeper
2026-09-14,2026,1.0,NE,Efton Chism,WR,Out,,sleeper
2026-09-14,2026,1.0,NE,Bryce Baringer,P,IR,,sleeper
2026-09-14,2026,1.0,NE,Khalil Jacobs,LB,IR,,sleeper
2026-09-14,2026,1.0,NE,Myles Montgomery,RB,IR,,sleeper
2026-09-14,2026,1.0,NE,Karon Prunty,DB,Out,,sleeper
2026-09-14,2026,1.0,NE,Marcus Bryant,OL,IR,,sleeper
2026-09-14,2026,1.0,NE,A.J. Brown,WR,IR,,sleeper
2026-09-14,2026,1.0,NE,Julian Hill,TE,IR,,sleeper
2026-09-14,2026,1.0,NE,Walter Rouse,OL,Out,,sleeper
2026-09-14,2026,1.0,NE,Jeremiah Webb,WR,IR,,sleeper
2026-09-14,2026,1.0,NE,Harold Landry,LB,PUP,,sleeper
2026-09-14,2026,1.0,NE,Brenden Schooler,DB,PUP,,sleeper
2026-09-14,2026,1.0,NO,Audric Estime,RB,IR,,sleeper
2026-09-14,2026,1.0,NO,Rejzohn Wright,CB,IR,,sleeper
2026-09-14,2026,1.0,NO,Zach Wilson,QB,Out,,sleeper
2026-09-14,2026,1.0,NO,Mason Tipton,WR,PUP,,sleeper
2026-09-14,2026,1.0,NO,David Long,CB,IR,,sleeper
2026-09-14,2026,1.0,NO,Moliki Matavao,TE,IR,,sleeper
2026-09-14,2026,1.0,NO,Jordyn Tyson,WR,IR,,sleeper
2026-09-14,2026,1.0,NO,Khristian Boyd,DL,Out,,sleeper
2026-09-14,2026,1.0,NO,Jaylan Ford,LB,IR,,sleeper
2026-09-14,2026,1.0,NO,Ty Chandler,RB,IR,,sleeper
2026-09-14,2026,1.0,NO,Dillon Radunz,OL,IR,,sleeper
2026-09-14,2026,1.0,NO,Lorenzo Styles,DB,IR,,sleeper
2026-09-14,2026,1.0,NO,John Ridgeway,DL,Out,,sleeper
2026-09-14,2026,1.0,NO,Bryan Bresee,DT,IR,,sleeper
2026-09-14,2026,1.0,NO,Nick Saldiveri,OL,PUP,,sleeper
2026-09-14,2026,1.0,NYG,Jason Pinnock,CB,Out,,sleeper
2026-09-14,2026,1.0,NYG,Calvin Austin,WR,IR,,sleeper
2026-09-14,2026,1.0,NYG,Gunner Olszewski,WR,IR,,sleeper
2026-09-14,2026,1.0,NYG,Dalen Cambre,WR,Out,,sleeper
2026-09-14,2026,1.0,NYG,Thaddeus Dixon,CB,IR,,sleeper
2026-09-14,2026,1.0,NYG,Nic Jones,CB,Out,,sleeper
2026-09-14,2026,1.0,NYG,Thomas Fidone,TE,Out,,sleeper
2026-09-14,2026,1.0,NYG,Bobby Jamison-Travis,DL,Out,,sleeper
2026-09-14,2026,1.0,NYG,Roy Robertson-Harris,DE,IR,,sleeper
2026-09-14,2026,1.0,NYG,J.C. Davis,OT,Out,,sleeper
2026-09-14,2026,1.0,NYG,Jarrick Bernard-Converse,CB,IR,,sleeper
2026-09-14,2026,1.0,NYG,Korie Black,CB,IR,,sleeper
2026-09-14,2026,1.0,NYG,Najee Harris,RB,Out,,sleeper
2026-09-14,2026,1.0,NYJ,VJ Payne,DB,IR,,sleeper
2026-09-14,2026,1.0,NYJ,Kingsley Jonathan,DT,IR,,sleeper
2026-09-14,2026,1.0,NYJ,Tyler Baron,DE,PUP,,sleeper
2026-09-14,2026,1.0,NYJ,Anez Cooper,G,IR,,sleeper
2026-09-14,2026,1.0,NYJ,Blake Grupe,K,Out,,sleeper
2026-09-14,2026,1.0,NYJ,Omar Cooper,WR,Out,,sleeper
2026-09-14,2026,1.0,NYJ,Trevin Wallace,LB,Out,,sleeper
2026-09-14,2026,1.0,NYJ,Minkah Fitzpatrick,DB,Questionable,,sleeper
2026-09-14,2026,1.0,NYJ,Tre Brown,CB,IR,,sleeper
2026-09-14,2026,1.0,NYJ,Jarvis Brownlee,DB,Questionable,,sleeper
2026-09-14,2026,1.0,PHI,Johnny Wilson,WR,IR,,sleeper
2026-09-14,2026,1.0,PHI,Micah Morris,G,Out,,sleeper
2026-09-14,2026,1.0,PHI,Grant Calcaterra,TE,IR,,sleeper
2026-09-14,2026,1.0,PHI,Jakorian Bennett,DB,IR,,sleeper
2026-09-14,2026,1.0,PHI,Andre' Sam,DB,IR,,sleeper
2026-09-14,2026,1.0,PHI,Elijah Moore,WR,Out,,sleeper
2026-09-14,2026,1.0,PHI,Cole Payton,QB,Out,,sleeper
2026-09-14,2026,1.0,PHI,Tanner McKee,QB,Out,,sleeper
2026-09-14,2026,1.0,PHI,Tucker Large,DB,PUP,,sleeper
2026-09-14,2026,1.0,PHI,Marcus Epps,DB,Questionable,,sleeper
2026-09-14,2026,1.0,PHI,Danny Gray,WR,Questionable,,sleeper
2026-09-14,2026,1.0,PIT,Logan Lee,DL,IR,,sleeper
2026-09-14,2026,1.0,PIT,Donte Kent,CB,PUP,,sleeper
2026-09-14,2026,1.0,PIT,Gennings Dunker,OT,Out,,sleeper
2026-09-14,2026,1.0,PIT,Will Howard,QB,Out,,sleeper
2026-09-14,2026,1.0,PIT,Gabriel Rubio,DL,Out,,sleeper
2026-09-14,2026,1.0,PIT,DeShon Elliott,DB,IR,,sleeper
2026-09-14,2026,1.0,PIT,Joey Porter,DB,Out,,sleeper
2026-09-14,2026,1.0,PIT,Jack Driscoll,T,IR,,sleeper
2026-09-14,2026,1.0,PIT,Drew Allar,QB,Out,,sleeper
2026-09-14,2026,1.0,SEA,Beau Stephens,G,Out,,sleeper
2026-09-14,2026,1.0,SEA,Aaron Smith,LB,Questionable,,sleeper
2026-09-14,2026,1.0,SEA,Sam Darnold,QB,Out,,sleeper
2026-09-14,2026,1.0,SEA,Jake Bobo,WR,IR,,sleeper
2026-09-14,2026,1.0,SEA,Mike Morris,DE,Out,,sleeper
2026-09-14,2026,1.0,SEA,Irv Charles,WR,IR,,sleeper
2026-09-14,2026,1.0,SEA,Robbie Ouzts,RB,IR,,sleeper
2026-09-14,2026,1.0,SEA,Nick Kallerup,TE,Out,,sleeper
2026-09-14,2026,1.0,SEA,Bud Clark,DB,IR,,sleeper
2026-09-14,2026,1.0,SEA,Power Echols,LB,Questionable,,sleeper
2026-09-14,2026,1.0,SEA,Mason Richman,OL,IR,,sleeper
2026-09-14,2026,1.0,SEA,Jalen Milroe,QB,Out,,sleeper
2026-09-14,2026,1.0,SEA,Zach Charbonnet,RB,PUP,,sleeper
2026-09-14,2026,1.0,SEA,Amari Kight,OT,Questionable,,sleeper
2026-09-14,2026,1.0,SF,Mykel Williams,DL,PUP,,sleeper
2026-09-14,2026,1.0,SF,Nate Hobbs,CB,IR,,sleeper
2026-09-14,2026,1.0,SF,Andrew Farmer,LB,IR,,sleeper
2026-09-14,2026,1.0,SF,Jake Tonges,TE,Questionable,,sleeper
2026-09-14,2026,1.0,SF,Isaac Guerendo,RB,PUP,,sleeper
2026-09-14,2026,1.0,SF,Ricky Pearsall,WR,IR,,sleeper
2026-09-14,2026,1.0,SF,De'Zhaun Stribling,WR,Out,,sleeper
2026-09-14,2026,1.0,SF,Darrick Forrest,DB,IR,,sleeper
2026-09-14,2026,1.0,SF,Ephesians Prysock,CB,Out,,sleeper
2026-09-14,2026,1.0,SF,Kurtis Rourke,QB,Out,,sleeper
2026-09-14,2026,1.0,SF,Austen Pleasants,OL,IR,,sleeper
2026-09-14,2026,1.0,SF,Jordan Watkins,WR,Out,,sleeper
2026-09-14,2026,1.0,SF,Nick Martin,LB,IR,,sleeper
2026-09-14,2026,1.0,SF,Christian Kirk,WR,IR,,sleeper
2026-09-14,2026,1.0,SF,Jordan James,RB,Out,,sleeper
2026-09-14,2026,1.0,SF,Enrique Cruz,OL,Out,,sleeper
2026-09-14,2026,1.0,SF,Mikail Kamara,DE,IR,,sleeper
2026-09-14,2026,1.0,SF,Tatum Bethune,LB,Out,,sleeper
2026-09-14,2026,1.0,SF,Brett Toth,OL,IR,,sleeper
2026-09-14,2026,1.0,SF,Sam Okuayinonu,DE,IR,,sleeper
2026-09-14,2026,1.0,SF,Nick Zakelj,OL,IR,,sleeper
2026-09-14,2026,1.0,TB,Deshawn McKnight,DL,IR,,sleeper
2026-09-14,2026,1.0,TB,Mohamed Kamara,DL,IR,,sleeper
2026-09-14,2026,1.0,TB,Jacob Parrish,DB,Questionable,,sleeper
2026-09-14,2026,1.0,TB,Elijah Simmons,DL,Out,,sleeper
2026-09-14,2026,1.0,TB,DeMonte Capehart,DT,Out,,sleeper
2026-09-14,2026,1.0,TB,David Sills,WR,IR,,sleeper
2026-09-14,2026,1.0,TB,Josh Hayes,CB,IR,,sleeper
2026-09-14,2026,1.0,TEN,Jaren Kanak,TE,IR,,sleeper
2026-09-14,2026,1.0,TEN,Donnie Ernsberger,TE,Questionable,,sleeper
2026-09-14,2026,1.0,TEN,Joshua Williams,CB,IR,,sleeper
2026-09-14,2026,1.0,TEN,Owen Pappoe,LB,Out,,sleeper
2026-09-14,2026,1.0,TEN,Atonio Mafi,OL,Out,,sleeper
2026-09-14,2026,1.0,TEN,Dorian Mausi,LB,IR,,sleeper
2026-09-14,2026,1.0,TEN,Dominique Hampton,CB,Questionable,,sleeper
2026-09-14,2026,1.0,TEN,Jaylen Harrell,DE,IR,,sleeper
2026-09-14,2026,1.0,TEN,Milo Eifler,LB,IR,,sleeper
2026-09-14,2026,1.0,TEN,Jackie Marshall,DE,Out,,sleeper
2026-09-14,2026,1.0,TEN,Jaylon Jones,DB,Out,,sleeper
2026-09-14,2026,1.0,TEN,Nicholas Singleton,RB,Out,,sleeper
2026-09-14,2026,1.0,TEN,Kendell Brooks,DB,IR,,sleeper
2026-09-14,2026,1.0,TEN,Tanoh Kpassagnon,DE,IR,,sleeper
2026-09-14,2026,1.0,WAS,Ricky Barber,DT,Out,,sleeper
2026-09-14,2026,1.0,WAS,Athan Kaliakmanis,QB,Out,,sleeper
2026-09-14,2026,1.0,WAS,Jeremy McNichols,RB,IR,,sleeper
2026-09-14,2026,1.0,WAS,Luke McCaffrey,WR,Out,,sleeper
2026-09-14,2026,1.0,WAS,Treylon Burks,WR,Out,,sleeper
2026-09-14,2026,1.0,WAS,Laremy Tunsil,OL,IR,,sleeper
2026-09-14,2026,1.0,WAS,Dorance Armstrong,DE,Suspended,,sleeper
2026-09-14,2026,1.0,WAS,Deatrich Wise,DE,PUP,,sleeper
2026-09-14,2026,1.0,WAS,Jer'Zhan Newton,DL,IR,,sleeper
2026-09-14,2026,1.0,WAS,Frankie Luvu,LB,Questionable,,sleeper
2026-09-14,2026,1.0,WAS,Tyler Owens,DB,Questionable,,sleeper
2026-09-14,2026,1.0,WAS,Chig Okonkwo,TE,Questionable,,sleeper
2026-09-14,2026,1.0,WAS,Trey Amos,DB,IR,,sleeper
2026-09-15,2026,1.0,ARI,Josh Sweat,LB,,Full Participation in Practice,nflverse
2026-09-15,2026,1.0,ARI,Blake Gillikin,P,,Full Participation in Practice,nflverse
2026-09-15,2026,1.0,ARI,Garrett Williams,CB,Out,Limited Participation in Practice,nflverse
2026-09-15,2026,1.0,ARI,Isaiah Adams,G,Out,Did Not Participate In Practice,nflverse
2026-09-15,2026,1.0,ARI,Dadrion Taylor-Demerson,S,Out,Did Not Participate In Practice,nflverse
2026-09-15,2026,1.0,ARI,Will Johnson,CB,,Full Participation in Practice,nflverse
2026-09-15,2026,1.0,ARI,Jeremiyah Love,RB,Questionable,Limited Participation in Practice,nflverse
2026-09-15,2026,1.0,ATL,Jake Matthews,T,,Did Not Participate In Practice,nflverse
2026-09-15,2026,1.0,ATL,Za'Darius Smith,DE,Questionable,Full Participation in Practice,nflverse
2026-09-15,2026,1.0,ATL,Da'Shawn Hand,DT,,Full Participation in Practice,nflverse
2026-09-15,2026,1.0,ATL,Jawaan Taylor,T,,Full Participation in Practice,nflverse
2026-09-15,2026,1.0,ATL,Tua Tagovailoa,QB,Out,Did Not Participate In Practice,nflverse
2026-09-15,2026,1.0,ATL,Kyle Hinton,G,,Full Participation in Practice,nflverse
2026-09-15,2026,1.0,ATL,Brandon Dorlus,DT,,Full Participation in Practice,nflverse
2026-09-15,2026,1.0,ATL,Michael Penix Jr.,QB,Out,Full Participation in Practice,nflverse
2026-09-15,2026,1.0,ATL,Billy Bowman Jr.,CB,Out,Limited Participation in Practice,nflverse
2026-09-15,2026,1.0,ATL,Cameron Williams,T,Out,Did Not Participate In Practice,nflverse
2026-09-15,2026,1.0,ATL,Zachariah Branch,WR,,Full Participation in Practice,nflverse
2026-09-15,2026,1.0,ATL,Kendal Daniels,LB,,Full Participation in Practice,nflverse
2026-09-15,2026,1.0,BAL,Calais Campbell,DE,,Did Not Participate In Practice,nflverse
2026-09-15,2026,1.0,BAL,Nnamdi Madubuike,DT,Out,Limited Participation in Practice,nflverse
2026-09-15,2026,1.0,BAL,Zay Flowers,WR,,Full Participation in Practice,nflverse
2026-09-15,2026,1.0,BAL,Devontez Walker,WR,Questionable,Limited Participation in Practice,nflverse
2026-09-15,2026,1.0,BAL,Teddye Buchanan,LB,Out,Limited Participation in Practice,nflverse
2026-09-15,2026,1.0,BUF,Ty Johnson,RB,Questionable,Limited Participation in Practice,nflverse
2026-09-15,2026,1.0,BUF,Jordan Hancock,CB,Questionable,Full Participation in Practice,nflverse
2026-09-15,2026,1.0,BUF,T.J. Sanders,DE,Questionable,Limited Participation in Practice,nflverse
2026-09-15,2026,1.0,CAR,Bobby Brown III,DT,,Full Participation in Practice,nflverse
2026-09-15,2026,1.0,CAR,Patrick Jones II,LB,Out,Did Not Participate In Practice,nflverse
2026-09-15,2026,1.0,CAR,Jonathon Brooks,RB,,Full Participation in Practice,nflverse
2026-09-15,2026,1.0,CHI,Grady Jarrett,DT,,Full Participation in Practice,nflverse
2026-09-15,2026,1.0,CHI,Joe Thuney,G,,Full Participation in Practice,nflverse
2026-09-15,2026,1.0,CHI,Xavier Woods,S,Questionable,Limited Participation in Practice,nflverse
2026-09-15,2026,1.0,CHI,Tyson Bagent,QB,Questionable,Did Not Participate In Practice,nflverse
2026-09-15,2026,1.0,CHI,Rome Odunze,WR,Questionable,Limited Participation in Practice,nflverse
2026-09-15,2026,1.0,CHI,Ozzy Trapilo,T,Questionable,Limited Participation in Practice,nflverse
2026-09-15,2026,1.0,CIN,Jonathan Allen,DT,,Full Participation in Practice,nflverse
2026-09-15,2026,1.0,CIN,B.J. Hill,DT,,Full Participation in Practice,nflverse
2026-09-15,2026,1.0,CIN,Dexter Lawrence,DT,,Did Not Participate In Practice,nflverse
2026-09-15,2026,1.0,CIN,Tee Higgins,WR,,Full Participation in Practice,nflverse
2026-09-15,2026,1.0,CIN,Ja'Marr Chase,WR,,Did Not Participate In Practice,nflverse
2026-09-15,2026,1.0,CIN,DJ Turner II,CB,,Limited Participation in Practice,nflverse
2026-09-15,2026,1.0,CIN,Shemar Stewart,DE,Doubtful,Did Not Participate In Practice,nflverse
2026-09-15,2026,1.0,CLE,Maliek Collins,DT,,Limited Participation in Practice,nflverse
2026-09-15,2026,1.0,CLE,Teven Jenkins,G,Out,Did Not Participate In Practice,nflverse
2026-09-15,2026,1.0,CLE,Carson Schwesinger,LB,,Full Participation in Practice,nflverse
2026-09-15,2026,1.0,CLE,Parker Brailsford,C,Questionable,Limited Participation in Practice,nflverse
2026-09-15,2026,1.0,DAL,Jonathan Bullard,DT,,Full Participation in Practice,nflverse
2026-09-15,2026,1.0,DAL,Malik Davis,RB,Out,Limited Participation in Practice,nflverse
2026-09-15,2026,1.0,DAL,Luke Schoonmaker,TE,,Did Not Participate In Practice,nflverse
2026-09-15,2026,1.0,DAL,Ajani Cornelius,T,,Full Participation in Practice,nflverse
2026-09-15,2026,1.0,DEN,Marvin Mims Jr.,WR,,Full Participation in Practice,nflverse
2026-09-15,2026,1.0,DET,Trevor Nowaske,LB,,Full Participation in Practice,nflverse
2026-09-15,2026,1.0,DET,Christian Izien,S,Questionable,Limited Participation in Practice,nflverse
2026-09-15,2026,1.0,DET,Mekhi Wingo,DT,,Full Participation in Practice,nflverse
2026-09-15,2026,1.0,DET,Thomas Harper,S,,Full Participation in Practice,nflverse
2026-09-15,2026,1.0,DET,Ennis Rakestraw Jr.,CB,,Full Participation in Practice,nflverse
2026-09-15,2026,1.0,DET,Derrick Moore,DE,,Full Participation in Practice,nflverse
2026-09-15,2026,1.0,DET,Jimmy Rolder,LB,,Full Participation in Practice,nflverse
2026-09-15,2026,1.0,DET,Keith Abney II,CB,,Full Participation in Practice,nflverse
2026-09-15,2026,1.0,GB,Javon Hargrave,DT,,Limited Participation in Practice,nflverse
2026-09-15,2026,1.0,GB,Aaron Banks,G,Questionable,Limited Participation in Practice,nflverse
2026-09-15,2026,1.0,GB,Devonte Wyatt,DT,,Limited Participation in Practice,nflverse
2026-09-15,2026,1.0,GB,Zach Bako-Bewele,T,Questionable,Limited Participation in Practice,nflverse
2026-09-15,2026,1.0,GB,Ty'Ron Hopper,LB,Questionable,Limited Participation in Practice,nflverse
2026-09-15,2026,1.0,GB,Jordan Morgan,T,,Full Participation in Practice,nflverse
2026-09-15,2026,1.0,GB,Barryn Sorrell,LB,,Limited Participation in Practice,nflverse
2026-09-15,2026,1.0,GB,Warren Brinson,DT,Out,Did Not Participate In Practice,nflverse
2026-09-15,2026,1.0,HOU,Trent Brown,T,,Full Participation in Practice,nflverse
2026-09-15,2026,1.0,HOU,Will Anderson Jr.,DE,,Did Not Participate In Practice,nflverse
2026-09-15,2026,1.0,HOU,Kayden McDonald,DT,,Did Not Participate In Practice,nflverse
2026-09-15,2026,1.0,HOU,Wade Woodaz,LB,,Full Participation in Practice,nflverse
2026-09-15,2026,1.0,IND,DeForest Buckner,DT,,Did Not Participate In Practice,nflverse
2026-09-15,2026,1.0,IND,Grover Stewart,DT,,Full Participation in Practice,nflverse
2026-09-15,2026,1.0,IND,Charvarius Ward,CB,,Limited Participation in Practice,nflverse
2026-09-15,2026,1.0,IND,Andrew Ogletree,TE,,Full Participation in Practice,nflverse
2026-09-15,2026,1.0,IND,Alec Pierce,WR,,Limited Participation in Practice,nflverse
2026-09-15,2026,1.0,IND,Anthony Richardson,QB,,Full Participation in Practice,nflverse
2026-09-15,2026,1.0,IND,Austin Ajiake,LB,Out,Did Not Participate In Practice,nflverse
2026-09-15,2026,1.0,IND,Sedrick Van Pran-Granger,C,,Full Participation in Practice,nflverse
2026-09-15,2026,1.0,IND,A.J. Haulcy,S,,Full Participation in Practice,nflverse
2026-09-15,2026,1.0,JAX,Jakobi Meyers,WR,,Limited Participation in Practice,nflverse
2026-09-15,2026,1.0,JAX,Cole Van Lanen,T,,Limited Participation in Practice,nflverse
2026-09-15,2026,1.0,JAX,Anton Harrison,T,,Did Not Participate In Practice,nflverse
2026-09-15,2026,1.0,JAX,LeQuint Allen Jr.,RB,Questionable,Limited Participation in Practice,nflverse
2026-09-15,2026,1.0,KC,Chris Jones,DT,,Did Not Participate In Practice,nflverse
2026-09-15,2026,1.0,KC,Patrick Mahomes,QB,,Full Participation in Practice,nflverse
2026-09-15,2026,1.0,KC,L'Jarius Sneed,CB,,Limited Participation in Practice,nflverse
2026-09-15,2026,1.0,KC,Trey Smith,G,,Full Participation in Practice,nflverse
2026-09-15,2026,1.0,KC,Jack Cochrane,LB,,Full Participation in Practice,nflverse
2026-09-15,2026,1.0,KC,Chamarri Conner,S,Out,Did Not Participate In Practice,nflverse
2026-09-15,2026,1.0,KC,Rashee Rice,WR,,Full Participation in Practice,nflverse
2026-09-15,2026,1.0,KC,Xavier Worthy,WR,,Full Participation in Practice,nflverse
2026-09-15,2026,1.0,KC,Josh Simmons,T,Out,Did Not Participate In Practice,nflverse
2026-09-15,2026,1.0,KC,Ashton Gillotte,DE,,Full Participation in Practice,nflverse
2026-09-15,2026,1.0,KC,R Mason Thomas,DE,,Full Participation in Practice,nflverse
2026-09-15,2026,1.0,LAR,Aaron Donald,DE,Out,Did Not Participate In Practice,nflverse
2026-09-15,2026,1.0,LAR,Tyler Higbee,TE,,Full Participation in Practice,nflverse
2026-09-15,2026,1.0,LAR,Myles Garrett,LB,,Full Participation in Practice,nflverse
2026-09-15,2026,1.0,LAR,Alaric Jackson,T,,Full Participation in Practice,nflverse
2026-09-15,2026,1.0,LAR,Grant Stuard,LB,,Full Participation in Practice,nflverse
2026-09-15,2026,1.0,LAR,Jaylen Watson,CB,,Full Participation in Practice,nflverse
2026-09-15,2026,1.0,LAR,Byron Young,LB,,Full Participation in Practice,nflverse
2026-09-15,2026,1.0,LAC,Khalil Mack,DE,,Full Participation in Practice,nflverse
2026-09-15,2026,1.0,LAC,Deane Leonard,CB,Out,Did Not Participate In Practice,nflverse
2026-09-15,2026,1.0,LAC,Keaton Mitchell,RB,,Full Participation in Practice,nflverse
2026-09-15,2026,1.0,LAC,Tuli Tuipulotu,DE,Questionable,Limited Participation in Practice,nflverse
2026-09-15,2026,1.0,LAC,R.J. Mickens,S,,Full Participation in Practice,nflverse
2026-09-15,2026,1.0,LAC,Brenen Thompson,WR,,Full Participation in Practice,nflverse
2026-09-15,2026,1.0,LV,Brock Bowers,TE,Out,Did Not Participate In Practice,nflverse
2026-09-15,2026,1.0,LV,Ashton Jeanty,RB,,Full Participation in Practice,nflverse
2026-09-15,2026,1.0,MIA,Ronnie Harrison,LB,,Full Participation in Practice,nflverse
2026-09-15,2026,1.0,MIA,Dante Trader Jr.,S,,Full Participation in Practice,nflverse
2026-09-15,2026,1.0,MIA,Will Kacmarek,TE,,Full Participation in Practice,nflverse
2026-09-15,2026,1.0,MIA,Seydou Traore,TE,,Full Participation in Practice,nflverse
2026-09-15,2026,1.0,MIN,Harrison Smith,S,,Limited Participation in Practice,nflverse
2026-09-15,2026,1.0,MIN,Christian Darrisaw,T,,Did Not Participate In Practice,nflverse
2026-09-15,2026,1.0,MIN,Caleb Tiernan,T,,Full Participation in Practice,nflverse
2026-09-15,2026,1.0,MIN,Jakobe Thomas,S,,Full Participation in Practice,nflverse
2026-09-15,2026,1.0,MIN,Jacob Thomas,S,,Full Participation in Practice,nflverse
2026-09-15,2026,1.0,NE,Christian Barmore,DT,,Full Participation in Practice,nflverse
2026-09-15,2026,1.0,NE,Ben Brown,C,Out,Did Not Participate In Practice,nflverse
2026-09-15,2026,1.0,NE,TreVeyon Henderson,RB,Out,Did Not Participate In Practice,nflverse
2026-09-15,2026,1.0,NO,Cameron Jordan,LB,Out,Limited Participation in Practice,nflverse
2026-09-15,2026,1.0,NO,Davon Godchaux,DT,,Full Participation in Practice,nflverse
2026-09-15,2026,1.0,NO,Alvin Kamara,RB,Questionable,Full Participation in Practice,nflverse
2026-09-15,2026,1.0,NO,Audric Estimé,RB,Out,Did Not Participate In Practice,nflverse
2026-09-15,2026,1.0,NO,Oscar Delp,TE,Out,Did Not Participate In Practice,nflverse
2026-09-15,2026,1.0,NYG,Shelby Harris,DT,,Full Participation in Practice,nflverse
2026-09-15,2026,1.0,NYG,Patrick Ricard,FB,,Full Participation in Practice,nflverse
2026-09-15,2026,1.0,NYG,Andrew Thomas,T,,Full Participation in Practice,nflverse
2026-09-15,2026,1.0,NYG,Malik Nabers,WR,Questionable,Full Participation in Practice,nflverse
2026-09-15,2026,1.0,NYG,Bryan Hudson,C,,Full Participation in Practice,nflverse
2026-09-15,2026,1.0,NYG,Theo Johnson,TE,,Full Participation in Practice,nflverse
2026-09-15,2026,1.0,NYJ,Tim Patrick,WR,Out,Did Not Participate In Practice,nflverse
2026-09-15,2026,1.0,NYJ,Kene Nwangwu,RB,Doubtful,Did Not Participate In Practice,nflverse
2026-09-15,2026,1.0,NYJ,Joseph Ossai,DE,Out,Did Not Participate In Practice,nflverse
2026-09-15,2026,1.0,NYJ,Breece Hall,RB,,Full Participation in Practice,nflverse
2026-09-15,2026,1.0,NYJ,Isaiah Davis,RB,,Full Participation in Practice,nflverse
2026-09-15,2026,1.0,NYJ,Kenyon Sadiq,TE,,Full Participation in Practice,nflverse
2026-09-15,2026,1.0,NYJ,D'Angelo Ponds,CB,Doubtful,Limited Participation in Practice,nflverse
2026-09-15,2026,1.0,PHI,Jonathan Greenard,LB,Out,Limited Participation in Practice,nflverse
2026-09-15,2026,1.0,PHI,Eli Stowers,TE,Out,Limited Participation in Practice,nflverse
2026-09-15,2026,1.0,PIT,Joey Porter Jr.,CB,Questionable,Limited Participation in Practice,nflverse
2026-09-15,2026,1.0,SEA,Josh Jones,T,,Limited Participation in Practice,nflverse
2026-09-15,2026,1.0,SEA,Ty Okada,S,Out,Did Not Participate In Practice,nflverse
2026-09-15,2026,1.0,SEA,Emanuel Wilson,RB,,Full Participation in Practice,nflverse
2026-09-15,2026,1.0,SEA,Anthony Bradford,G,,Full Participation in Practice,nflverse
2026-09-15,2026,1.0,SEA,AJ Barner,TE,,Full Participation in Practice,nflverse
2026-09-15,2026,1.0,SEA,Tory Horton,WR,Questionable,Limited Participation in Practice,nflverse
2026-09-15,2026,1.0,SEA,Nick Emmanwori,S,Questionable,Limited Participation in Practice,nflverse
2026-09-15,2026,1.0,SEA,Julian Neal,CB,,Full Participation in Practice,nflverse
2026-09-15,2026,1.0,SF,Kyle Juszczyk,FB,,Limited Participation in Practice,nflverse
2026-09-15,2026,1.0,SF,George Kittle,TE,,Limited Participation in Practice,nflverse
2026-09-15,2026,1.0,SF,Dre Greenlaw,LB,,Full Participation in Practice,nflverse
2026-09-15,2026,1.0,SF,Luke Gifford,LB,,Full Participation in Practice,nflverse
2026-09-15,2026,1.0,SF,Nick Bosa,DE,,Limited Participation in Practice,nflverse
2026-09-15,2026,1.0,SF,Renardo Green,CB,,Full Participation in Practice,nflverse
2026-09-15,2026,1.0,SF,Upton Stout,CB,,Full Participation in Practice,nflverse
2026-09-15,2026,1.0,SF,Alfred Collins,DT,Out,Did Not Participate In Practice,nflverse
2026-09-15,2026,1.0,SF,James Thompson Jr.,DT,Questionable,Limited Participation in Practice,nflverse
2026-09-15,2026,1.0,SF,Romello Height,DE,,Full Participation in Practice,nflverse
2026-09-15,2026,1.0,SF,Gracen Halton,DT,,Full Participation in Practice,nflverse
2026-09-15,2026,1.0,TB,Justin Skule,T,Doubtful,Limited Participation in Practice,nflverse
2026-09-15,2026,1.0,TB,Christian Rozeboom,LB,Questionable,Limited Participation in Practice,nflverse
2026-09-15,2026,1.0,TB,Sean Tucker,RB,Doubtful,Limited Participation in Practice,nflverse
2026-09-15,2026,1.0,TB,Jalen McMillan,WR,Doubtful,Limited Participation in Practice,nflverse
2026-09-15,2026,1.0,TB,Emeka Egbuka,WR,,Full Participation in Practice,nflverse
2026-09-15,2026,1.0,TB,Rueben Bain Jr.,LB,,Full Participation in Practice,nflverse
2026-09-15,2026,1.0,TB,Billy Schrauth,G,,Full Participation in Practice,nflverse
2026-09-15,2026,1.0,TEN,Cedric Gray,LB,Out,Did Not Participate In Practice,nflverse
2026-09-15,2026,1.0,TEN,Keldric Faulk,DE,,Full Participation in Practice,nflverse
2026-09-15,2026,1.0,WAS,Marcus Mariota,QB,,Full Participation in Practice,nflverse
2026-09-15,2026,1.0,WAS,Daron Payne,DT,,Limited Participation in Practice,nflverse
2026-09-15,2026,1.0,WAS,Nick Allegretti,C,,Full Participation in Practice,nflverse
2026-09-15,2026,1.0,WAS,Charles Omenihu,DE,,Full Participation in Practice,nflverse
2026-09-15,2026,1.0,WAS,Javon Kinlaw,DT,,Full Participation in Practice,nflverse
2026-09-15,2026,1.0,WAS,K'Lavon Chaisson,LB,,Limited Participation in Practice,nflverse
2026-09-15,2026,1.0,WAS,Odafe Oweh,LB,,Limited Participation in Practice,nflverse
2026-09-15,2026,1.0,WAS,Jordan Magee,LB,,Full Participation in Practice,nflverse
2026-09-15,2026,1.0,WAS,Ben Sinnott,TE,,Full Participation in Practice,nflverse
2026-09-15,2026,1.0,WAS,Jacory Croskey-Merritt,RB,,Limited Participation in Practice,nflverse
2026-09-15,2026,1.0,ARI,Trey Benson,RB,IR,,sleeper
2026-09-15,2026,1.0,ARI,Chase Bisontis,G,IR,,sleeper
2026-09-15,2026,1.0,ARI,James Conner,RB,IR,,sleeper
2026-09-15,2026,1.0,ARI,Zach Carter,DL,IR,,sleeper
2026-09-15,2026,1.0,ARI,Carson Beck,QB,Out,,sleeper
2026-09-15,2026,1.0,ARI,Joey Blount,DB,IR,,sleeper
2026-09-15,2026,1.0,ARI,Kaleb Proctor,DT,IR,,sleeper
2026-09-15,2026,1.0,ARI,Kitan Crawford,DB,Questionable,,sleeper
2026-09-15,2026,1.0,ARI,Reggie Virgil,WR,Out,,sleeper
2026-09-15,2026,1.0,ARI,Andrew Billings,DT,Out,,sleeper
2026-09-15,2026,1.0,ARI,Tip Reiman,TE,PUP,,sleeper
2026-09-15,2026,1.0,ARI,Jameson Geers,TE,IR,,sleeper
2026-09-15,2026,1.0,ATL,JD Bertrand,LB,IR,,sleeper
2026-09-15,2026,1.0,ATL,Anterio Thompson,DT,PUP,,sleeper
2026-09-15,2026,1.0,ATL,Trey Sermon,RB,IR,,sleeper
2026-09-15,2026,1.0,ATL,Chris Lindstrom,G,Questionable,,sleeper
2026-09-15,2026,1.0,ATL,Christian Harris,LB,Out,,sleeper
2026-09-15,2026,1.0,ATL,DeAngelo Malone,DL,PUP,,sleeper
2026-09-15,2026,1.0,ATL,Billy Bowman,DB,Out,,sleeper
2026-09-15,2026,1.0,ATL,James Pearce,DL,Suspended,,sleeper
2026-09-15,2026,1.0,ATL,Tyrone Wheatley,OL,Questionable,,sleeper
2026-09-15,2026,1.0,ATL,Jalon Walker,DL,IR,,sleeper
2026-09-15,2026,1.0,ATL,Michael Penix,QB,Out,,sleeper
2026-09-15,2026,1.0,ATL,Ethan Onianwa,G,Out,,sleeper
2026-09-15,2026,1.0,ATL,Storm Norton,T,PUP,,sleeper
2026-09-15,2026,1.0,ATL,Beaux Collins,WR,IR,,sleeper
2026-09-15,2026,1.0,BAL,Adam Randall,RB,IR,,sleeper
2026-09-15,2026,1.0,BAL,Elijah Sarratt,WR,Out,,sleeper
2026-09-15,2026,1.0,BAL,Danny Pinter,G,IR,,sleeper
2026-09-15,2026,1.0,BAL,Skylar Thompson,QB,IR,,sleeper
2026-09-15,2026,1.0,BAL,Bilhal Kone,CB,IR,,sleeper
2026-09-15,2026,1.0,BAL,T.J. Tampa,DB,Questionable,,sleeper
2026-09-15,2026,1.0,BAL,Jahquez Robinson,DB,IR,,sleeper
2026-09-15,2026,1.0,BAL,Chandler Rivers,CB,Out,,sleeper
2026-09-15,2026,1.0,BAL,Ja'Kobi Lane,WR,Out,,sleeper
2026-09-15,2026,1.0,BAL,Emery Jones,OL,Out,,sleeper
2026-09-15,2026,1.0,BAL,Joe Fagnano,QB,Out,,sleeper
2026-09-15,2026,1.0,BUF,Mike Danna,DE,Out,,sleeper
2026-09-15,2026,1.0,BUF,Cole Bishop,DB,Questionable,,sleeper
2026-09-15,2026,1.0,BUF,Jude Bowry,OT,Out,,sleeper
2026-09-15,2026,1.0,BUF,Zane Durant,DT,IR,,sleeper
2026-09-15,2026,1.0,BUF,Tyrell Shavers,WR,PUP,,sleeper
2026-09-15,2026,1.0,BUF,Skyler Bell,WR,Out,,sleeper
2026-09-15,2026,1.0,BUF,Phidarian Mathis,DL,Suspended,,sleeper
2026-09-15,2026,1.0,BUF,Jedrick Wills,OT,Questionable,,sleeper
2026-09-15,2026,1.0,BUF,Dorian Strong,CB,PUP,,sleeper
2026-09-15,2026,1.0,BUF,Terrel Bernard,LB,Questionable,,sleeper
2026-09-15,2026,1.0,BUF,Jalon Kilgore,CB,Out,,sleeper
2026-09-15,2026,1.0,CAR,Taylor Moton,T,PUP,,sleeper
2026-09-15,2026,1.0,CAR,Tershawn Wharton,DT,PUP,,sleeper
2026-09-15,2026,1.0,CAR,John Metchie,WR,Out,,sleeper
2026-09-15,2026,1.0,CAR,Bam Martin-Scott,LB,IR,,sleeper
2026-09-15,2026,1.0,CAR,Patrick Jones,DE,Out,,sleeper
2026-09-15,2026,1.0,CAR,Haynes King,QB,Out,,sleeper
2026-09-15,2026,1.0,CAR,Chris Brazzell,WR,IR,,sleeper
2026-09-15,2026,1.0,CAR,Ikem Ekwonu,T,PUP,,sleeper
2026-09-15,2026,1.0,CAR,Trevor Etienne,RB,IR,,sleeper
2026-09-15,2026,1.0,CAR,Jalen Coker,WR,Questionable,,sleeper
2026-09-15,2026,1.0,CAR,Ja'Tavion Sanders,TE,Out,,sleeper
2026-09-15,2026,1.0,CAR,Zakee Wheatley,DB,Out,,sleeper
2026-09-15,2026,1.0,CAR,Cam Jackson,DT,Out,,sleeper
2026-09-15,2026,1.0,CAR,Brady Christensen,T,IR,,sleeper
2026-09-15,2026,1.0,CAR,Nic Scourton,DL,IR,,sleeper
2026-09-15,2026,1.0,CHI,Miller Moss,QB,Out,,sleeper
2026-09-15,2026,1.0,CHI,Jordan McFadden,OL,Out,,sleeper
2026-09-15,2026,1.0,CHI,Tony Fields,LB,IR,,sleeper
2026-09-15,2026,1.0,CHI,Nikola Kalinic,TE,IR,,sleeper
2026-09-15,2026,1.0,CHI,Tyrique Stevenson,CB,Questionable,,sleeper
2026-09-15,2026,1.0,CHI,Brittain Brown,RB,IR,,sleeper
2026-09-15,2026,1.0,CHI,Kyler Gordon,DB,PUP,,sleeper
2026-09-15,2026,1.0,CHI,Noah Sewell,LB,PUP,,sleeper
2026-09-15,2026,1.0,CHI,Hayden Large,TE,IR,,sleeper
2026-09-15,2026,1.0,CHI,Coby Bryant,DB,IR,,sleeper
2026-09-15,2026,1.0,CHI,Shemar Turner,DE,PUP,,sleeper
2026-09-15,2026,1.0,CHI,Jamree Kromah,DL,Out,,sleeper
2026-09-15,2026,1.0,CHI,Nephi Sewell,LB,IR,,sleeper
2026-09-15,2026,1.0,CIN,Josh Newton,CB,Out,,sleeper
2026-09-15,2026,1.0,CIN,Landon Robinson,NT,Out,,sleeper
2026-09-15,2026,1.0,CIN,Ja'Sir Taylor,DB,IR,,sleeper
2026-09-15,2026,1.0,CIN,Jack Endries,TE,Out,,sleeper
2026-09-15,2026,1.0,CIN,Connor Lew,C,Out,,sleeper
2026-09-15,2026,1.0,CIN,Myles Hinton,OT,Out,,sleeper
2026-09-15,2026,1.0,CLE,Toriano Pride,CB,Out,,sleeper
2026-09-15,2026,1.0,CLE,Kalia Davis,DL,IR,,sleeper
2026-09-15,2026,1.0,CLE,Justin Jefferson,LB,Out,,sleeper
2026-09-15,2026,1.0,CLE,Noah Igbinoghene,CB,Out,,sleeper
2026-09-15,2026,1.0,CLE,Daniel Thomas,DB,Out,,sleeper
2026-09-15,2026,1.0,CLE,Alex Wright,DL,IR,,sleeper
2026-09-15,2026,1.0,CLE,Dylan Sampson,RB,Out,,sleeper
2026-09-15,2026,1.0,CLE,Dillon Gabriel,QB,IR,,sleeper
2026-09-15,2026,1.0,CLE,Damarri Mathis,DB,IR,,sleeper
2026-09-15,2026,1.0,CLE,Jeremiah Owusu-Koramoah,LB,PUP,,sleeper
2026-09-15,2026,1.0,CLE,Kendrick Green,C,IR,,sleeper
2026-09-15,2026,1.0,CLE,Taylen Green,QB,Out,,sleeper
2026-09-15,2026,1.0,CLE,Joe Royer,TE,PUP,,sleeper
2026-09-15,2026,1.0,DAL,Tyrus Wheat,DE,Out,,sleeper
2026-09-15,2026,1.0,DAL,Kelvin Gilliam,DT,IR,,sleeper
2026-09-15,2026,1.0,DAL,Devin Moore,CB,IR,,sleeper
2026-09-15,2026,1.0,DAL,Tyler Smith,OL,IR,,sleeper
2026-09-15,2026,1.0,DAL,DeMarvion Overshown,LB,Questionable,,sleeper
2026-09-15,2026,1.0,DAL,DJ Rogers,TE,IR,,sleeper
2026-09-15,2026,1.0,DAL,Malik Hooker,DB,Out,,sleeper
2026-09-15,2026,1.0,DAL,Marist Liufau,LB,IR,,sleeper
2026-09-15,2026,1.0,DAL,Camden Brown,WR,Out,,sleeper
2026-09-15,2026,1.0,DAL,Matt Hennessy,OL,IR,,sleeper
2026-09-15,2026,1.0,DAL,Princeton Fant,TE,IR,,sleeper
2026-09-15,2026,1.0,DAL,Caelen Carson,DB,Out,,sleeper
2026-09-15,2026,1.0,DAL,Israel Abanikanda,RB,Out,,sleeper
2026-09-15,2026,1.0,DEN,Kage Casey,OT,Out,,sleeper
2026-09-15,2026,1.0,DEN,Levelle Bailey,LB,IR,,sleeper
2026-09-15,2026,1.0,DEN,Sam Ehlinger,QB,Out,,sleeper
2026-09-15,2026,1.0,DEN,Nick Gargiulo,OL,PUP,,sleeper
2026-09-15,2026,1.0,DEN,Caleb Lohner,TE,IR,,sleeper
2026-09-15,2026,1.0,DEN,Tyler Badie,RB,Out,,sleeper
2026-09-15,2026,1.0,DEN,Tyler Onyedim,DT,Out,,sleeper
2026-09-15,2026,1.0,DEN,Marvin Mims,WR,Questionable,,sleeper
2026-09-15,2026,1.0,DEN,Jordan Jackson,DL,Out,,sleeper
2026-09-15,2026,1.0,DEN,Matt Henningsen,DE,IR,,sleeper
2026-09-15,2026,1.0,DEN,Frank Crum,OT,IR,,sleeper
2026-09-15,2026,1.0,DEN,Dallen Bentley,TE,Out,,sleeper
2026-09-15,2026,1.0,DEN,Michael Deiter,OL,IR,,sleeper
2026-09-15,2026,1.0,DET,Cade Mays,OL,IR,,sleeper
2026-09-15,2026,1.0,DET,Brian Branch,DB,PUP,,sleeper
2026-09-15,2026,1.0,DET,Juice Scruggs,OL,Questionable,,sleeper
2026-09-15,2026,1.0,DET,Ennis Rakestraw,DB,Out,,sleeper
2026-09-15,2026,1.0,DET,Isiah Pacheco,RB,IR,,sleeper
2026-09-15,2026,1.0,DET,Kerby Joseph,DB,PUP,,sleeper
2026-09-15,2026,1.0,DET,Giovanni Manu,OL,PUP,,sleeper
2026-09-15,2026,1.0,DET,Payton Turner,DE,IR,,sleeper
2026-09-15,2026,1.0,DET,Blake Miller,OT,Questionable,,sleeper
2026-09-15,2026,1.0,DET,Damone Clark,LB,IR,,sleeper
2026-09-15,2026,1.0,DET,Christian Mahogany,OL,Questionable,,sleeper
2026-09-15,2026,1.0,DET,Ahmed Hassanein,DE,Out,,sleeper
2026-09-15,2026,1.0,DET,Kendrick Law,WR,IR,,sleeper
2026-09-15,2026,1.0,GB,Pierre Strong,RB,Questionable,,sleeper
2026-09-15,2026,1.0,GB,Collin Oliver,DE,IR,,sleeper
2026-09-15,2026,1.0,GB,Jordon Riley,DL,PUP,,sleeper
2026-09-15,2026,1.0,GB,Savion Williams,WR,IR,,sleeper
2026-09-15,2026,1.0,GB,Brandon Cisse,DB,Questionable,,sleeper
2026-09-15,2026,1.0,GB,Thomas Yassmin,TE,IR,,sleeper
2026-09-15,2026,1.0,GB,Travis Glover,OT,Out,,sleeper
2026-09-15,2026,1.0,GB,Micah Parsons,LB,PUP,,sleeper
2026-09-15,2026,1.0,GB,Luke Musgrave,TE,PUP,,sleeper
2026-09-15,2026,1.0,GB,Josh Whyle,TE,Questionable,,sleeper
2026-09-15,2026,1.0,GB,Anthony Campbell,DT,Out,,sleeper
2026-09-15,2026,1.0,GB,Bo Melton,WR,Questionable,,sleeper
2026-09-15,2026,1.0,GB,Marlon Jones,CB,IR,,sleeper
2026-09-15,2026,1.0,GB,Trey Dean,DB,IR,,sleeper
2026-09-15,2026,1.0,GB,J. Michael Sturdivant,WR,Out,,sleeper
2026-09-15,2026,1.0,GB,Johnathan Baldwin,DB,IR,,sleeper
2026-09-15,2026,1.0,HOU,Jake Hummel,LB,Questionable,,sleeper
2026-09-15,2026,1.0,HOU,Henry To'oTo'o,LB,Questionable,,sleeper
2026-09-15,2026,1.0,HOU,M.J. Stewart,DB,PUP,,sleeper
2026-09-15,2026,1.0,HOU,Jaden Crumedy,DT,Out,,sleeper
2026-09-15,2026,1.0,HOU,E.J. Speed,LB,PUP,,sleeper
2026-09-15,2026,1.0,HOU,Braden Smith,OL,IR,,sleeper
2026-09-15,2026,1.0,HOU,Brevin Jordan,TE,Out,,sleeper
2026-09-15,2026,1.0,HOU,Ali Gaye,DE,IR,,sleeper
2026-09-15,2026,1.0,HOU,Nate Thomas,OL,Out,,sleeper
2026-09-15,2026,1.0,HOU,Aiden Fisher,LB,Out,,sleeper
2026-09-15,2026,1.0,HOU,Dylan Horton,DL,IR,,sleeper
2026-09-15,2026,1.0,HOU,Graham Mertz,QB,IR,,sleeper
2026-09-15,2026,1.0,HOU,Jayden Higgins,WR,IR,,sleeper
2026-09-15,2026,1.0,HOU,Febechi Nwaiwu,OL,Out,,sleeper
2026-09-15,2026,1.0,HOU,Sam Hagen,OL,IR,,sleeper
2026-09-15,2026,1.0,HOU,Ja'Marcus Ingram,CB,IR,,sleeper
2026-09-15,2026,1.0,HOU,Tank Dell,WR,IR,,sleeper
2026-09-15,2026,1.0,HOU,K.C. Ossai,LB,IR,,sleeper
2026-09-15,2026,1.0,IND,Will Mallory,TE,IR,,sleeper
2026-09-15,2026,1.0,IND,George Gumbs,DE,Out,,sleeper
2026-09-15,2026,1.0,IND,Riley Leonard,QB,Out,,sleeper
2026-09-15,2026,1.0,IND,Carson Towt,TE,IR,,sleeper
2026-09-15,2026,1.0,IND,Dalton Tucker,OL,Out,,sleeper
2026-09-15,2026,1.0,IND,D.J. Montgomery,WR,IR,,sleeper
2026-09-15,2026,1.0,IND,DJ Giddens,RB,Out,,sleeper
2026-09-15,2026,1.0,IND,Cam Taylor-Britt,DB,Suspended,,sleeper
2026-09-15,2026,1.0,IND,Cameron Mitchell,DB,IR,,sleeper
2026-09-15,2026,1.0,JAX,Zach Durfee,DE,IR,,sleeper
2026-09-15,2026,1.0,JAX,Patrick Mekari,OL,IR,,sleeper
2026-09-15,2026,1.0,JAX,Wesley Williams,DE,Out,,sleeper
2026-09-15,2026,1.0,JAX,Jalen Huskey,DB,Out,,sleeper
2026-09-15,2026,1.0,JAX,Parker Hughes,LB,IR,,sleeper
2026-09-15,2026,1.0,JAX,Sam Mustipher,OL,IR,,sleeper
2026-09-15,2026,1.0,JAX,Brian Thomas,WR,Questionable,,sleeper
2026-09-15,2026,1.0,JAX,Tanner Koziol,TE,Out,,sleeper
2026-09-15,2026,1.0,JAX,Quinn Ewers,QB,Out,,sleeper
2026-09-15,2026,1.0,JAX,Jared Bartlett,LB,IR,,sleeper
2026-09-15,2026,1.0,JAX,Garrett DiGiorgio,G,IR,,sleeper
2026-09-15,2026,1.0,JAX,B.J. Green,DE,Questionable,,sleeper
2026-09-15,2026,1.0,JAX,Daniel Faalele,T,Out,,sleeper
2026-09-15,2026,1.0,KC,Mansoor Delane,DB,Out,,sleeper
2026-09-15,2026,1.0,KC,Cooper McDonald,LB,Questionable,,sleeper
2026-09-15,2026,1.0,KC,Omarr Norman-Lott,DT,PUP,,sleeper
2026-09-15,2026,1.0,KC,John Michael Gyllenborg,TE,IR,,sleeper
2026-09-15,2026,1.0,KC,Jimmy Holiday,WR,IR,,sleeper
2026-09-15,2026,1.0,KC,Ethan Downs,DE,IR,,sleeper
2026-09-15,2026,1.0,KC,Jeff Caldwell,WR,IR,,sleeper
2026-09-15,2026,1.0,KC,Jared Wiley,TE,Out,,sleeper
2026-09-15,2026,1.0,KC,Garrett Nussmeier,QB,Out,,sleeper
2026-09-15,2026,1.0,KC,Diego Pounds,OT,Out,,sleeper
2026-09-15,2026,1.0,LAC,RJ Mickens,DB,Out,,sleeper
2026-09-15,2026,1.0,LAC,Branson Taylor,OL,IR,,sleeper
2026-09-15,2026,1.0,LAC,Ladd McConkey,WR,Questionable,,sleeper
2026-09-15,2026,1.0,LAC,Tyler Biadasz,C,IR,,sleeper
2026-09-15,2026,1.0,LAC,Alex Harkey,OT,Out,,sleeper
2026-09-15,2026,1.0,LAC,Denzel Perryman,LB,IR,,sleeper
2026-09-15,2026,1.0,LAC,Derius Davis,WR,Questionable,,sleeper
2026-09-15,2026,1.0,LAC,Logan Taylor,G,Out,,sleeper
2026-09-15,2026,1.0,LAC,Elijah Molden,CB,Questionable,,sleeper
2026-09-15,2026,1.0,LAC,Scott Matlock,DT,IR,,sleeper
2026-09-15,2026,1.0,LAC,Trevor Penning,T,Out,,sleeper
2026-09-15,2026,1.0,LAC,KeAndre Lambert-Smith,WR,Questionable,,sleeper
2026-09-15,2026,1.0,LAC,Isaiah World,OT,PUP,,sleeper
2026-09-15,2026,1.0,LAR,Duplicate Player,DE,Out,,sleeper
2026-09-15,2026,1.0,LAR,CJ Daniels,WR,Out,,sleeper
2026-09-15,2026,1.0,LAR,Nate Landman,LB,Questionable,,sleeper
2026-09-15,2026,1.0,LAR,Tutu Atwell,WR,Out,,sleeper
2026-09-15,2026,1.0,LAR,Kam Curl,DB,Questionable,,sleeper
2026-09-15,2026,1.0,LAR,Bill Murray,DT,Out,,sleeper
2026-09-15,2026,1.0,LAR,Davis Allen,TE,Questionable,,sleeper
2026-09-15,2026,1.0,LAR,Omar Speights,LB,Questionable,,sleeper
2026-09-15,2026,1.0,LAR,Ty Simpson,QB,Out,,sleeper
2026-09-15,2026,1.0,LAR,Eddie Walls,DL,IR,,sleeper
2026-09-15,2026,1.0,LAR,Matthew Caldwell,QB,IR,,sleeper
2026-09-15,2026,1.0,LAR,Keir Thomas,DE,IR,,sleeper
2026-09-15,2026,1.0,LAR,Max Klare,TE,Out,,sleeper
2026-09-15,2026,1.0,LAR,Justin Dedich,OL,IR,,sleeper
2026-09-15,2026,1.0,LAR,Keagen Trost,OL,IR,,sleeper
2026-09-15,2026,1.0,LV,Dalton Johnson,DB,Out,,sleeper
2026-09-15,2026,1.0,LV,Darien Porter,DB,Questionable,,sleeper
2026-09-15,2026,1.0,LV,Corey Rucker,WR,IR,,sleeper
2026-09-15,2026,1.0,LV,Justin Pickett,G,IR,,sleeper
2026-09-15,2026,1.0,LV,JJ Pegues,DT,Out,,sleeper
2026-09-15,2026,1.0,LV,Keyron Crawford,DE,IR,,sleeper
2026-09-15,2026,1.0,LV,Bryce Cabeldue,OT,Out,,sleeper
2026-09-15,2026,1.0,LV,Aidan O'Connell,QB,Out,,sleeper
2026-09-15,2026,1.0,LV,Brennan Jackson,DE,IR,,sleeper
2026-09-15,2026,1.0,LV,Dont'e Thornton,WR,IR,,sleeper
2026-09-15,2026,1.0,LV,Chigozie Anusiem,CB,IR,,sleeper
2026-09-15,2026,1.0,LV,Darrell Luter,CB,Out,,sleeper
2026-09-15,2026,1.0,LV,Justin Shorter,WR,IR,,sleeper
2026-09-15,2026,1.0,LV,Cody Lindenberg,LB,Out,,sleeper
2026-09-15,2026,1.0,LV,Carter Runyon,TE,IR,,sleeper
2026-09-15,2026,1.0,LV,Chris Collier,RB,IR,,sleeper
2026-09-15,2026,1.0,MIA,Kyle Louis,LB,Out,,sleeper
2026-09-15,2026,1.0,MIA,Kenneth Grant,DL,IR,,sleeper
2026-09-15,2026,1.0,MIA,Justin Joly,TE,Out,,sleeper
2026-09-15,2026,1.0,MIA,Rene Konga,DL,IR,,sleeper
2026-09-15,2026,1.0,MIA,Jalen Tolbert,WR,Out,,sleeper
2026-09-15,2026,1.0,MIA,Trey Moore,LB,IR,,sleeper
2026-09-15,2026,1.0,MIA,Darrell Baker,CB,PUP,,sleeper
2026-09-15,2026,1.0,MIA,Reese Taylor,CB,Out,,sleeper
2026-09-15,2026,1.0,MIA,DJ Campbell,G,Out,,sleeper
2026-09-15,2026,1.0,MIA,Brady Cook,QB,Out,,sleeper
2026-09-15,2026,1.0,MIA,Tucker Addington,LS,Questionable,,sleeper
2026-09-15,2026,1.0,MIA,Chukwuebuka Godrick,OL,Out,,sleeper
2026-09-15,2026,1.0,MIA,Cole Turner,TE,IR,,sleeper
2026-09-15,2026,1.0,MIA,Storm Duck,CB,PUP,,sleeper
2026-09-15,2026,1.0,MIN,Naquan Jones,DT,Questionable,,sleeper
2026-09-15,2026,1.0,MIN,Tyler Batty,DL,IR,,sleeper
2026-09-15,2026,1.0,MIN,Demond Claiborne,RB,Out,,sleeper
2026-09-15,2026,1.0,MIN,Taki Taimani,DL,IR,,sleeper
2026-09-15,2026,1.0,MIN,Dontae Fleming,WR,Questionable,,sleeper
2026-09-15,2026,1.0,MIN,Jordan Mason,RB,Questionable,,sleeper
2026-09-15,2026,1.0,MIN,Michael Jurgens,OL,IR,,sleeper
2026-09-15,2026,1.0,MIN,J.J. McCarthy,QB,Out,,sleeper
2026-09-15,2026,1.0,MIN,Elijah Williams,DL,Out,,sleeper
2026-09-15,2026,1.0,MIN,Nick Samac,C,Out,,sleeper
2026-09-15,2026,1.0,MIN,Ben Yurosek,TE,IR,,sleeper
2026-09-15,2026,1.0,MIN,Jamal Adams,SS,IR,,sleeper
2026-09-15,2026,1.0,MIN,Tyreek Chappell,CB,IR,,sleeper
2026-09-15,2026,1.0,MIN,Jacob Roberts,LB,Questionable,,sleeper
2026-09-15,2026,1.0,MIN,Jeshaun Jones,WR,Suspended,,sleeper
2026-09-15,2026,1.0,MIN,Kyler Murray,QB,Out,,sleeper
2026-09-15,2026,1.0,MIN,Zemaiah Vaughn,CB,Out,,sleeper
2026-09-15,2026,1.0,NE,Behren Morton,QB,Out,,sleeper
2026-09-15,2026,1.0,NE,Efton Chism,WR,Out,,sleeper
2026-09-15,2026,1.0,NE,Bryce Baringer,P,IR,,sleeper
2026-09-15,2026,1.0,NE,Khalil Jacobs,LB,IR,,sleeper
2026-09-15,2026,1.0,NE,Myles Montgomery,RB,IR,,sleeper
2026-09-15,2026,1.0,NE,Karon Prunty,DB,Out,,sleeper
2026-09-15,2026,1.0,NE,Marcus Bryant,OL,IR,,sleeper
2026-09-15,2026,1.0,NE,A.J. Brown,WR,IR,,sleeper
2026-09-15,2026,1.0,NE,Julian Hill,TE,IR,,sleeper
2026-09-15,2026,1.0,NE,Walter Rouse,OL,Out,,sleeper
2026-09-15,2026,1.0,NE,Jeremiah Webb,WR,IR,,sleeper
2026-09-15,2026,1.0,NE,Harold Landry,LB,PUP,,sleeper
2026-09-15,2026,1.0,NE,Brenden Schooler,DB,PUP,,sleeper
2026-09-15,2026,1.0,NO,Audric Estime,RB,IR,,sleeper
2026-09-15,2026,1.0,NO,Rejzohn Wright,CB,IR,,sleeper
2026-09-15,2026,1.0,NO,Zach Wilson,QB,Out,,sleeper
2026-09-15,2026,1.0,NO,Mason Tipton,WR,PUP,,sleeper
2026-09-15,2026,1.0,NO,David Long,CB,IR,,sleeper
2026-09-15,2026,1.0,NO,Moliki Matavao,TE,IR,,sleeper
2026-09-15,2026,1.0,NO,Jordyn Tyson,WR,IR,,sleeper
2026-09-15,2026,1.0,NO,Khristian Boyd,DL,Out,,sleeper
2026-09-15,2026,1.0,NO,Jaylan Ford,LB,IR,,sleeper
2026-09-15,2026,1.0,NO,Ty Chandler,RB,IR,,sleeper
2026-09-15,2026,1.0,NO,Dillon Radunz,OL,IR,,sleeper
2026-09-15,2026,1.0,NO,Lorenzo Styles,DB,IR,,sleeper
2026-09-15,2026,1.0,NO,John Ridgeway,DL,Out,,sleeper
2026-09-15,2026,1.0,NO,Bryan Bresee,DT,IR,,sleeper
2026-09-15,2026,1.0,NO,Nick Saldiveri,OL,PUP,,sleeper
2026-09-15,2026,1.0,NYG,Jason Pinnock,CB,Out,,sleeper
2026-09-15,2026,1.0,NYG,Calvin Austin,WR,IR,,sleeper
2026-09-15,2026,1.0,NYG,Gunner Olszewski,WR,IR,,sleeper
2026-09-15,2026,1.0,NYG,Thaddeus Dixon,CB,IR,,sleeper
2026-09-15,2026,1.0,NYG,Nic Jones,CB,Out,,sleeper
2026-09-15,2026,1.0,NYG,Thomas Fidone,TE,Out,,sleeper
2026-09-15,2026,1.0,NYG,Bobby Jamison-Travis,DL,Out,,sleeper
2026-09-15,2026,1.0,NYG,Roy Robertson-Harris,DE,IR,,sleeper
2026-09-15,2026,1.0,NYG,J.C. Davis,OT,Out,,sleeper
2026-09-15,2026,1.0,NYG,Jarrick Bernard-Converse,CB,IR,,sleeper
2026-09-15,2026,1.0,NYG,Korie Black,CB,IR,,sleeper
2026-09-15,2026,1.0,NYG,Najee Harris,RB,Out,,sleeper
2026-09-15,2026,1.0,NYJ,VJ Payne,DB,IR,,sleeper
2026-09-15,2026,1.0,NYJ,Kingsley Jonathan,DT,IR,,sleeper
2026-09-15,2026,1.0,NYJ,Tyler Baron,DE,PUP,,sleeper
2026-09-15,2026,1.0,NYJ,Anez Cooper,G,IR,,sleeper
2026-09-15,2026,1.0,NYJ,Blake Grupe,K,Out,,sleeper
2026-09-15,2026,1.0,NYJ,Omar Cooper,WR,Out,,sleeper
2026-09-15,2026,1.0,NYJ,Trevin Wallace,LB,Out,,sleeper
2026-09-15,2026,1.0,NYJ,Minkah Fitzpatrick,DB,Questionable,,sleeper
2026-09-15,2026,1.0,NYJ,Tre Brown,CB,IR,,sleeper
2026-09-15,2026,1.0,NYJ,Jarvis Brownlee,DB,Questionable,,sleeper
2026-09-15,2026,1.0,PHI,Johnny Wilson,WR,IR,,sleeper
2026-09-15,2026,1.0,PHI,Micah Morris,G,Out,,sleeper
2026-09-15,2026,1.0,PHI,Grant Calcaterra,TE,IR,,sleeper
2026-09-15,2026,1.0,PHI,Jakorian Bennett,DB,IR,,sleeper
2026-09-15,2026,1.0,PHI,Landon Dickerson,OL,IR,,sleeper
2026-09-15,2026,1.0,PHI,Andre' Sam,DB,IR,,sleeper
2026-09-15,2026,1.0,PHI,Elijah Moore,WR,Out,,sleeper
2026-09-15,2026,1.0,PHI,Cole Payton,QB,Out,,sleeper
2026-09-15,2026,1.0,PHI,Tanner McKee,QB,Out,,sleeper
2026-09-15,2026,1.0,PHI,Tucker Large,DB,PUP,,sleeper
2026-09-15,2026,1.0,PHI,Marcus Epps,DB,Questionable,,sleeper
2026-09-15,2026,1.0,PHI,Danny Gray,WR,Questionable,,sleeper
2026-09-15,2026,1.0,PIT,Logan Lee,DL,IR,,sleeper
2026-09-15,2026,1.0,PIT,Donte Kent,CB,PUP,,sleeper
2026-09-15,2026,1.0,PIT,Gennings Dunker,OT,Out,,sleeper
2026-09-15,2026,1.0,PIT,Will Howard,QB,Out,,sleeper
2026-09-15,2026,1.0,PIT,Gabriel Rubio,DL,Out,,sleeper
2026-09-15,2026,1.0,PIT,DeShon Elliott,DB,IR,,sleeper
2026-09-15,2026,1.0,PIT,Joey Porter,DB,Out,,sleeper
2026-09-15,2026,1.0,PIT,Jack Driscoll,T,IR,,sleeper
2026-09-15,2026,1.0,PIT,Drew Allar,QB,Out,,sleeper
2026-09-15,2026,1.0,SEA,Beau Stephens,G,Out,,sleeper
2026-09-15,2026,1.0,SEA,Aaron Smith,LB,Questionable,,sleeper
2026-09-15,2026,1.0,SEA,Sam Darnold,QB,Out,,sleeper
2026-09-15,2026,1.0,SEA,Jake Bobo,WR,IR,,sleeper
2026-09-15,2026,1.0,SEA,Mike Morris,DE,Out,,sleeper
2026-09-15,2026,1.0,SEA,Irv Charles,WR,IR,,sleeper
2026-09-15,2026,1.0,SEA,Robbie Ouzts,RB,IR,,sleeper
2026-09-15,2026,1.0,SEA,Nick Kallerup,TE,Out,,sleeper
2026-09-15,2026,1.0,SEA,Bud Clark,DB,IR,,sleeper
2026-09-15,2026,1.0,SEA,Power Echols,LB,Questionable,,sleeper
2026-09-15,2026,1.0,SEA,Mason Richman,OL,IR,,sleeper
2026-09-15,2026,1.0,SEA,Jalen Milroe,QB,Out,,sleeper
2026-09-15,2026,1.0,SEA,Zach Charbonnet,RB,PUP,,sleeper
2026-09-15,2026,1.0,SEA,Amari Kight,OT,Questionable,,sleeper
2026-09-15,2026,1.0,SF,Mykel Williams,DL,PUP,,sleeper
2026-09-15,2026,1.0,SF,Nate Hobbs,CB,IR,,sleeper
2026-09-15,2026,1.0,SF,Andrew Farmer,LB,IR,,sleeper
2026-09-15,2026,1.0,SF,Jake Tonges,TE,Questionable,,sleeper
2026-09-15,2026,1.0,SF,Isaac Guerendo,RB,PUP,,sleeper
2026-09-15,2026,1.0,SF,Ricky Pearsall,WR,IR,,sleeper
2026-09-15,2026,1.0,SF,De'Zhaun Stribling,WR,Out,,sleeper
2026-09-15,2026,1.0,SF,Darrick Forrest,DB,IR,,sleeper
2026-09-15,2026,1.0,SF,Ephesians Prysock,CB,Out,,sleeper
2026-09-15,2026,1.0,SF,Kurtis Rourke,QB,Out,,sleeper
2026-09-15,2026,1.0,SF,Austen Pleasants,OL,IR,,sleeper
2026-09-15,2026,1.0,SF,Jordan Watkins,WR,Out,,sleeper
2026-09-15,2026,1.0,SF,Nick Martin,LB,IR,,sleeper
2026-09-15,2026,1.0,SF,Christian Kirk,WR,IR,,sleeper
2026-09-15,2026,1.0,SF,Jordan James,RB,Out,,sleeper
2026-09-15,2026,1.0,SF,Enrique Cruz,OL,Out,,sleeper
2026-09-15,2026,1.0,SF,Mikail Kamara,DE,IR,,sleeper
2026-09-15,2026,1.0,SF,Tatum Bethune,LB,Out,,sleeper
2026-09-15,2026,1.0,SF,Brett Toth,OL,IR,,sleeper
2026-09-15,2026,1.0,SF,Sam Okuayinonu,DE,IR,,sleeper
2026-09-15,2026,1.0,SF,Nick Zakelj,OL,IR,,sleeper
2026-09-15,2026,1.0,TB,Deshawn McKnight,DL,IR,,sleeper
2026-09-15,2026,1.0,TB,Mohamed Kamara,DL,IR,,sleeper
2026-09-15,2026,1.0,TB,Jacob Parrish,DB,Questionable,,sleeper
2026-09-15,2026,1.0,TB,Elijah Simmons,DL,Out,,sleeper
2026-09-15,2026,1.0,TB,DeMonte Capehart,DT,Out,,sleeper
2026-09-15,2026,1.0,TB,David Sills,WR,IR,,sleeper
2026-09-15,2026,1.0,TB,Josh Hayes,CB,IR,,sleeper
2026-09-15,2026,1.0,TEN,Jaren Kanak,TE,IR,,sleeper
2026-09-15,2026,1.0,TEN,Donnie Ernsberger,TE,Questionable,,sleeper
2026-09-15,2026,1.0,TEN,Joshua Williams,CB,IR,,sleeper
2026-09-15,2026,1.0,TEN,Owen Pappoe,LB,Out,,sleeper
2026-09-15,2026,1.0,TEN,Atonio Mafi,OL,Out,,sleeper
2026-09-15,2026,1.0,TEN,Dorian Mausi,LB,IR,,sleeper
2026-09-15,2026,1.0,TEN,Dominique Hampton,CB,Questionable,,sleeper
2026-09-15,2026,1.0,TEN,Jaylen Harrell,DE,IR,,sleeper
2026-09-15,2026,1.0,TEN,Milo Eifler,LB,IR,,sleeper
2026-09-15,2026,1.0,TEN,Jackie Marshall,DE,Out,,sleeper
2026-09-15,2026,1.0,TEN,Jaylon Jones,DB,Out,,sleeper
2026-09-15,2026,1.0,TEN,Nicholas Singleton,RB,Out,,sleeper
2026-09-15,2026,1.0,TEN,Kendell Brooks,DB,IR,,sleeper
2026-09-15,2026,1.0,TEN,Tanoh Kpassagnon,DE,IR,,sleeper
2026-09-15,2026,1.0,WAS,Ricky Barber,DT,Out,,sleeper
2026-09-15,2026,1.0,WAS,Athan Kaliakmanis,QB,Out,,sleeper
2026-09-15,2026,1.0,WAS,Jeremy McNichols,RB,IR,,sleeper
2026-09-15,2026,1.0,WAS,Luke McCaffrey,WR,Out,,sleeper
2026-09-15,2026,1.0,WAS,Treylon Burks,WR,Out,,sleeper
2026-09-15,2026,1.0,WAS,Laremy Tunsil,OL,IR,,sleeper
2026-09-15,2026,1.0,WAS,Dorance Armstrong,DE,Suspended,,sleeper
2026-09-15,2026,1.0,WAS,Deatrich Wise,DE,PUP,,sleeper
2026-09-15,2026,1.0,WAS,Jer'Zhan Newton,DL,IR,,sleeper
2026-09-15,2026,1.0,WAS,Frankie Luvu,LB,Questionable,,sleeper
2026-09-15,2026,1.0,WAS,Tyler Owens,DB,Questionable,,sleeper
2026-09-15,2026,1.0,WAS,Chig Okonkwo,TE,Questionable,,sleeper
2026-09-15,2026,1.0,WAS,Trey Amos,DB,IR,,sleeper
2026-09-22,2026,2.0,ARI,Isaac Seumalo,G,Questionable,Limited Participation in Practice,nflverse
2026-09-22,2026,2.0,ARI,Andrew Billings,DT,Questionable,Limited Participation in Practice,nflverse
2026-09-22,2026,2.0,ARI,Budda Baker,S,,Full Participation in Practice,nflverse
2026-09-22,2026,2.0,ARI,Josh Sweat,LB,,Full Participation in Practice,nflverse
2026-09-22,2026,2.0,ARI,Roy Lopez,DT,Questionable,Limited Participation in Practice,nflverse
2026-09-22,2026,2.0,ARI,Jack Gibbens,LB,,Full Participation in Practice,nflverse
2026-09-22,2026,2.0,ARI,Trey McBride,TE,,Full Participation in Practice,nflverse
2026-09-22,2026,2.0,ARI,Garrett Williams,CB,Out,Limited Participation in Practice,nflverse
2026-09-22,2026,2.0,ARI,Max Melton,CB,Questionable,Limited Participation in Practice,nflverse
2026-09-22,2026,2.0,ARI,Isaiah Adams,G,Questionable,Limited Participation in Practice,nflverse
2026-09-22,2026,2.0,ARI,Dadrion Taylor-Demerson,S,Questionable,Limited Participation in Practice,nflverse
2026-09-22,2026,2.0,ARI,Cody Simon,LB,,Full Participation in Practice,nflverse
2026-09-22,2026,2.0,ATL,Jake Matthews,T,,Did Not Participate In Practice,nflverse
2026-09-22,2026,2.0,ATL,Za'Darius Smith,DE,,Did Not Participate In Practice,nflverse
2026-09-22,2026,2.0,ATL,Cooper Rush,QB,,Full Participation in Practice,nflverse
2026-09-22,2026,2.0,ATL,Jawaan Taylor,T,,Full Participation in Practice,nflverse
2026-09-22,2026,2.0,ATL,Chris Lindstrom,G,Questionable,Full Participation in Practice,nflverse
2026-09-22,2026,2.0,ATL,Tua Tagovailoa,QB,Doubtful,Did Not Participate In Practice,nflverse
2026-09-22,2026,2.0,ATL,A.J. Terrell,CB,Questionable,Did Not Participate In Practice,nflverse
2026-09-22,2026,2.0,ATL,Ryan Neuzil,C,,Did Not Participate In Practice,nflverse
2026-09-22,2026,2.0,ATL,Michael Penix Jr.,QB,Out,Full Participation in Practice,nflverse
2026-09-22,2026,2.0,ATL,Billy Bowman Jr.,CB,Out,Full Participation in Practice,nflverse
2026-09-22,2026,2.0,ATL,Kendal Daniels,LB,,Full Participation in Practice,nflverse
2026-09-22,2026,2.0,BAL,Calais Campbell,DT,,Full Participation in Practice,nflverse
2026-09-22,2026,2.0,BAL,Ronnie Stanley,T,Questionable,Limited Participation in Practice,nflverse
2026-09-22,2026,2.0,BAL,Trey Hendrickson,LB,Questionable,Limited Participation in Practice,nflverse
2026-09-22,2026,2.0,BAL,Nnamdi Madubuike,DT,Out,Limited Participation in Practice,nflverse
2026-09-22,2026,2.0,BAL,Jaylinn Hawkins,S,,Full Participation in Practice,nflverse
2026-09-22,2026,2.0,BAL,John Simpson,G,Questionable,Limited Participation in Practice,nflverse
2026-09-22,2026,2.0,BAL,Zay Flowers,WR,Doubtful,Limited Participation in Practice,nflverse
2026-09-22,2026,2.0,BAL,T.J. Tampa,CB,Out,Did Not Participate In Practice,nflverse
2026-09-22,2026,2.0,BAL,Devontez Walker,WR,,Full Participation in Practice,nflverse
2026-09-22,2026,2.0,BAL,Teddye Buchanan,LB,Out,Limited Participation in Practice,nflverse
2026-09-22,2026,2.0,BAL,Keondre Jackson,S,,Full Participation in Practice,nflverse
2026-09-22,2026,2.0,BUF,Bradley Chubb,LB,,Full Participation in Practice,nflverse
2026-09-22,2026,2.0,BUF,Ty Johnson,RB,Questionable,Limited Participation in Practice,nflverse
2026-09-22,2026,2.0,BUF,Terrel Bernard,LB,,Limited Participation in Practice,nflverse
2026-09-22,2026,2.0,BUF,Cole Bishop,S,Questionable,Limited Participation in Practice,nflverse
2026-09-22,2026,2.0,BUF,Jordan Hancock,CB,,Full Participation in Practice,nflverse
2026-09-22,2026,2.0,BUF,T.J. Sanders,DE,Questionable,Limited Participation in Practice,nflverse
2026-09-22,2026,2.0,CAR,Darren Waller,TE,,Full Participation in Practice,nflverse
2026-09-22,2026,2.0,CAR,Bobby Brown III,DT,Out,Did Not Participate In Practice,nflverse
2026-09-22,2026,2.0,CAR,Patrick Jones II,LB,Questionable,Limited Participation in Practice,nflverse
2026-09-22,2026,2.0,CAR,Jalen Coker,WR,,Full Participation in Practice,nflverse
2026-09-22,2026,2.0,CHI,Grady Jarrett,DT,,Full Participation in Practice,nflverse
2026-09-22,2026,2.0,CHI,Joe Thuney,G,,Full Participation in Practice,nflverse
2026-09-22,2026,2.0,CHI,Xavier Woods,S,,Full Participation in Practice,nflverse
2026-09-22,2026,2.0,CHI,D'Andre Swift,RB,,Full Participation in Practice,nflverse
2026-09-22,2026,2.0,CHI,Neville Gallimore,DT,,Full Participation in Practice,nflverse
2026-09-22,2026,2.0,CHI,Dayo Odeyingbo,DE,,Full Participation in Practice,nflverse
2026-09-22,2026,2.0,CHI,Darnell Wright,T,,Full Participation in Practice,nflverse
2026-09-22,2026,2.0,CHI,Kyle Monangai,RB,,Full Participation in Practice,nflverse
2026-09-22,2026,2.0,CHI,Ozzy Trapilo,T,,Full Participation in Practice,nflverse
2026-09-22,2026,2.0,CHI,Malik Muhammad,CB,,Full Participation in Practice,nflverse
2026-09-22,2026,2.0,CIN,Jonathan Allen,DT,,Full Participation in Practice,nflverse
2026-09-22,2026,2.0,CIN,Samaje Perine,RB,,Did Not Participate In Practice,nflverse
2026-09-22,2026,2.0,CIN,B.J. Hill,DT,Questionable,Did Not Participate In Practice,nflverse
2026-09-22,2026,2.0,CIN,Dexter Lawrence,DT,,Did Not Participate In Practice,nflverse
2026-09-22,2026,2.0,CIN,Joe Burrow,QB,Questionable,Full Participation in Practice,nflverse
2026-09-22,2026,2.0,CIN,Daxton Hill,CB,,Full Participation in Practice,nflverse
2026-09-22,2026,2.0,CIN,Shemar Stewart,DE,,Full Participation in Practice,nflverse
2026-09-22,2026,2.0,CLE,Maliek Collins,DT,,Limited Participation in Practice,nflverse
2026-09-22,2026,2.0,CLE,Elgton Jenkins,C,,Full Participation in Practice,nflverse
2026-09-22,2026,2.0,CLE,Noah Igbinoghene,CB,Questionable,,nflverse
2026-09-22,2026,2.0,CLE,Jerry Jeudy,WR,,Full Participation in Practice,nflverse
2026-09-22,2026,2.0,CLE,Teven Jenkins,G,Out,Did Not Participate In Practice,nflverse
2026-09-22,2026,2.0,CLE,Tyson Campbell,CB,Questionable,Limited Participation in Practice,nflverse
2026-09-22,2026,2.0,CLE,Zion Johnson,G,,Full Participation in Practice,nflverse
2026-09-22,2026,2.0,CLE,Dawand Jones,T,,Full Participation in Practice,nflverse
2026-09-22,2026,2.0,CLE,Parker Brailsford,C,,Full Participation in Practice,nflverse
2026-09-22,2026,2.0,DAL,Malik Hooker,S,Out,Did Not Participate In Practice,nflverse
2026-09-22,2026,2.0,DAL,James Houston,LB,,Full Participation in Practice,nflverse
2026-09-22,2026,2.0,DAL,DeMarvion Overshown,LB,Out,Did Not Participate In Practice,nflverse
2026-09-22,2026,2.0,DAL,Ajani Cornelius,T,,Full Participation in Practice,nflverse
2026-09-22,2026,2.0,DEN,Marvin Mims Jr.,WR,Out,Did Not Participate In Practice,nflverse
2026-09-22,2026,2.0,DEN,Jonah Elliss,LB,,Full Participation in Practice,nflverse
2026-09-22,2026,2.0,DEN,Troy Franklin,WR,,Full Participation in Practice,nflverse
2026-09-22,2026,2.0,DEN,RJ Harvey,RB,Questionable,Limited Participation in Practice,nflverse
2026-09-22,2026,2.0,DET,D.J. Reed,CB,Questionable,Limited Participation in Practice,nflverse
2026-09-22,2026,2.0,DET,Christian Izien,S,,Full Participation in Practice,nflverse
2026-09-22,2026,2.0,DET,Juice Scruggs,G,,Full Participation in Practice,nflverse
2026-09-22,2026,2.0,DET,Christian Mahogany,G,Out,Did Not Participate In Practice,nflverse
2026-09-22,2026,2.0,DET,Blake Miller,T,Out,Did Not Participate In Practice,nflverse
2026-09-22,2026,2.0,GB,Javon Hargrave,DT,Doubtful,Did Not Participate In Practice,nflverse
2026-09-22,2026,2.0,GB,Aaron Banks,G,Questionable,Limited Participation in Practice,nflverse
2026-09-22,2026,2.0,GB,Benjamin St-Juste,CB,Questionable,Limited Participation in Practice,nflverse
2026-09-22,2026,2.0,GB,Devonte Wyatt,DT,,Limited Participation in Practice,nflverse
2026-09-22,2026,2.0,GB,Zach Bako-Bewele,T,Questionable,Limited Participation in Practice,nflverse
2026-09-22,2026,2.0,GB,Lukas Van Ness,LB,Questionable,Limited Participation in Practice,nflverse
2026-09-22,2026,2.0,GB,Ty'Ron Hopper,LB,,Limited Participation in Practice,nflverse
2026-09-22,2026,2.0,GB,Barryn Sorrell,LB,,Limited Participation in Practice,nflverse
2026-09-22,2026,2.0,GB,Warren Brinson,DT,Out,Did Not Participate In Practice,nflverse
2026-09-22,2026,2.0,GB,Brandon Cisse,CB,,Full Participation in Practice,nflverse
2026-09-22,2026,2.0,HOU,Jadeveon Clowney,DE,Out,Did Not Participate In Practice,nflverse
2026-09-22,2026,2.0,HOU,Trent Brown,T,,Full Participation in Practice,nflverse
2026-09-22,2026,2.0,HOU,Dalton Schultz,TE,,Did Not Participate In Practice,nflverse
2026-09-22,2026,2.0,HOU,Nico Collins,WR,Out,Did Not Participate In Practice,nflverse
2026-09-22,2026,2.0,HOU,Jacob Hummel,LB,Out,Did Not Participate In Practice,nflverse
2026-09-22,2026,2.0,HOU,Logan Hall,DE,,Did Not Participate In Practice,nflverse
2026-09-22,2026,2.0,HOU,Ed Ingram,G,Out,Did Not Participate In Practice,nflverse
2026-09-22,2026,2.0,HOU,Will Anderson Jr.,DE,,Limited Participation in Practice,nflverse
2026-09-22,2026,2.0,HOU,Wade Woodaz,LB,,Full Participation in Practice,nflverse
2026-09-22,2026,2.0,IND,Keenan Allen,WR,,Full Participation in Practice,nflverse
2026-09-22,2026,2.0,IND,DeForest Buckner,DT,,Did Not Participate In Practice,nflverse
2026-09-22,2026,2.0,IND,Grover Stewart,DT,,Full Participation in Practice,nflverse
2026-09-22,2026,2.0,IND,Charvarius Ward,CB,,Did Not Participate In Practice,nflverse
2026-09-22,2026,2.0,IND,Ashton Dulin,WR,Out,Did Not Participate In Practice,nflverse
2026-09-22,2026,2.0,IND,Akeem Davis-Gaither,LB,,Full Participation in Practice,nflverse
2026-09-22,2026,2.0,IND,Sauce Gardner,CB,,Full Participation in Practice,nflverse
2026-09-22,2026,2.0,IND,Alec Pierce,WR,,Full Participation in Practice,nflverse
2026-09-22,2026,2.0,IND,Anthony Richardson,QB,,Full Participation in Practice,nflverse
2026-09-22,2026,2.0,IND,Austin Ajiake,LB,,Full Participation in Practice,nflverse
2026-09-22,2026,2.0,IND,DJ Giddens,RB,Questionable,Full Participation in Practice,nflverse
2026-09-22,2026,2.0,JAX,Foye Oluokun,LB,,Full Participation in Practice,nflverse
2026-09-22,2026,2.0,JAX,Jakobi Meyers,WR,,Limited Participation in Practice,nflverse
2026-09-22,2026,2.0,JAX,Cole Van Lanen,T,,Full Participation in Practice,nflverse
2026-09-22,2026,2.0,JAX,Christian Braswell,CB,,Full Participation in Practice,nflverse
2026-09-22,2026,2.0,JAX,Brian Thomas Jr.,WR,,Limited Participation in Practice,nflverse
2026-09-22,2026,2.0,JAX,LeQuint Allen Jr.,RB,,Limited Participation in Practice,nflverse
2026-09-22,2026,2.0,KC,Chris Jones,DT,Questionable,Limited Participation in Practice,nflverse
2026-09-22,2026,2.0,KC,Patrick Mahomes,QB,,Full Participation in Practice,nflverse
2026-09-22,2026,2.0,KC,L'Jarius Sneed,CB,,Full Participation in Practice,nflverse
2026-09-22,2026,2.0,KC,Chamarri Conner,S,Out,Did Not Participate In Practice,nflverse
2026-09-22,2026,2.0,KC,Rashee Rice,WR,,Full Participation in Practice,nflverse
2026-09-22,2026,2.0,KC,Josh Simmons,T,Out,Did Not Participate In Practice,nflverse
2026-09-22,2026,2.0,KC,Ashton Gillotte,DE,,Full Participation in Practice,nflverse
2026-09-22,2026,2.0,KC,R Mason Thomas,DE,,Full Participation in Practice,nflverse
2026-09-22,2026,2.0,KC,Mansoor Delane,CB,Questionable,Limited Participation in Practice,nflverse
2026-09-22,2026,2.0,LAR,Davante Adams,WR,,Full Participation in Practice,nflverse
2026-09-22,2026,2.0,LAR,Aaron Donald,DT,,Did Not Participate In Practice,nflverse
2026-09-22,2026,2.0,LAR,Tyler Higbee,TE,,Did Not Participate In Practice,nflverse
2026-09-22,2026,2.0,LAR,Kam Curl,S,,Limited Participation in Practice,nflverse
2026-09-22,2026,2.0,LAR,Alaric Jackson,T,,Did Not Participate In Practice,nflverse
2026-09-22,2026,2.0,LAR,Nate Landman,LB,,Limited Participation in Practice,nflverse
2026-09-22,2026,2.0,LAR,Puka Nacua,WR,Questionable,Did Not Participate In Practice,nflverse
2026-09-22,2026,2.0,LAR,Byron Young,LB,,Did Not Participate In Practice,nflverse
2026-09-22,2026,2.0,LAR,Jordan Whittington,WR,Doubtful,Did Not Participate In Practice,nflverse
2026-09-22,2026,2.0,LAR,Omar Speights,LB,,Full Participation in Practice,nflverse
2026-09-22,2026,2.0,LAR,Kamren Kinchens,S,Out,Did Not Participate In Practice,nflverse
2026-09-22,2026,2.0,LAC,Khalil Mack,DE,,Full Participation in Practice,nflverse
2026-09-22,2026,2.0,LAC,Bud Dupree,DE,,Full Participation in Practice,nflverse
2026-09-22,2026,2.0,LAC,Dalvin Tomlinson,DT,,Full Participation in Practice,nflverse
2026-09-22,2026,2.0,LAC,Trey Pipkins,T,Out,Did Not Participate In Practice,nflverse
2026-09-22,2026,2.0,LAC,Teair Tart,DT,,Full Participation in Practice,nflverse
2026-09-22,2026,2.0,LAC,Elijah Molden,S,Out,Did Not Participate In Practice,nflverse
2026-09-22,2026,2.0,LAC,Deane Leonard,CB,Questionable,Limited Participation in Practice,nflverse
2026-09-22,2026,2.0,LAC,Derius Davis,WR,,Full Participation in Practice,nflverse
2026-09-22,2026,2.0,LAC,Ladd McConkey,WR,Questionable,Limited Participation in Practice,nflverse
2026-09-22,2026,2.0,LAC,Akheem Mesidor,DE,,Full Participation in Practice,nflverse
2026-09-22,2026,2.0,LV,Aidan O'Connell,QB,Questionable,Did Not Participate In Practice,nflverse
2026-09-22,2026,2.0,LV,Brock Bowers,TE,Doubtful,Limited Participation in Practice,nflverse
2026-09-22,2026,2.0,LV,Ashton Jeanty,RB,,Full Participation in Practice,nflverse
2026-09-22,2026,2.0,LV,Darien Porter,CB,Out,Did Not Participate In Practice,nflverse
2026-09-22,2026,2.0,MIA,Ronnie Harrison,LB,Out,Did Not Participate In Practice,nflverse
2026-09-22,2026,2.0,MIA,Tucker Addington,LS,Questionable,Limited Participation in Practice,nflverse
2026-09-22,2026,2.0,MIA,Malik Willis,QB,,Full Participation in Practice,nflverse
2026-09-22,2026,2.0,MIA,Chop Robinson,LB,Out,Did Not Participate In Practice,nflverse
2026-09-22,2026,2.0,MIA,Dante Trader Jr.,S,,Full Participation in Practice,nflverse
2026-09-22,2026,2.0,MIA,Seydou Traore,TE,,Limited Participation in Practice,nflverse
2026-09-22,2026,2.0,MIN,Harrison Smith,S,,Limited Participation in Practice,nflverse
2026-09-22,2026,2.0,MIN,Brian O'Neill,T,Questionable,Limited Participation in Practice,nflverse
2026-09-22,2026,2.0,MIN,Kyler Murray,QB,Out,Limited Participation in Practice,nflverse
2026-09-22,2026,2.0,MIN,Andrew Van Ginkel,LB,,Full Participation in Practice,nflverse
2026-09-22,2026,2.0,MIN,Blake Cashman,LB,,Full Participation in Practice,nflverse
2026-09-22,2026,2.0,MIN,Jauan Jennings,WR,Out,Did Not Participate In Practice,nflverse
2026-09-22,2026,2.0,MIN,Christian Darrisaw,T,,Did Not Participate In Practice,nflverse
2026-09-22,2026,2.0,NE,Robert Spillane,LB,,Full Participation in Practice,nflverse
2026-09-22,2026,2.0,NE,Carlton Davis III,CB,Out,Did Not Participate In Practice,nflverse
2026-09-22,2026,2.0,NE,Dre'Mont Jones,LB,Questionable,Limited Participation in Practice,nflverse
2026-09-22,2026,2.0,NE,Ben Brown,C,Questionable,Limited Participation in Practice,nflverse
2026-09-22,2026,2.0,NE,TreVeyon Henderson,RB,,Full Participation in Practice,nflverse
2026-09-22,2026,2.0,NE,Dametrious Crownover,T,Out,Did Not Participate In Practice,nflverse
2026-09-22,2026,2.0,NO,Cameron Jordan,LB,,Full Participation in Practice,nflverse
2026-09-22,2026,2.0,NO,Zach Wood,LS,Out,Did Not Participate In Practice,nflverse
2026-09-22,2026,2.0,NO,Davon Godchaux,DT,,Full Participation in Practice,nflverse
2026-09-22,2026,2.0,NO,Alvin Kamara,RB,,Full Participation in Practice,nflverse
2026-09-22,2026,2.0,NO,Juwan Johnson,TE,,Full Participation in Practice,nflverse
2026-09-22,2026,2.0,NO,Chase Young,LB,Questionable,Limited Participation in Practice,nflverse
2026-09-22,2026,2.0,NO,Chris Olave,WR,Questionable,Limited Participation in Practice,nflverse
2026-09-22,2026,2.0,NO,Isaiah Stalbird,LB,Doubtful,Did Not Participate In Practice,nflverse
2026-09-22,2026,2.0,NO,Oscar Delp,TE,,Full Participation in Practice,nflverse
2026-09-22,2026,2.0,NO,Christen Miller,DT,Questionable,Limited Participation in Practice,nflverse
2026-09-22,2026,2.0,NYG,Andrew Thomas,T,,Limited Participation in Practice,nflverse
2026-09-22,2026,2.0,NYG,Paulson Adebo,CB,,Did Not Participate In Practice,nflverse
2026-09-22,2026,2.0,NYG,Chauncey Golston,DE,,Full Participation in Practice,nflverse
2026-09-22,2026,2.0,NYG,Greg Newsome II,CB,,Full Participation in Practice,nflverse
2026-09-22,2026,2.0,NYG,Micah McFadden,LB,Questionable,Limited Participation in Practice,nflverse
2026-09-22,2026,2.0,NYG,Deonte Banks,CB,Questionable,Did Not Participate In Practice,nflverse
2026-09-22,2026,2.0,NYG,Francis Mauigoa,T,,Full Participation in Practice,nflverse
2026-09-22,2026,2.0,NYJ,David Onyemata,DT,,Full Participation in Practice,nflverse
2026-09-22,2026,2.0,NYJ,Minkah Fitzpatrick,S,Out,Did Not Participate In Practice,nflverse
2026-09-22,2026,2.0,NYJ,Jamien Sherwood,LB,,Full Participation in Practice,nflverse
2026-09-22,2026,2.0,NYJ,Kene Nwangwu,RB,Out,Did Not Participate In Practice,nflverse
2026-09-22,2026,2.0,NYJ,Joseph Ossai,DE,Out,Did Not Participate In Practice,nflverse
2026-09-22,2026,2.0,NYJ,Will McDonald IV,DE,Questionable,Limited Participation in Practice,nflverse
2026-09-22,2026,2.0,NYJ,Jarvis Brownlee Jr.,CB,,Full Participation in Practice,nflverse
2026-09-22,2026,2.0,NYJ,D'Angelo Ponds,CB,,Full Participation in Practice,nflverse
2026-09-22,2026,2.0,NYJ,Omar Cooper Jr.,WR,Out,Did Not Participate In Practice,nflverse
2026-09-22,2026,2.0,PHI,Marquise Brown,WR,,Full Participation in Practice,nflverse
2026-09-22,2026,2.0,PHI,Jonathan Greenard,LB,Out,Limited Participation in Practice,nflverse
2026-09-22,2026,2.0,PHI,Elijah Moore,WR,,Full Participation in Practice,nflverse
2026-09-22,2026,2.0,PHI,Jalen Carter,DT,,Limited Participation in Practice,nflverse
2026-09-22,2026,2.0,PHI,Cooper DeJean,CB,,Full Participation in Practice,nflverse
2026-09-22,2026,2.0,PHI,Andrew Mukuba,S,Questionable,Limited Participation in Practice,nflverse
2026-09-22,2026,2.0,PIT,Cameron Heyward,DT,,Full Participation in Practice,nflverse
2026-09-22,2026,2.0,PIT,Michael Pittman,WR,Questionable,Did Not Participate In Practice,nflverse
2026-09-22,2026,2.0,PIT,Darnell Washington,TE,,Full Participation in Practice,nflverse
2026-09-22,2026,2.0,PIT,Joey Porter Jr.,CB,Out,Limited Participation in Practice,nflverse
2026-09-22,2026,2.0,PIT,Troy Fautanu,T,Questionable,Full Participation in Practice,nflverse
2026-09-22,2026,2.0,SEA,Cooper Kupp,WR,,Full Participation in Practice,nflverse
2026-09-22,2026,2.0,SEA,Sam Darnold,QB,Out,Did Not Participate In Practice,nflverse
2026-09-22,2026,2.0,SEA,Josh Jones,T,,Full Participation in Practice,nflverse
2026-09-22,2026,2.0,SEA,Josh Jobe,CB,,Full Participation in Practice,nflverse
2026-09-22,2026,2.0,SEA,Ty Okada,S,Out,Did Not Participate In Practice,nflverse
2026-09-22,2026,2.0,SEA,Anthony Bradford,G,Out,Did Not Participate In Practice,nflverse
2026-09-22,2026,2.0,SEA,Tory Horton,WR,,Full Participation in Practice,nflverse
2026-09-22,2026,2.0,SEA,Nick Emmanwori,S,Questionable,Limited Participation in Practice,nflverse
2026-09-22,2026,2.0,SF,Trent Williams,T,,Full Participation in Practice,nflverse
2026-09-22,2026,2.0,SF,Kyle Juszczyk,FB,,Full Participation in Practice,nflverse
2026-09-22,2026,2.0,SF,Christian McCaffrey,RB,,Full Participation in Practice,nflverse
2026-09-22,2026,2.0,SF,George Kittle,TE,,Full Participation in Practice,nflverse
2026-09-22,2026,2.0,SF,Eddy Pineiro,K,Questionable,Did Not Participate In Practice,nflverse
2026-09-22,2026,2.0,SF,Dre Greenlaw,LB,,Full Participation in Practice,nflverse
2026-09-22,2026,2.0,SF,Nick Bosa,DE,,Full Participation in Practice,nflverse
2026-09-22,2026,2.0,SF,Khalid Kareem,DE,,Full Participation in Practice,nflverse
2026-09-22,2026,2.0,SF,Keion White,DE,,Full Participation in Practice,nflverse
2026-09-22,2026,2.0,SF,Upton Stout,CB,,Full Participation in Practice,nflverse
2026-09-22,2026,2.0,SF,De'Zhaun Stribling,WR,Out,Did Not Participate In Practice,nflverse
2026-09-22,2026,2.0,SF,Kaelon Black,RB,Questionable,Limited Participation in Practice,nflverse
2026-09-22,2026,2.0,TB,Miles Killebrew,S,Questionable,Full Participation in Practice,nflverse
2026-09-22,2026,2.0,TB,A'Shawn Robinson,DT,,Did Not Participate In Practice,nflverse
2026-09-22,2026,2.0,TB,Justin Skule,T,,Full Participation in Practice,nflverse
2026-09-22,2026,2.0,TB,Christian Rozeboom,LB,,Full Participation in Practice,nflverse
2026-09-22,2026,2.0,TB,Sean Tucker,RB,,Full Participation in Practice,nflverse
2026-09-22,2026,2.0,TB,Jalen McMillan,WR,Questionable,Full Participation in Practice,nflverse
2026-09-22,2026,2.0,TB,Jacob Parrish,CB,Questionable,Full Participation in Practice,nflverse
2026-09-22,2026,2.0,TEN,Cordale Flott,CB,Questionable,Did Not Participate In Practice,nflverse
2026-09-22,2026,2.0,TEN,James Williams,LB,Questionable,Limited Participation in Practice,nflverse
2026-09-22,2026,2.0,TEN,Cedric Gray,LB,Questionable,Full Participation in Practice,nflverse
2026-09-22,2026,2.0,WAS,Frankie Luvu,LB,Out,Did Not Participate In Practice,nflverse
2026-09-22,2026,2.0,WAS,Daron Payne,DT,,Full Participation in Practice,nflverse
2026-09-22,2026,2.0,WAS,Dorance Armstrong,LB,,Limited Participation in Practice,nflverse
2026-09-22,2026,2.0,WAS,Charles Omenihu,DE,,Limited Participation in Practice,nflverse
2026-09-22,2026,2.0,WAS,Javon Kinlaw,DT,Questionable,Limited Participation in Practice,nflverse
2026-09-22,2026,2.0,WAS,K'Lavon Chaisson,LB,,Limited Participation in Practice,nflverse
2026-09-22,2026,2.0,WAS,Odafe Oweh,LB,,Limited Participation in Practice,nflverse
2026-09-22,2026,2.0,WAS,Chris Paul,G,,Full Participation in Practice,nflverse
2026-09-22,2026,2.0,WAS,Chig Okonkwo,TE,Out,Did Not Participate In Practice,nflverse
2026-09-22,2026,2.0,WAS,Tyler Owens,S,,Full Participation in Practice,nflverse
2026-09-22,2026,2.0,WAS,Jaylin Lane,WR,,Limited Participation in Practice,nflverse
2026-09-22,2026,2.0,WAS,Kaytron Allen,RB,,Full Participation in Practice,nflverse
2026-09-22,2026,2.0,ARI,Will Johnson,DB,Questionable,,sleeper
2026-09-22,2026,2.0,ARI,Trey Benson,RB,IR,,sleeper
2026-09-22,2026,2.0,ARI,Chase Bisontis,G,IR,,sleeper
2026-09-22,2026,2.0,ARI,James Conner,RB,IR,,sleeper
2026-09-22,2026,2.0,ARI,Zach Carter,DL,IR,,sleeper
2026-09-22,2026,2.0,ARI,Carson Beck,QB,Out,,sleeper
2026-09-22,2026,2.0,ARI,Joey Blount,DB,IR,,sleeper
2026-09-22,2026,2.0,ARI,Kaleb Proctor,DT,IR,,sleeper
2026-09-22,2026,2.0,ARI,Mack Wilson,LB,Questionable,,sleeper
2026-09-22,2026,2.0,ARI,Kitan Crawford,DB,IR,,sleeper
2026-09-22,2026,2.0,ARI,Reggie Virgil,WR,Out,,sleeper
2026-09-22,2026,2.0,ARI,Tip Reiman,TE,PUP,,sleeper
2026-09-22,2026,2.0,ARI,Jameson Geers,TE,IR,,sleeper
2026-09-22,2026,2.0,ATL,Cameron Williams,OL,IR,,sleeper
2026-09-22,2026,2.0,ATL,JD Bertrand,LB,IR,,sleeper
2026-09-22,2026,2.0,ATL,Anterio Thompson,DT,PUP,,sleeper
2026-09-22,2026,2.0,ATL,Trey Sermon,RB,IR,,sleeper
2026-09-22,2026,2.0,ATL,Da'Shawn Hand,DT,IR,,sleeper
2026-09-22,2026,2.0,ATL,Brandon Dorlus,DE,Questionable,,sleeper
2026-09-22,2026,2.0,ATL,Brian Robinson,RB,Questionable,,sleeper
2026-09-22,2026,2.0,ATL,DeAngelo Malone,DL,PUP,,sleeper
2026-09-22,2026,2.0,ATL,Samson Ebukam,DE,Questionable,,sleeper
2026-09-22,2026,2.0,ATL,Nick Muse,TE,Questionable,,sleeper
2026-09-22,2026,2.0,ATL,Billy Bowman,DB,Out,,sleeper
2026-09-22,2026,2.0,ATL,James Pearce,DL,Suspended,,sleeper
2026-09-22,2026,2.0,ATL,Tyrone Wheatley,OL,Questionable,,sleeper
2026-09-22,2026,2.0,ATL,Jalon Walker,DL,IR,,sleeper
2026-09-22,2026,2.0,ATL,Michael Penix,QB,Out,,sleeper
2026-09-22,2026,2.0,ATL,Ethan Onianwa,G,Out,,sleeper
2026-09-22,2026,2.0,ATL,Storm Norton,T,PUP,,sleeper
2026-09-22,2026,2.0,ATL,Malcolm DeWalt,CB,Out,,sleeper
2026-09-22,2026,2.0,ATL,Beaux Collins,WR,IR,,sleeper
2026-09-22,2026,2.0,BAL,Adam Randall,RB,IR,,sleeper
2026-09-22,2026,2.0,BAL,Danny Pinter,G,IR,,sleeper
2026-09-22,2026,2.0,BAL,Andrew Vorhees,OL,Out,,sleeper
2026-09-22,2026,2.0,BAL,Skylar Thompson,QB,IR,,sleeper
2026-09-22,2026,2.0,BAL,Bilhal Kone,CB,IR,,sleeper
2026-09-22,2026,2.0,BAL,Jahquez Robinson,DB,IR,,sleeper
2026-09-22,2026,2.0,BAL,Ja'Kobi Lane,WR,IR,,sleeper
2026-09-22,2026,2.0,BAL,Joe Fagnano,QB,Out,,sleeper
2026-09-22,2026,2.0,BUF,Ed Oliver,DT,Out,,sleeper
2026-09-22,2026,2.0,BUF,DJ Moore,WR,Out,,sleeper
2026-09-22,2026,2.0,BUF,Jude Bowry,OT,Out,,sleeper
2026-09-22,2026,2.0,BUF,Zane Durant,DT,IR,,sleeper
2026-09-22,2026,2.0,BUF,Tyrell Shavers,WR,PUP,,sleeper
2026-09-22,2026,2.0,BUF,Skyler Bell,WR,Out,,sleeper
2026-09-22,2026,2.0,BUF,Phidarian Mathis,DL,Suspended,,sleeper
2026-09-22,2026,2.0,BUF,Dorian Strong,CB,PUP,,sleeper
2026-09-22,2026,2.0,BUF,Jalon Kilgore,CB,Out,,sleeper
2026-09-22,2026,2.0,CAR,Trevis Gipson,LB,Questionable,,sleeper
2026-09-22,2026,2.0,CAR,Bobby Brown,DT,Out,,sleeper
2026-09-22,2026,2.0,CAR,Taylor Moton,T,PUP,,sleeper
2026-09-22,2026,2.0,CAR,Tershawn Wharton,DT,PUP,,sleeper
2026-09-22,2026,2.0,CAR,Claudin Cherelus,LB,Questionable,,sleeper
2026-09-22,2026,2.0,CAR,Bam Martin-Scott,LB,IR,,sleeper
2026-09-22,2026,2.0,CAR,Patrick Jones,DE,Out,,sleeper
2026-09-22,2026,2.0,CAR,Haynes King,QB,Out,,sleeper
2026-09-22,2026,2.0,CAR,Chris Brazzell,WR,IR,,sleeper
2026-09-22,2026,2.0,CAR,Ikem Ekwonu,T,PUP,,sleeper
2026-09-22,2026,2.0,CAR,Tyrel Dodson,LB,Out,,sleeper
2026-09-22,2026,2.0,CAR,Trevor Etienne,RB,IR,,sleeper
2026-09-22,2026,2.0,CAR,Jonathon Brooks,RB,Questionable,,sleeper
2026-09-22,2026,2.0,CAR,Chau Smith-Wade,DB,Out,,sleeper
2026-09-22,2026,2.0,CAR,Ja'Tavion Sanders,TE,Out,,sleeper
2026-09-22,2026,2.0,CAR,Nick Scott,DB,Questionable,,sleeper
2026-09-22,2026,2.0,CAR,Brady Christensen,T,IR,,sleeper
2026-09-22,2026,2.0,CAR,Nic Scourton,DL,IR,,sleeper
2026-09-22,2026,2.0,CHI,Jordan McFadden,OL,Out,,sleeper
2026-09-22,2026,2.0,CHI,Jayden Loving,DT,Out,,sleeper
2026-09-22,2026,2.0,CHI,Tony Fields,LB,IR,,sleeper
2026-09-22,2026,2.0,CHI,Case Keenum,QB,Out,,sleeper
2026-09-22,2026,2.0,CHI,Nikola Kalinic,TE,IR,,sleeper
2026-09-22,2026,2.0,CHI,Tyrique Stevenson,CB,Questionable,,sleeper
2026-09-22,2026,2.0,CHI,Brittain Brown,RB,IR,,sleeper
2026-09-22,2026,2.0,CHI,Anthony Johnson,DB,Out,,sleeper
2026-09-22,2026,2.0,CHI,Kyler Gordon,DB,PUP,,sleeper
2026-09-22,2026,2.0,CHI,Noah Sewell,LB,PUP,,sleeper
2026-09-22,2026,2.0,CHI,Hayden Large,TE,IR,,sleeper
2026-09-22,2026,2.0,CHI,Coby Bryant,DB,IR,,sleeper
2026-09-22,2026,2.0,CHI,Caleb Williams,QB,Out,,sleeper
2026-09-22,2026,2.0,CHI,Shemar Turner,DE,PUP,,sleeper
2026-09-22,2026,2.0,CHI,Jamree Kromah,DL,Out,,sleeper
2026-09-22,2026,2.0,CHI,Nephi Sewell,LB,IR,,sleeper
2026-09-22,2026,2.0,CIN,Josh Newton,CB,Out,,sleeper
2026-09-22,2026,2.0,CIN,Landon Robinson,NT,Out,,sleeper
2026-09-22,2026,2.0,CIN,Ja'Sir Taylor,DB,IR,,sleeper
2026-09-22,2026,2.0,CIN,Josh Johnson,QB,Out,,sleeper
2026-09-22,2026,2.0,CIN,Connor Lew,C,Out,,sleeper
2026-09-22,2026,2.0,CIN,Myles Hinton,OT,Out,,sleeper
2026-09-22,2026,2.0,CLE,Toriano Pride,CB,Out,,sleeper
2026-09-22,2026,2.0,CLE,Kalia Davis,DL,IR,,sleeper
2026-09-22,2026,2.0,CLE,Justin Jefferson,LB,Out,,sleeper
2026-09-22,2026,2.0,CLE,Daniel Thomas,DB,Out,,sleeper
2026-09-22,2026,2.0,CLE,Alex Wright,DL,IR,,sleeper
2026-09-22,2026,2.0,CLE,Dylan Sampson,RB,IR,,sleeper
2026-09-22,2026,2.0,CLE,Dillon Gabriel,QB,IR,,sleeper
2026-09-22,2026,2.0,CLE,Damarri Mathis,DB,IR,,sleeper
2026-09-22,2026,2.0,CLE,Jeremiah Owusu-Koramoah,LB,PUP,,sleeper
2026-09-22,2026,2.0,CLE,Kendrick Green,C,IR,,sleeper
2026-09-22,2026,2.0,CLE,Taylen Green,QB,Out,,sleeper
2026-09-22,2026,2.0,CLE,Joe Royer,TE,PUP,,sleeper
2026-09-22,2026,2.0,DAL,Kelvin Gilliam,DT,IR,,sleeper
2026-09-22,2026,2.0,DAL,Devin Moore,CB,IR,,sleeper
2026-09-22,2026,2.0,DAL,Tyler Smith,OL,IR,,sleeper
2026-09-22,2026,2.0,DAL,P.J. Locke,DB,Questionable,,sleeper
2026-09-22,2026,2.0,DAL,Cobie Durant,DB,Questionable,,sleeper
2026-09-22,2026,2.0,DAL,DJ Rogers,TE,IR,,sleeper
2026-09-22,2026,2.0,DAL,Tyler Goodson,RB,Out,,sleeper
2026-09-22,2026,2.0,DAL,Marist Liufau,LB,IR,,sleeper
2026-09-22,2026,2.0,DAL,Dee Winters,LB,Questionable,,sleeper
2026-09-22,2026,2.0,DAL,Camden Brown,WR,Out,,sleeper
2026-09-22,2026,2.0,DAL,Matt Hennessy,OL,IR,,sleeper
2026-09-22,2026,2.0,DAL,Princeton Fant,TE,IR,,sleeper
2026-09-22,2026,2.0,DAL,Malik Davis,RB,IR,,sleeper
2026-09-22,2026,2.0,DAL,Caelen Carson,DB,Out,,sleeper
2026-09-22,2026,2.0,DEN,Kage Casey,OT,Out,,sleeper
2026-09-22,2026,2.0,DEN,Levelle Bailey,LB,IR,,sleeper
2026-09-22,2026,2.0,DEN,Sam Ehlinger,QB,Out,,sleeper
2026-09-22,2026,2.0,DEN,Nick Gargiulo,OL,PUP,,sleeper
2026-09-22,2026,2.0,DEN,Caleb Lohner,TE,IR,,sleeper
2026-09-22,2026,2.0,DEN,Tyler Onyedim,DT,Out,,sleeper
2026-09-22,2026,2.0,DEN,Marvin Mims,WR,Out,,sleeper
2026-09-22,2026,2.0,DEN,Jordan Jackson,DL,Out,,sleeper
2026-09-22,2026,2.0,DEN,Matt Henningsen,DE,IR,,sleeper
2026-09-22,2026,2.0,DEN,Frank Crum,OT,IR,,sleeper
2026-09-22,2026,2.0,DEN,Dallen Bentley,TE,Out,,sleeper
2026-09-22,2026,2.0,DEN,Michael Deiter,OL,IR,,sleeper
2026-09-22,2026,2.0,DEN,J.K. Dobbins,RB,Questionable,,sleeper
2026-09-22,2026,2.0,DET,Cade Mays,OL,IR,,sleeper
2026-09-22,2026,2.0,DET,Brian Branch,DB,PUP,,sleeper
2026-09-22,2026,2.0,DET,Ennis Rakestraw,DB,Out,,sleeper
2026-09-22,2026,2.0,DET,Isiah Pacheco,RB,IR,,sleeper
2026-09-22,2026,2.0,DET,Kerby Joseph,DB,PUP,,sleeper
2026-09-22,2026,2.0,DET,Giovanni Manu,OL,PUP,,sleeper
2026-09-22,2026,2.0,DET,Payton Turner,DE,IR,,sleeper
2026-09-22,2026,2.0,DET,Avonte Maddox,CB,Out,,sleeper
2026-09-22,2026,2.0,DET,Damone Clark,LB,IR,,sleeper
2026-09-22,2026,2.0,DET,Mekhi Wingo,DT,Out,,sleeper
2026-09-22,2026,2.0,DET,Ahmed Hassanein,DE,Out,,sleeper
2026-09-22,2026,2.0,DET,Jimmy Rolder,LB,Out,,sleeper
2026-09-22,2026,2.0,DET,Keith Abney,DB,Out,,sleeper
2026-09-22,2026,2.0,DET,Kendrick Law,WR,IR,,sleeper
2026-09-22,2026,2.0,GB,Pierre Strong,RB,Questionable,,sleeper
2026-09-22,2026,2.0,GB,Jayden Reed,WR,Out,,sleeper
2026-09-22,2026,2.0,GB,Collin Oliver,DE,IR,,sleeper
2026-09-22,2026,2.0,GB,Jordon Riley,DL,PUP,,sleeper
2026-09-22,2026,2.0,GB,Donovan Jennings,OL,Questionable,,sleeper
2026-09-22,2026,2.0,GB,Savion Williams,WR,IR,,sleeper
2026-09-22,2026,2.0,GB,John Williams,OL,Out,,sleeper
2026-09-22,2026,2.0,GB,Thomas Yassmin,TE,IR,,sleeper
2026-09-22,2026,2.0,GB,Travis Glover,OT,Out,,sleeper
2026-09-22,2026,2.0,GB,Micah Parsons,LB,PUP,,sleeper
2026-09-22,2026,2.0,GB,Luke Musgrave,TE,PUP,,sleeper
2026-09-22,2026,2.0,GB,Anthony Campbell,DT,Questionable,,sleeper
2026-09-22,2026,2.0,GB,Bo Melton,WR,Questionable,,sleeper
2026-09-22,2026,2.0,GB,Marlon Jones,CB,IR,,sleeper
2026-09-22,2026,2.0,GB,Edgerrin Cooper,LB,Questionable,,sleeper
2026-09-22,2026,2.0,GB,Johnathan Baldwin,DB,IR,,sleeper
2026-09-22,2026,2.0,HOU,Jake Hummel,LB,Out,,sleeper
2026-09-22,2026,2.0,HOU,Henry To'oTo'o,LB,IR,,sleeper
2026-09-22,2026,2.0,HOU,M.J. Stewart,DB,PUP,,sleeper
2026-09-22,2026,2.0,HOU,E.J. Speed,LB,PUP,,sleeper
2026-09-22,2026,2.0,HOU,Braden Smith,OL,IR,,sleeper
2026-09-22,2026,2.0,HOU,Brevin Jordan,TE,Out,,sleeper
2026-09-22,2026,2.0,HOU,Ali Gaye,DE,IR,,sleeper
2026-09-22,2026,2.0,HOU,Nate Thomas,OL,Out,,sleeper
2026-09-22,2026,2.0,HOU,Kayden McDonald,DL,IR,,sleeper
2026-09-22,2026,2.0,HOU,Dylan Horton,DL,IR,,sleeper
2026-09-22,2026,2.0,HOU,Graham Mertz,QB,IR,,sleeper
2026-09-22,2026,2.0,HOU,Jayden Higgins,WR,IR,,sleeper
2026-09-22,2026,2.0,HOU,Sam Hagen,OL,IR,,sleeper
2026-09-22,2026,2.0,HOU,Ja'Marcus Ingram,CB,IR,,sleeper
2026-09-22,2026,2.0,HOU,Tank Dell,WR,IR,,sleeper
2026-09-22,2026,2.0,HOU,Collin Wright,CB,Out,,sleeper
2026-09-22,2026,2.0,HOU,K.C. Ossai,LB,IR,,sleeper
2026-09-22,2026,2.0,IND,Will Mallory,TE,IR,,sleeper
2026-09-22,2026,2.0,IND,George Gumbs,DE,Out,,sleeper
2026-09-22,2026,2.0,IND,Riley Leonard,QB,Out,,sleeper
2026-09-22,2026,2.0,IND,Carson Towt,TE,IR,,sleeper
2026-09-22,2026,2.0,IND,Dalton Tucker,OL,Out,,sleeper
2026-09-22,2026,2.0,IND,D.J. Montgomery,WR,IR,,sleeper
2026-09-22,2026,2.0,IND,Micheal Clemons,DL,Questionable,,sleeper
2026-09-22,2026,2.0,IND,Cameron Mitchell,DB,IR,,sleeper
2026-09-22,2026,2.0,JAX,Zach Durfee,DE,IR,,sleeper
2026-09-22,2026,2.0,JAX,CJ Williams,WR,Out,,sleeper
2026-09-22,2026,2.0,JAX,Patrick Mekari,OL,IR,,sleeper
2026-09-22,2026,2.0,JAX,Wesley Williams,DE,Out,,sleeper
2026-09-22,2026,2.0,JAX,Jalen Huskey,DB,Out,,sleeper
2026-09-22,2026,2.0,JAX,Parker Hughes,LB,IR,,sleeper
2026-09-22,2026,2.0,JAX,Jack Kiser,LB,Out,,sleeper
2026-09-22,2026,2.0,JAX,DaVon Hamilton,DT,Questionable,,sleeper
2026-09-22,2026,2.0,JAX,Sam Mustipher,OL,IR,,sleeper
2026-09-22,2026,2.0,JAX,Tanner Koziol,TE,Out,,sleeper
2026-09-22,2026,2.0,JAX,Quinn Ewers,QB,Out,,sleeper
2026-09-22,2026,2.0,JAX,Jared Bartlett,LB,IR,,sleeper
2026-09-22,2026,2.0,JAX,Garrett DiGiorgio,G,IR,,sleeper
2026-09-22,2026,2.0,JAX,B.J. Green,DE,IR,,sleeper
2026-09-22,2026,2.0,JAX,Daniel Faalele,T,Out,,sleeper
2026-09-22,2026,2.0,KC,Cooper McDonald,LB,IR,,sleeper
2026-09-22,2026,2.0,KC,Omarr Norman-Lott,DT,PUP,,sleeper
2026-09-22,2026,2.0,KC,John Michael Gyllenborg,TE,IR,,sleeper
2026-09-22,2026,2.0,KC,Jimmy Holiday,WR,IR,,sleeper
2026-09-22,2026,2.0,KC,Jack Pyburn,DE,Out,,sleeper
2026-09-22,2026,2.0,KC,Ethan Downs,DE,IR,,sleeper
2026-09-22,2026,2.0,KC,Jeff Caldwell,WR,IR,,sleeper
2026-09-22,2026,2.0,KC,Jared Wiley,TE,Out,,sleeper
2026-09-22,2026,2.0,KC,Garrett Nussmeier,QB,Out,,sleeper
2026-09-22,2026,2.0,KC,Diego Pounds,OT,Out,,sleeper
2026-09-22,2026,2.0,KC,Bryson Eason,DL,Out,,sleeper
2026-09-22,2026,2.0,LAC,Branson Taylor,OL,IR,,sleeper
2026-09-22,2026,2.0,LAC,Tyler Biadasz,C,IR,,sleeper
2026-09-22,2026,2.0,LAC,Alex Harkey,OT,Out,,sleeper
2026-09-22,2026,2.0,LAC,Denzel Perryman,LB,IR,,sleeper
2026-09-22,2026,2.0,LAC,Logan Taylor,G,Out,,sleeper
2026-09-22,2026,2.0,LAC,Scott Matlock,DT,IR,,sleeper
2026-09-22,2026,2.0,LAC,Isas Waxter,DB,Out,,sleeper
2026-09-22,2026,2.0,LAC,Kayode Awosika,OL,Questionable,,sleeper
2026-09-22,2026,2.0,LAC,Charlie Kolar,TE,Out,,sleeper
2026-09-22,2026,2.0,LAC,KeAndre Lambert-Smith,WR,IR,,sleeper
2026-09-22,2026,2.0,LAC,Derwin James,DB,Questionable,,sleeper
2026-09-22,2026,2.0,LAC,Isaiah World,OT,PUP,,sleeper
2026-09-22,2026,2.0,LAC,David Njoku,TE,Out,,sleeper
2026-09-22,2026,2.0,LAR,Duplicate Player,DE,Out,,sleeper
2026-09-22,2026,2.0,LAR,CJ Daniels,WR,Out,,sleeper
2026-09-22,2026,2.0,LAR,Bill Murray,DT,Out,,sleeper
2026-09-22,2026,2.0,LAR,Myles Garrett,DE,IR,,sleeper
2026-09-22,2026,2.0,LAR,Ty Simpson,QB,Out,,sleeper
2026-09-22,2026,2.0,LAR,Eddie Walls,DL,IR,,sleeper
2026-09-22,2026,2.0,LAR,Ronnie Rivers,RB,Out,,sleeper
2026-09-22,2026,2.0,LAR,Matthew Caldwell,QB,IR,,sleeper
2026-09-22,2026,2.0,LAR,Keir Thomas,DE,IR,,sleeper
2026-09-22,2026,2.0,LAR,Justin Dedich,OL,IR,,sleeper
2026-09-22,2026,2.0,LAR,Keagen Trost,OL,IR,,sleeper
2026-09-22,2026,2.0,LV,Dalton Johnson,DB,Out,,sleeper
2026-09-22,2026,2.0,LV,Corey Rucker,WR,IR,,sleeper
2026-09-22,2026,2.0,LV,Justin Pickett,G,IR,,sleeper
2026-09-22,2026,2.0,LV,Tristin McCollum,DB,Out,,sleeper
2026-09-22,2026,2.0,LV,JJ Pegues,DT,Out,,sleeper
2026-09-22,2026,2.0,LV,Treydan Stukes,DB,Questionable,,sleeper
2026-09-22,2026,2.0,LV,Keyron Crawford,DE,IR,,sleeper
2026-09-22,2026,2.0,LV,Bryce Cabeldue,OT,Out,,sleeper
2026-09-22,2026,2.0,LV,Brennan Jackson,DE,IR,,sleeper
2026-09-22,2026,2.0,LV,Dont'e Thornton,WR,IR,,sleeper
2026-09-22,2026,2.0,LV,Chigozie Anusiem,CB,IR,,sleeper
2026-09-22,2026,2.0,LV,Dareke Young,WR,Questionable,,sleeper
2026-09-22,2026,2.0,LV,Justin Shorter,WR,IR,,sleeper
2026-09-22,2026,2.0,LV,Carter Runyon,TE,IR,,sleeper
2026-09-22,2026,2.0,LV,Chris Collier,RB,IR,,sleeper
2026-09-22,2026,2.0,MIA,Kyle Louis,LB,IR,,sleeper
2026-09-22,2026,2.0,MIA,Kenneth Grant,DL,IR,,sleeper
2026-09-22,2026,2.0,MIA,Justin Joly,TE,Out,,sleeper
2026-09-22,2026,2.0,MIA,Rene Konga,DL,IR,,sleeper
2026-09-22,2026,2.0,MIA,Jalen Tolbert,WR,Out,,sleeper
2026-09-22,2026,2.0,MIA,Trey Moore,LB,IR,,sleeper
2026-09-22,2026,2.0,MIA,Caleb Douglas,WR,Questionable,,sleeper
2026-09-22,2026,2.0,MIA,Darrell Baker,CB,PUP,,sleeper
2026-09-22,2026,2.0,MIA,Rob Beal,LB,Questionable,,sleeper
2026-09-22,2026,2.0,MIA,Marcellas Dial,DB,Out,,sleeper
2026-09-22,2026,2.0,MIA,DJ Campbell,G,Out,,sleeper
2026-09-22,2026,2.0,MIA,Brady Cook,QB,Out,,sleeper
2026-09-22,2026,2.0,MIA,Chukwuebuka Godrick,OL,Out,,sleeper
2026-09-22,2026,2.0,MIA,Cole Turner,TE,IR,,sleeper
2026-09-22,2026,2.0,MIA,Storm Duck,CB,PUP,,sleeper
2026-09-22,2026,2.0,MIA,Jaylen Wright,RB,Questionable,,sleeper
2026-09-22,2026,2.0,MIN,Naquan Jones,DT,Questionable,,sleeper
2026-09-22,2026,2.0,MIN,Tyler Batty,DL,IR,,sleeper
2026-09-22,2026,2.0,MIN,Taki Taimani,DL,IR,,sleeper
2026-09-22,2026,2.0,MIN,Dontae Fleming,WR,Questionable,,sleeper
2026-09-22,2026,2.0,MIN,Jordan Mason,RB,IR,,sleeper
2026-09-22,2026,2.0,MIN,Michael Jurgens,OL,IR,,sleeper
2026-09-22,2026,2.0,MIN,Jakobe Thomas,DB,Out,,sleeper
2026-09-22,2026,2.0,MIN,Elijah Williams,DL,Out,,sleeper
2026-09-22,2026,2.0,MIN,Caleb Tiernan,OT,Out,,sleeper
2026-09-22,2026,2.0,MIN,Tyrion Ingram-Dawkins,DE,Questionable,,sleeper
2026-09-22,2026,2.0,MIN,Nick Samac,C,Out,,sleeper
2026-09-22,2026,2.0,MIN,Ben Yurosek,TE,IR,,sleeper
2026-09-22,2026,2.0,MIN,Jamal Adams,SS,IR,,sleeper
2026-09-22,2026,2.0,MIN,Tyreek Chappell,CB,IR,,sleeper
2026-09-22,2026,2.0,MIN,Aaron Jones,RB,Questionable,,sleeper
2026-09-22,2026,2.0,MIN,Jacob Roberts,LB,Questionable,,sleeper
2026-09-22,2026,2.0,MIN,Jeshaun Jones,WR,Suspended,,sleeper
2026-09-22,2026,2.0,MIN,Zemaiah Vaughn,CB,Out,,sleeper
2026-09-22,2026,2.0,NE,Behren Morton,QB,Out,,sleeper
2026-09-22,2026,2.0,NE,Bryce Baringer,P,IR,,sleeper
2026-09-22,2026,2.0,NE,Eli Raridon,TE,Questionable,,sleeper
2026-09-22,2026,2.0,NE,Mike Onwenu,OL,Out,,sleeper
2026-09-22,2026,2.0,NE,Khalil Jacobs,LB,IR,,sleeper
2026-09-22,2026,2.0,NE,Myles Montgomery,RB,IR,,sleeper
2026-09-22,2026,2.0,NE,Marcus Bryant,OL,IR,,sleeper
2026-09-22,2026,2.0,NE,A.J. Brown,WR,IR,,sleeper
2026-09-22,2026,2.0,NE,Julian Hill,TE,IR,,sleeper
2026-09-22,2026,2.0,NE,Walter Rouse,OL,Out,,sleeper
2026-09-22,2026,2.0,NE,Dell Pettus,DB,Questionable,,sleeper
2026-09-22,2026,2.0,NE,Jeremiah Webb,WR,IR,,sleeper
2026-09-22,2026,2.0,NE,Harold Landry,LB,PUP,,sleeper
2026-09-22,2026,2.0,NE,Carlton Davis,CB,Out,,sleeper
2026-09-22,2026,2.0,NE,Craig Woodson,DB,Questionable,,sleeper
2026-09-22,2026,2.0,NE,Tanner Arkin,TE,Out,,sleeper
2026-09-22,2026,2.0,NE,Brenden Schooler,DB,PUP,,sleeper
2026-09-22,2026,2.0,NE,Leonard Taylor,DL,Out,,sleeper
2026-09-22,2026,2.0,NO,Audric Estime,RB,IR,,sleeper
2026-09-22,2026,2.0,NO,Rejzohn Wright,CB,IR,,sleeper
2026-09-22,2026,2.0,NO,Zach Wilson,QB,Out,,sleeper
2026-09-22,2026,2.0,NO,Decamerion Richardson,CB,Out,,sleeper
2026-09-22,2026,2.0,NO,Mason Tipton,WR,PUP,,sleeper
2026-09-22,2026,2.0,NO,Kelvin Banks,OL,Out,,sleeper
2026-09-22,2026,2.0,NO,Martin Emerson,DB,Questionable,,sleeper
2026-09-22,2026,2.0,NO,David Long,CB,IR,,sleeper
2026-09-22,2026,2.0,NO,Moliki Matavao,TE,IR,,sleeper
2026-09-22,2026,2.0,NO,Jordyn Tyson,WR,IR,,sleeper
2026-09-22,2026,2.0,NO,Kendre Miller,RB,Out,,sleeper
2026-09-22,2026,2.0,NO,Jaylan Ford,LB,IR,,sleeper
2026-09-22,2026,2.0,NO,Ty Chandler,RB,IR,,sleeper
2026-09-22,2026,2.0,NO,Dillon Radunz,OL,IR,,sleeper
2026-09-22,2026,2.0,NO,Lorenzo Styles,DB,IR,,sleeper
2026-09-22,2026,2.0,NO,John Ridgeway,DL,Out,,sleeper
2026-09-22,2026,2.0,NO,Bryan Bresee,DT,IR,,sleeper
2026-09-22,2026,2.0,NO,Nick Saldiveri,OL,PUP,,sleeper
2026-09-22,2026,2.0,NYG,Jason Pinnock,CB,Out,,sleeper
2026-09-22,2026,2.0,NYG,Calvin Austin,WR,IR,,sleeper
2026-09-22,2026,2.0,NYG,Gunner Olszewski,WR,IR,,sleeper
2026-09-22,2026,2.0,NYG,Jaxson Dart,QB,Out,,sleeper
2026-09-22,2026,2.0,NYG,Thaddeus Dixon,CB,IR,,sleeper
2026-09-22,2026,2.0,NYG,Malik Nabers,WR,Questionable,,sleeper
2026-09-22,2026,2.0,NYG,Thomas Fidone,TE,Out,,sleeper
2026-09-22,2026,2.0,NYG,Bobby Jamison-Travis,DL,Out,,sleeper
2026-09-22,2026,2.0,NYG,Roy Robertson-Harris,DE,IR,,sleeper
2026-09-22,2026,2.0,NYG,J.C. Davis,OT,Out,,sleeper
2026-09-22,2026,2.0,NYG,Jarrick Bernard-Converse,CB,IR,,sleeper
2026-09-22,2026,2.0,NYG,Korie Black,CB,IR,,sleeper
2026-09-22,2026,2.0,NYG,Brian Burns,DE,Questionable,,sleeper
2026-09-22,2026,2.0,NYG,Darius Alexander,DL,Out,,sleeper
2026-09-22,2026,2.0,NYJ,VJ Payne,DB,IR,,sleeper
2026-09-22,2026,2.0,NYJ,Kingsley Jonathan,DT,IR,,sleeper
2026-09-22,2026,2.0,NYJ,Tyler Baron,DE,PUP,,sleeper
2026-09-22,2026,2.0,NYJ,Marcelino McCrary-Ball,LB,Questionable,,sleeper
2026-09-22,2026,2.0,NYJ,Tim Patrick,WR,IR,,sleeper
2026-09-22,2026,2.0,NYJ,Anez Cooper,G,IR,,sleeper
2026-09-22,2026,2.0,NYJ,Blake Grupe,K,Out,,sleeper
2026-09-22,2026,2.0,NYJ,Omar Cooper,WR,IR,,sleeper
2026-09-22,2026,2.0,NYJ,Mason Taylor,TE,Questionable,,sleeper
2026-09-22,2026,2.0,NYJ,Trevin Wallace,LB,Out,,sleeper
2026-09-22,2026,2.0,NYJ,Kiko Mauigoa,LB,Questionable,,sleeper
2026-09-22,2026,2.0,NYJ,Tre Brown,CB,IR,,sleeper
2026-09-22,2026,2.0,PHI,Johnny Wilson,WR,IR,,sleeper
2026-09-22,2026,2.0,PHI,Micah Morris,G,Out,,sleeper
2026-09-22,2026,2.0,PHI,Grant Calcaterra,TE,IR,,sleeper
2026-09-22,2026,2.0,PHI,Eli Stowers,TE,IR,,sleeper
2026-09-22,2026,2.0,PHI,Jakorian Bennett,DB,IR,,sleeper
2026-09-22,2026,2.0,PHI,Landon Dickerson,OL,IR,,sleeper
2026-09-22,2026,2.0,PHI,Andre' Sam,DB,IR,,sleeper
2026-09-22,2026,2.0,PHI,Cole Payton,QB,Out,,sleeper
2026-09-22,2026,2.0,PHI,Saquon Barkley,RB,Questionable,,sleeper
2026-09-22,2026,2.0,PHI,Dallas Goedert,TE,Questionable,,sleeper
2026-09-22,2026,2.0,PHI,Tanner McKee,QB,Out,,sleeper
2026-09-22,2026,2.0,PHI,Tucker Large,DB,PUP,,sleeper
2026-09-22,2026,2.0,PIT,Logan Lee,DL,IR,,sleeper
2026-09-22,2026,2.0,PIT,Rico Dowdle,RB,Out,,sleeper
2026-09-22,2026,2.0,PIT,Donte Kent,CB,PUP,,sleeper
2026-09-22,2026,2.0,PIT,Gennings Dunker,OT,Out,,sleeper
2026-09-22,2026,2.0,PIT,Will Howard,QB,Out,,sleeper
2026-09-22,2026,2.0,PIT,Gabriel Rubio,DL,Out,,sleeper
2026-09-22,2026,2.0,PIT,DeShon Elliott,DB,IR,,sleeper
2026-09-22,2026,2.0,PIT,Joey Porter,DB,Out,,sleeper
2026-09-22,2026,2.0,PIT,Jack Driscoll,T,IR,,sleeper
2026-09-22,2026,2.0,PIT,Drew Allar,QB,Out,,sleeper
2026-09-22,2026,2.0,PIT,Kevin Jobity,DL,Out,,sleeper
2026-09-22,2026,2.0,PIT,Max Hurleman,CB,Out,,sleeper
2026-09-22,2026,2.0,SEA,Aaron Smith,LB,Questionable,,sleeper
2026-09-22,2026,2.0,SEA,Jake Bobo,WR,IR,,sleeper
2026-09-22,2026,2.0,SEA,Montorie Foster,WR,Out,,sleeper
2026-09-22,2026,2.0,SEA,Mike Morris,DE,Out,,sleeper
2026-09-22,2026,2.0,SEA,Irv Charles,WR,IR,,sleeper
2026-09-22,2026,2.0,SEA,Robbie Ouzts,RB,IR,,sleeper
2026-09-22,2026,2.0,SEA,Jadarian Price,RB,Questionable,,sleeper
2026-09-22,2026,2.0,SEA,Connor O'Toole,DE,Out,,sleeper
2026-09-22,2026,2.0,SEA,Bud Clark,DB,IR,,sleeper
2026-09-22,2026,2.0,SEA,Power Echols,LB,Questionable,,sleeper
2026-09-22,2026,2.0,SEA,Brandon Pili,DT,Questionable,,sleeper
2026-09-22,2026,2.0,SEA,Mason Richman,OL,IR,,sleeper
2026-09-22,2026,2.0,SEA,Zach Charbonnet,RB,PUP,,sleeper
2026-09-22,2026,2.0,SEA,Amari Kight,OT,Questionable,,sleeper
2026-09-22,2026,2.0,SF,Mykel Williams,DL,PUP,,sleeper
2026-09-22,2026,2.0,SF,Nate Hobbs,CB,IR,,sleeper
2026-09-22,2026,2.0,SF,Andrew Farmer,LB,IR,,sleeper
2026-09-22,2026,2.0,SF,Jake Tonges,TE,IR,,sleeper
2026-09-22,2026,2.0,SF,Demarcus Robinson,WR,Out,,sleeper
2026-09-22,2026,2.0,SF,Isaac Guerendo,RB,PUP,,sleeper
2026-09-22,2026,2.0,SF,Ricky Pearsall,WR,IR,,sleeper
2026-09-22,2026,2.0,SF,Mike Evans,WR,Questionable,,sleeper
2026-09-22,2026,2.0,SF,Darrick Forrest,DB,IR,,sleeper
2026-09-22,2026,2.0,SF,Romello Height,LB,Questionable,,sleeper
2026-09-22,2026,2.0,SF,Ephesians Prysock,CB,Out,,sleeper
2026-09-22,2026,2.0,SF,Kurtis Rourke,QB,Out,,sleeper
2026-09-22,2026,2.0,SF,Austen Pleasants,OL,IR,,sleeper
2026-09-22,2026,2.0,SF,Jordan Watkins,WR,Out,,sleeper
2026-09-22,2026,2.0,SF,Nick Martin,LB,IR,,sleeper
2026-09-22,2026,2.0,SF,James Thompson,DT,Questionable,,sleeper
2026-09-22,2026,2.0,SF,Jack Jones,DB,Questionable,,sleeper
2026-09-22,2026,2.0,SF,Christian Kirk,WR,IR,,sleeper
2026-09-22,2026,2.0,SF,Enrique Cruz,OL,Out,,sleeper
2026-09-22,2026,2.0,SF,Mikail Kamara,DE,IR,,sleeper
2026-09-22,2026,2.0,SF,Alfred Collins,DL,IR,,sleeper
2026-09-22,2026,2.0,SF,Tatum Bethune,LB,Out,,sleeper
2026-09-22,2026,2.0,SF,Brett Toth,OL,IR,,sleeper
2026-09-22,2026,2.0,SF,Sam Okuayinonu,DE,IR,,sleeper
2026-09-22,2026,2.0,SF,Nick Zakelj,OL,IR,,sleeper
2026-09-22,2026,2.0,TB,Deshawn McKnight,DL,IR,,sleeper
2026-09-22,2026,2.0,TB,Mohamed Kamara,DL,IR,,sleeper
2026-09-22,2026,2.0,TB,Elijah Simmons,DL,Out,,sleeper
2026-09-22,2026,2.0,TB,DeMonte Capehart,DT,Out,,sleeper
2026-09-22,2026,2.0,TB,Ayden Garnes,DB,Out,,sleeper
2026-09-22,2026,2.0,TB,David Sills,WR,IR,,sleeper
2026-09-22,2026,2.0,TB,Billy Schrauth,G,Out,,sleeper
2026-09-22,2026,2.0,TB,Luke Haggard,OT,Out,,sleeper
2026-09-22,2026,2.0,TB,Josh Hayes,CB,IR,,sleeper
2026-09-22,2026,2.0,TEN,Jaren Kanak,TE,IR,,sleeper
2026-09-22,2026,2.0,TEN,Donnie Ernsberger,TE,Questionable,,sleeper
2026-09-22,2026,2.0,TEN,Joshua Williams,CB,IR,,sleeper
2026-09-22,2026,2.0,TEN,Atonio Mafi,OL,Out,,sleeper
2026-09-22,2026,2.0,TEN,Fernando Carmona,G,Questionable,,sleeper
2026-09-22,2026,2.0,TEN,Dorian Mausi,LB,IR,,sleeper
2026-09-22,2026,2.0,TEN,Cor'Dale Flott,DB,Out,,sleeper
2026-09-22,2026,2.0,TEN,Dominique Hampton,CB,Questionable,,sleeper
2026-09-22,2026,2.0,TEN,Jaylen Harrell,DE,IR,,sleeper
2026-09-22,2026,2.0,TEN,Milo Eifler,LB,IR,,sleeper
2026-09-22,2026,2.0,TEN,Jackie Marshall,DE,Out,,sleeper
2026-09-22,2026,2.0,TEN,Kylen Granson,TE,Out,,sleeper
2026-09-22,2026,2.0,TEN,Kendell Brooks,DB,IR,,sleeper
2026-09-22,2026,2.0,TEN,Tanoh Kpassagnon,DE,IR,,sleeper
2026-09-22,2026,2.0,WAS,Ricky Barber,DT,Out,,sleeper
2026-09-22,2026,2.0,WAS,Athan Kaliakmanis,QB,Out,,sleeper
2026-09-22,2026,2.0,WAS,Nick Cross,DB,Questionable,,sleeper
2026-09-22,2026,2.0,WAS,Jeremy McNichols,RB,IR,,sleeper
2026-09-22,2026,2.0,WAS,Sam Cosmi,OL,Questionable,,sleeper
2026-09-22,2026,2.0,WAS,Luke McCaffrey,WR,Out,,sleeper
2026-09-22,2026,2.0,WAS,Laremy Tunsil,OL,IR,,sleeper
2026-09-22,2026,2.0,WAS,Isaac Yiadom,CB,Out,,sleeper
2026-09-22,2026,2.0,WAS,Jordan Magee,LB,IR,,sleeper
2026-09-22,2026,2.0,WAS,Deatrich Wise,DE,PUP,,sleeper
2026-09-22,2026,2.0,WAS,Jer'Zhan Newton,DL,IR,,sleeper
2026-09-22,2026,2.0,WAS,Brandon Coleman,OL,Questionable,,sleeper
2026-09-22,2026,2.0,WAS,Jayden Daniels,QB,Out,,sleeper
2026-09-22,2026,2.0,WAS,Trey Amos,DB,IR,,sleeper
