snapshot,season,player_id,name,team,pos,number,status
2026-09-02,2026,,Samuel Womack,NYJ,CB,22.0,Active
2026-09-02,2026, 00-0031052,Bashaud Breeland,ARI,CB,24.0,Active
2026-09-02,2026,,Brandon Aubrey,DAL,K,17.0,Active
2026-09-02,2026,00-0031411,DeMarcus Lawrence,SEA,DE,0.0,Active
2026-09-02,2026,,Toriano Pride,CLE,CB,35.0,Active
2026-09-02,2026,,Jacob Thomas,MIN,DB,39.0,Active
2026-09-02,2026,,Jake Hummel,HOU,LB,33.0,Active
2026-09-02,2026,,Parker Washington,JAX,WR,11.0,Active
2026-09-02,2026,,Geno Stone,BUF,DB,25.0,Active
2026-09-02,2026,00-0033038,Eric Murray,JAX,DB,29.0,Active
2026-09-02,2026,,Salvon Ahmed,CHI,RB,36.0,Active
2026-09-02,2026,,Mykel Williams,SF,DL,98.0,Active
2026-09-02,2026,00-0034668,Aaron Stinnie,NYG,G,64.0,Active
2026-09-02,2026,,JJ Roberts,TB,DB,36.0,Active
2026-09-02,2026,,Cameron Williams,ATL,OL,73.0,Active
2026-09-02,2026,00-0032433,Kyle Murphy,NO,OT,79.0,Active
2026-09-02,2026,,CeeDee Lamb,DAL,WR,88.0,Active
2026-09-02,2026,,D.J. Johnson,WAS,LB,53.0,Active
2026-09-02,2026,,Bucky Irving,TB,RB,7.0,Active
2026-09-02,2026,,Kevin Dotson,LAR,OL,69.0,Active
2026-09-02,2026,,Kendall Milton,CIN,RB,36.0,Active
2026-09-02,2026,,Jerry Jeudy,CLE,WR,3.0,Active
2026-09-02,2026,,Joshua Gray,MIN,OL,79.0,Active
2026-09-02,2026,,Tyren Montgomery,TEN,WR,19.0,Active
2026-09-02,2026,,Jacob Cowing,SF,WR,6.0,Active
2026-09-02,2026,,JD Bertrand,ATL,LB,40.0,Inactive
2026-09-02,2026,,Kyle Louis,MIA,LB,19.0,Active
2026-09-02,2026,,Beau Stephens,SEA,G,60.0,Active
2026-09-02,2026,00-0026027,JJ Jansen,CAR,LS,44.0,Active
2026-09-02,2026,,James Lynch,CHI,DT,97.0,Active
2026-09-02,2026,,Jordan Wade,LV,G,0.0,Active
2026-09-02,2026,,Josh Kaltenberger,LAC,OL,68.0,Inactive
2026-09-02,2026,,Marte Mapu,HOU,DB,14.0,Inactive
2026-09-02,2026,,Kayshon Boutte,HOU,WR,14.0,Active
2026-09-02,2026,,Wyatt Milum,JAX,OL,64.0,Active
2026-09-02,2026,,Omarion Hampton,LAC,RB,8.0,Active
2026-09-02,2026,,Jaleel McLaughlin,CLE,RB,38.0,Active
2026-09-02,2026,,Kyle Hinton,ATL,G,68.0,Active
2026-09-02,2026,,Tim Keenan,LAC,DT,96.0,Active
2026-09-02,2026,,Adam Randall,BAL,RB,23.0,Inactive
2026-09-02,2026,00-0031550,Shaq Thompson,BUF,LB,45.0,Active
2026-09-02,2026,,Nate Hobbs,SF,CB,22.0,Inactive
2026-09-02,2026,,Devontez Walker,BAL,WR,81.0,Active
2026-09-02,2026,00-0034754,Oren Burks,CIN,LB,42.0,Active
2026-09-02,2026,,Behren Morton,NE,QB,15.0,Active
2026-09-02,2026,,Jay Higgins,BAL,LB,49.0,Active
2026-09-02,2026,,Damarion Williams,TB,DB,28.0,Inactive
2026-09-02,2026,,Oronde Gadsden,LAC,TE,86.0,Active
2026-09-02,2026,,Dalton Johnson,LV,DB,43.0,Active
2026-09-02,2026,,Tyrus Wheat,DAL,DE,90.0,Active
2026-09-02,2026,,LaJohntay Wester,BAL,WR,10.0,Active
2026-09-02,2026,,Nick Broeker,BUF,OL,65.0,Active
2026-09-02,2026,,Andrew Farmer,SF,LB,50.0,Inactive
2026-09-02,2026,,Kyle Pitts,ATL,TE,8.0,Active
2026-09-02,2026,,Duplicate Player,LAR,DE,94.0,Inactive
2026-09-02,2026,,Teddye Buchanan,BAL,LB,40.0,Active
2026-09-02,2026,00-0033876,Derek Barnett,CLE,DE,50.0,Active
2026-09-02,2026,,RJ Mickens,LAC,DB,27.0,Active
2026-09-02,2026, 00-0035232,Dwayne Haskins,PIT,QB,3.0,Active
2026-09-02,2026,,E.J. Jenkins,PHI,TE,84.0,Active
2026-09-02,2026,,Cade Mays,DET,OL,64.0,Active
2026-09-02,2026,,Nick Herbig,PIT,LB,51.0,Active
2026-09-02,2026,00-0034248,Elijah Campbell,NYG,DB,28.0,Active
2026-09-02,2026,,Ar'Darius Washington,NYG,DB,24.0,Active
2026-09-02,2026,00-0026158,Joe Flacco,CIN,QB,16.0,Active
2026-09-02,2026,,Isaiah McDuffie,GB,LB,58.0,Active
2026-09-02,2026,,VJ Payne,NYJ,DB,34.0,Active
2026-09-02,2026,,Tyler Lacy,DET,DE,93.0,Active
2026-09-02,2026,,Hunter Nourzad,KC,OL,64.0,Active
2026-09-02,2026,,Henry To'oTo'o,HOU,LB,39.0,Active
2026-09-02,2026,00-0033217,Mo Alie-Cox,IND,TE,81.0,Active
2026-09-02,2026,,Truman Jones,TEN,DE,56.0,Active
2026-09-02,2026,00-0034773,Vita Vea,TB,DT,50.0,Active
2026-09-02,2026,,Josh Kelly,HOU,WR,85.0,Active
2026-09-02,2026,,Anterio Thompson,ATL,DT,98.0,Active
2026-09-02,2026, 00-0034989,Justin Skule,TB,OT,77.0,Active
2026-09-02,2026,,Jake Tonges,SF,TE,88.0,Active
2026-09-02,2026,,Matt Goncalves,IND,OL,71.0,Active
2026-09-02,2026,,Gavin Ortega,DEN,C,68.0,Active
2026-09-02,2026,,Segun Olubi,LV,LB,50.0,Active
2026-09-02,2026,00-0031933,Leonard Williams,SEA,DE,99.0,Active
2026-09-02,2026, 00-0034966,D'Angelo Ross,CLE,DB,38.0,Active
2026-09-02,2026,,Nnamdi Madubuike,BAL,DT,92.0,Active
2026-09-02,2026,,Ke'Shawn Williams,CIN,WR,12.0,Active
2026-09-02,2026, 00-0035058,Dax Raymond,PIT,TE,49.0,Active
2026-09-02,2026,,T.J. Bollers,JAX,DL,94.0,Active
2026-09-02,2026,,Dadrion Taylor-Demerson,ARI,DB,42.0,Active
2026-09-02,2026,,Brycen Tremayne,CAR,WR,87.0,Active
2026-09-02,2026, 00-0035230,Ed Oliver,BUF,DT,91.0,Active
2026-09-02,2026,,Mike Green,BAL,DL,15.0,Active
2026-09-02,2026,,Pierre Strong,GB,RB,22.0,Active
2026-09-02,2026,00-0027557,Morgan Cox,TEN,LS,46.0,Active
2026-09-02,2026,,Davis Mills,HOU,QB,10.0,Active
2026-09-02,2026,,Adam Prentice,DEN,FB,46.0,Active
2026-09-02,2026,,Damar Hamlin,BUF,DB,3.0,Active
2026-09-02,2026,00-0032104,Ameer Abdullah,JAX,RB,20.0,Active
2026-09-02,2026,,Sonny Styles,WAS,LB,52.0,Active
2026-09-02,2026,00-0034760,Nathan Shepherd,NO,DT,93.0,Active
2026-09-02,2026, 00-0035704,Drew Lock,SEA,QB,2.0,Active
2026-09-02,2026,,Max Llewellyn,MIA,DE,57.0,Active
2026-09-02,2026,,Trey Sermon,ATL,RB,44.0,Inactive
2026-09-02,2026,,Amari Gainer,MIA,LB,45.0,Active
2026-09-02,2026,,Dominique Robinson,HOU,DL,97.0,Active
2026-09-02,2026,,Audric Estime,NO,RB,30.0,Active
2026-09-02,2026,,Darien Porter,LV,DB,26.0,Active
2026-09-02,2026,,Connor Colby,SF,OL,75.0,Active
2026-09-02,2026, 00-0035643,Jeffery Simmons,TEN,DT,98.0,Active
2026-09-02,2026,,Houston Texans,HOU,DEF,,
2026-09-02,2026,00-0033077,Dak Prescott,DAL,QB,4.0,Active
2026-09-02,2026,,Patrick Johnson,LV,LB,93.0,Active
2026-09-02,2026,,Zach Harrison,ATL,DE,96.0,Active
2026-09-02,2026,,Trevis Gipson,CAR,LB,52.0,Active
2026-09-02,2026,,Antonio Williams,WAS,WR,14.0,Active
2026-09-02,2026,,Jordan Meredith,NYJ,OL,61.0,Active
2026-09-02,2026,,Eric Gregory,NE,DT,95.0,Active
2026-09-02,2026,00-0026498,Matthew Stafford,LAR,QB,9.0,Active
2026-09-02,2026,,Johnny Wilson,PHI,WR,89.0,Inactive
2026-09-02,2026,,Khalil Shakir,BUF,WR,10.0,Active
2026-09-02,2026,,Trey Zuhn,LV,OT,66.0,Active
2026-09-02,2026, 00-0035190,AJ Cole,LV,P,6.0,Active
2026-09-02,2026,,Noah Gray,KC,TE,83.0,Active
2026-09-02,2026,,Paschal Ekeji,NYJ,DE,54.0,Active
2026-09-02,2026,,Dallas Turner,MIN,LB,15.0,Active
2026-09-02,2026,,Kenneth Grant,MIA,DL,78.0,Active
2026-09-02,2026,,New England Patriots,NE,DEF,,
2026-09-02,2026,,Jordan Burch,ARI,DL,52.0,Active
2026-09-02,2026,,Jordan Elliott,TEN,DT,95.0,Active
2026-09-02,2026,,Joe Milton,DAL,QB,10.0,Active
2026-09-02,2026,,Travis Bell,CLE,DL,66.0,Inactive
2026-09-02,2026,,Corey Rucker,LV,WR,82.0,Inactive
2026-09-02,2026, 00-0034975,Justice Hill,BAL,RB,43.0,Active
2026-09-02,2026,,Josh Newton,CIN,CB,28.0,Active
2026-09-02,2026, 00-0035630,Chris Lindstrom,ATL,G,63.0,Active
2026-09-02,2026,00-0034355,M.J. Stewart,HOU,DB,29.0,Active
2026-09-02,2026,,Peter Skoronski,TEN,OL,77.0,Active
2026-09-02,2026,,Jamaal Pritchett,NYJ,WR,81.0,Active
2026-09-02,2026,,Colston Loveland,CHI,TE,84.0,Active
2026-09-02,2026,00-0033538,Garett Bolles,DEN,OT,72.0,Active
2026-09-02,2026,,Aidan Hubbard,SEA,DE,93.0,Active
2026-09-02,2026, 00-0035026,Kevin Givens,HOU,DT,90.0,Active
2026-09-02,2026,,Bobby Brown,CAR,DT,97.0,Active
2026-09-02,2026,,Erick Hunter,NE,LB,49.0,Active
2026-09-02,2026,00-0031181,Ricardo Allen,CIN,DB,37.0,Active
2026-09-02,2026,,Akayleb Evans,CAR,DB,29.0,Active
2026-09-02,2026,,James Cook,BUF,RB,4.0,Active
2026-09-02,2026,,Liam Anderson,MIA,LB,45.0,Active
2026-09-02,2026,,Mansoor Delane,KC,DB,5.0,Active
2026-09-02,2026,,Landon Robinson,CIN,NT,96.0,Active
2026-09-02,2026,,Justin Pickett,LV,G,,Inactive
2026-09-02,2026,,Ricky Barber,WAS,DT,50.0,Active
2026-09-02,2026,,Jalen Morton,IND,QB,6.0,Active
2026-09-02,2026,,Chris Smith,DET,DL,90.0,Active
2026-09-02,2026,,Keith Cooper,MIA,DL,97.0,Active
2026-09-02,2026,,Jahan Dotson,ATL,WR,4.0,Active
2026-09-02,2026,,Marcus Harris,KC,DL,68.0,Active
2026-09-02,2026,,Deven Eastern,SEA,DT,97.0,Active
2026-09-02,2026,,DaRon Bland,DAL,DB,26.0,Active
2026-09-02,2026,,Kalia Davis,CLE,DL,93.0,Inactive
2026-09-02,2026,,Rasheed Walker,CAR,OL,63.0,Active
2026-09-02,2026,,Levi Drake Rodriguez,MIN,DT,50.0,Active
2026-09-02,2026,,Trace Ford,NYG,DL,48.0,Active
2026-09-02,2026,00-0033914,Alex Anzalone,TB,LB,34.0,Active
2026-09-02,2026,00-0032769,Brandon Williams,NYG,CB,28.0,Inactive
2026-09-02,2026,00-0032353,Chris Milton,MIA,DB,35.0,Active
2026-09-02,2026,,Robert Henry,WAS,RB,30.0,Active
2026-09-02,2026, 00-0034974,Julian Love,SEA,DB,20.0,Active
2026-09-02,2026,,Efton Chism,NE,WR,86.0,Active
2026-09-02,2026,00-0032578,Woodrow Hamilton,NYG,DT,90.0,Active
2026-09-02,2026, 00-0035253,C.J. Gardner-Johnson,BUF,DB,22.0,Active
2026-09-02,2026,,Jauan Jennings,MIN,WR,14.0,Active
2026-09-02,2026,00-0034805,John Franklin-Myers,TEN,DT,91.0,Active
2026-09-02,2026,,Rachaad White,WAS,RB,1.0,Active
2026-09-02,2026,,Malik Washington,MIA,WR,6.0,Active
2026-09-02,2026,,Micah Morris,PHI,G,76.0,Active
2026-09-02,2026,,Davison Igbinosun,BUF,CB,21.0,Active
2026-09-02,2026,,Tristen Hoge,DEN,G,69.0,Active
2026-09-02,2026,,Jahfari Harvey,LV,DE,91.0,Active
2026-09-02,2026,,Roy Mbaeteka,IND,OL,78.0,Active
2026-09-02,2026,,Jeremy Reaves,WAS,DB,39.0,Active
2026-09-02,2026,,Michael Coats,CLE,CB,39.0,Active
2026-09-02,2026,,Cameron Thomas,ATL,DL,99.0,Active
2026-09-02,2026,,Fred Davis,WAS,CB,38.0,Active
2026-09-02,2026,00-0034869,Sam Darnold,SEA,QB,14.0,Active
2026-09-02,2026,,Charlie Jones,NYG,WR,15.0,Active
2026-09-02,2026,,Nate Lynn,JAX,DL,92.0,Active
2026-09-02,2026,,Kage Casey,DEN,OT,78.0,Active
2026-09-02,2026,,Brian Branch,DET,DB,32.0,Active
2026-09-02,2026,,Kevin Knowles,TB,DB,35.0,Active
2026-09-02,2026,00-0032943,Riley Dixon,TB,P,9.0,Active
2026-09-02,2026,,T.J. Bass,DAL,OL,66.0,Active
2026-09-02,2026,00-0027973,Andy Dalton,PHI,QB,14.0,Active
2026-09-02,2026,,Jayden Reed,GB,WR,11.0,Active
2026-09-02,2026,,Jonah Elliss,DEN,DE,52.0,Active
2026-09-02,2026,,Chris Rumph,NO,LB,58.0,Active
2026-09-02,2026, 00-0035254,Anthony Nelson,TB,LB,98.0,Active
2026-09-02,2026,,Zach Durfee,JAX,DE,58.0,Active
2026-09-02,2026,,Isaiah McGuire,CLE,DL,57.0,Active
2026-09-02,2026,,Tavius Robinson,BAL,DE,95.0,Active
2026-09-02,2026,,Jackson Powers-Johnson,LV,OL,58.0,Active
2026-09-02,2026,,Branson Taylor,LAC,OL,71.0,Inactive
2026-09-02,2026,00-0034371,Da'Shawn Hand,ATL,DT,90.0,Active
2026-09-02,2026,,Ja'Sir Taylor,CIN,DB,26.0,Active
2026-09-02,2026,,Chris Brooks,GB,RB,30.0,Active
2026-09-02,2026,00-0031410,Xavier Su'a-Filo,CIN,G,72.0,Active
2026-09-02,2026,,CJ Allen,IND,LB,53.0,Active
2026-09-02,2026,00-0033284,Taylor Moton,CAR,T,72.0,Active
2026-09-02,2026,,Dylan Laube,LV,RB,23.0,Active
2026-09-02,2026, 00-0034959,Andrew Beck,NYJ,RB,47.0,Active
2026-09-02,2026,,Micah Robinson,TEN,CB,21.0,Active
2026-09-02,2026,,Cade Otton,TB,TE,88.0,Active
2026-09-02,2026,,Sebastian Valdez,SF,DL,55.0,Active
2026-09-02,2026,00-0032398,Chris Moore,BAL,WR,17.0,Active
2026-09-02,2026,,Max Mitchell,NYJ,T,61.0,Active
2026-09-02,2026,00-0034342,Quenton Nelson,IND,OL,56.0,Active
2026-09-02,2026,,CJ Williams,JAX,WR,18.0,Active
2026-09-02,2026,,CJ Daniels,LAR,WR,6.0,Active
2026-09-02,2026,,Kahlef Hailassie,MIN,CB,25.0,Active
2026-09-02,2026,,Collin Oliver,GB,DE,45.0,Active
2026-09-02,2026,,Christian Harris,ATL,LB,45.0,Active
2026-09-02,2026,,Kimani Vidal,LAC,RB,28.0,Active
2026-09-02,2026, 00-0035589,Gary Jennings,LAC,WR,86.0,Active
2026-09-02,2026, 00-0034727,Drew Scott,KC,LS,0.0,Active
2026-09-02,2026,,Greg Newsome,NYG,CB,20.0,Active
2026-09-02,2026,00-0034832,Bradley Chubb,BUF,LB,9.0,Active
2026-09-02,2026,,Josh Cuevas,BAL,TE,85.0,Active
2026-09-02,2026,,Alec Anderson,BUF,OL,70.0,Active
2026-09-02,2026,,Jack Endries,CIN,TE,84.0,Active
2026-09-02,2026,,Odafe Oweh,WAS,LB,98.0,Active
2026-09-02,2026,,Winston Reid,CLE,LB,59.0,Active
2026-09-02,2026,00-0031957,Rakeem Nunez-Roches,TB,DT,56.0,Active
2026-09-02,2026,,Duplicate Player,ARI,,0.0,Inactive
2026-09-02,2026,,West Weeks,IND,LB,47.0,Active
2026-09-02,2026,,Ryan Wright,NO,P,17.0,Active
2026-09-02,2026,00-0033303,Harrison Butker,KC,K,7.0,Active
2026-09-02,2026,,Aiulua Fanene,GB,DT,62.0,Active
2026-09-02,2026,,Ko Kieft,TB,TE,41.0,Active
2026-09-02,2026,00-0034275,Folorunso Fatukasi,LV,DT,94.0,Active
2026-09-02,2026,00-0031595,Michael Burton,CLE,FB,34.0,Active
2026-09-02,2026,,Jack Sawyer,PIT,DL,33.0,Active
2026-09-02,2026,,Sean Rhyan,GB,OL,75.0,Active
2026-09-02,2026,,Jaxon Smith-Njigba,SEA,WR,11.0,Active
2026-09-02,2026,,Lew Nichols,PIT,RB,35.0,Active
2026-09-02,2026,,Bryce Baringer,NE,P,17.0,Inactive
2026-09-02,2026,,Isaiah Davis,NYJ,RB,32.0,Active
2026-09-02,2026,,Jaylen Waddle,DEN,WR,17.0,Active
2026-09-02,2026,,TJ Hall,NO,CB,34.0,Active
2026-09-02,2026,,Gerad Lichtenhan,BAL,OT,78.0,Active
2026-09-02,2026,,Naquan Jones,MIN,DT,91.0,Active
2026-09-02,2026,,Jahdae Walker,CHI,WR,9.0,Active
2026-09-02,2026,,Tarheeb Still,LAC,DB,29.0,Active
2026-09-02,2026,,Jacardia Wright,SEA,RB,31.0,Active
2026-09-02,2026,,Noah Thomas,CIN,WR,17.0,Active
2026-09-02,2026,00-0034759,Kolton Miller,LV,T,74.0,Active
2026-09-02,2026,,Parker Brailsford,CLE,C,52.0,Active
2026-09-02,2026,,Baltimore Ravens,BAL,DEF,,
2026-09-02,2026,,Luke Basso,DEN,LS,43.0,Active
2026-09-02,2026,,Brenen Thompson,LAC,WR,89.0,Active
2026-09-02,2026, 00-0035680,Quincy Williams,CLE,LB,5.0,Active
2026-09-02,2026,00-0031156,Tyler Ott,WAS,LS,69.0,Active
2026-09-02,2026,00-0031744,Matt LaCosse,NE,TE,83.0,Active
2026-09-02,2026,,Andrew Meyer,MIA,C,60.0,Active
2026-09-02,2026,,Que Robinson,DEN,LB,51.0,Active
2026-09-02,2026,00-0034639,Mike Ford,ATL,DB,28.0,Active
2026-09-02,2026,,Jalen Sundell,SEA,C,61.0,Active
2026-09-02,2026,,Chance Campbell,PHI,LB,59.0,Active
2026-09-02,2026, 00-0035277,Mike Jackson,CAR,CB,2.0,Active
2026-09-02,2026,,Edefuan Ulofoshio,CLE,LB,54.0,Active
2026-09-02,2026,,Luke Fortner,CAR,G,77.0,Active
2026-09-02,2026,,Jack Sanborn,CHI,LB,57.0,Active
2026-09-02,2026,,Anthony McMeans,LAR,G,0.0,Active
2026-09-02,2026,,Isaiah Iton,NE,DL,62.0,Inactive
2026-09-02,2026,,Michael Coe,DAL,CB,20.0,Active
2026-09-02,2026,,Rueben Bain,TB,DL,3.0,Active
2026-09-02,2026, 00-0035710,Daniel Jones,IND,QB,17.0,Active
2026-09-02,2026,,Will Johnson,ARI,DB,2.0,Active
2026-09-02,2026,,George Karlaftis,KC,DL,56.0,Active
2026-09-02,2026,,Rejzohn Wright,NO,CB,25.0,Inactive
2026-09-02,2026,,Justin Jefferson,CLE,LB,17.0,Active
2026-09-02,2026,,Tershawn Wharton,CAR,DT,98.0,Active
2026-09-02,2026,,Eli Raridon,NE,TE,82.0,Active
2026-09-02,2026,,Eyioma Uwazurike,DEN,DL,96.0,Active
2026-09-02,2026, 00-0035707,Devin White,DET,LB,45.0,Active
2026-09-02,2026, 00-0035112,Patrick Mekari,JAX,OL,65.0,Active
2026-09-02,2026,,Chase Young,NO,DE,99.0,Active
2026-09-02,2026,,Jason Pinnock,NYG,CB,25.0,Active
2026-09-02,2026,,Luke Wattenberg,DEN,OL,60.0,Active
2026-09-02,2026,,Ben Mann,NYG,LS,58.0,Active
2026-09-02,2026, 00-0035229,T.J. Hockenson,MIN,TE,87.0,Active
2026-09-02,2026,00-0031333,Ha Ha Clinton-Dix,DEN,DB,32.0,Active
2026-09-02,2026,,Ryan Fitzgerald,CAR,K,10.0,Active
2026-09-02,2026,,Chad Ryland,ARI,K,38.0,Active
2026-09-02,2026,,TreVeyon Henderson,NE,RB,32.0,Active
2026-09-02,2026,,Bangally Kamara,MIN,LB,59.0,Active
2026-09-02,2026,,Vincent Anthony,SF,DE,98.0,Active
2026-09-02,2026,00-0033245,Jake Eldrenkamp,HOU,OL,60.0,Active
2026-09-02,2026,,Cooper McDonald,KC,LB,44.0,Active
2026-09-02,2026,,Justin Strnad,DEN,LB,40.0,Active
2026-09-02,2026,,Alex Kessman,CAR,K,19.0,Active
2026-09-02,2026,,Ross Matiscik,JAX,LS,46.0,Active
2026-09-02,2026,,Omarr Norman-Lott,KC,DT,55.0,Active
2026-09-02,2026,,Brandon Dorlus,ATL,DE,54.0,Active
2026-09-02,2026, 00-0035539,Isaac Nauta,GB,TE,82.0,Inactive
2026-09-02,2026,,Jordan McFadden,CHI,OL,74.0,Active
2026-09-02,2026,00-0032497,Reid Ferguson,BUF,LS,69.0,Active
2026-09-02,2026,,Javon Kinlaw,WAS,DT,99.0,Active
2026-09-02,2026,,Elijah Sarratt,BAL,WR,13.0,Active
2026-09-02,2026,,Isaac TeSlaa,DET,WR,18.0,Active
2026-09-02,2026,,D'Andre Swift,CHI,RB,4.0,Active
2026-09-02,2026,,Blake Gillikin,ARI,P,12.0,Active
2026-09-02,2026,,Malik Mustapha,SF,DB,6.0,Active
2026-09-02,2026,00-0030565,Geno Smith,NYJ,QB,7.0,Active
2026-09-02,2026,,Corey Kiner,NE,RB,9.0,Active
2026-09-02,2026,,Mike Caliendo,KC,G,66.0,Active
2026-09-02,2026,,Riley Mahlman,ATL,OT,76.0,Active
2026-09-02,2026,,Tua Tagovailoa,ATL,QB,1.0,Active
2026-09-02,2026, 00-0035250,Devin Singletary,NYG,RB,26.0,Active
2026-09-02,2026,00-0034378,Ito Smith,DAL,RB,43.0,Active
2026-09-02,2026,,Jaden Crumedy,GB,DT,63.0,Active
2026-09-02,2026,,Jaycee Horn,CAR,CB,8.0,Active
2026-09-02,2026,,Jabari Small,DET,RB,26.0,Active
2026-09-02,2026,,Sebastian Castro,PIT,DB,49.0,Active
2026-09-02,2026,,Jalen Hurts,PHI,QB,1.0,Active
2026-09-02,2026,,Omari Evans,KC,WR,7.0,Active
2026-09-02,2026,,Danny Pinter,BAL,G,63.0,Inactive
2026-09-02,2026,,Brandon Cleveland,LV,DT,90.0,Active
2026-09-02,2026,,Zach Wilson,NO,QB,11.0,Active
2026-09-02,2026,,Cam Gill,CAR,LB,49.0,Active
2026-09-02,2026,,Julian Ashby,NE,LS,47.0,Active
2026-09-02,2026,,Devonta Smith,CAR,CB,43.0,Active
2026-09-02,2026,00-0029955,LaRoy Reynolds,NE,LB,59.0,Active
2026-09-02,2026,,Tyler Batty,MIN,DL,92.0,Inactive
2026-09-02,2026,,AJ Arcuri,BAL,OT,61.0,Active
2026-09-02,2026,,Elijah Ponder,NE,DE,91.0,Active
2026-09-02,2026,,Rene Konga,MIA,DL,95.0,Inactive
2026-09-02,2026,,Ladd McConkey,LAC,WR,15.0,Active
2026-09-02,2026,00-0033260,Thomas Hennessy,NYJ,LS,42.0,Active
2026-09-02,2026, 00-0035118,Matt Orzech,GB,LS,42.0,Active
2026-09-02,2026,,Demond Claiborne,MIN,RB,21.0,Active
2026-09-02,2026,,Ricky White,SEA,WR,86.0,Active
2026-09-02,2026,,Adisa Isaac,BAL,DE,50.0,Active
2026-09-02,2026,,Brian Robinson,ATL,RB,15.0,Active
2026-09-02,2026,,Jonas Sanker,NO,DB,7.0,Active
2026-09-02,2026,,Casey Washington,CAR,WR,80.0,Active
2026-09-02,2026,,Cesar Ruiz,NO,OL,51.0,Active
2026-09-02,2026,,Josh Simmons,KC,OL,71.0,Active
2026-09-02,2026,,Eugene Asante,ARI,LB,53.0,Active
2026-09-02,2026,00-0034856,Denzel Ward,CLE,CB,21.0,Active
2026-09-02,2026,,Vega Ioane,BAL,OG,71.0,Active
2026-09-02,2026,,Ben VanSumeren,KC,LB,45.0,Active
2026-09-02,2026,,Levelle Bailey,DEN,LB,56.0,Inactive
2026-09-02,2026,,Robert Spears-Jennings,PIT,DB,28.0,Active
2026-09-02,2026,,Sam Ehlinger,DEN,QB,4.0,Active
2026-09-02,2026,,Skyler Thomas,CHI,DB,38.0,Active
2026-09-02,2026,,Vernon Broughton,NO,DT,91.0,Active
2026-09-02,2026,,DeaMonte Trayanum,NYJ,RB,40.0,Inactive
2026-09-02,2026,,Hunter Luepke,DAL,FB,40.0,Active
2026-09-02,2026,,Taki Taimani,MIN,DL,94.0,Inactive
2026-09-02,2026,,Caden Curry,IND,DL,55.0,Active
2026-09-02,2026,,Trey Washington,IND,DB,41.0,Active
2026-09-02,2026,,Barrett Burns,BAL,TE,0.0,Active
2026-09-02,2026,,Rome Odunze,CHI,WR,15.0,Active
2026-09-02,2026,,Logan Brown,SEA,OT,73.0,Active
2026-09-02,2026,,Michael Wilson,ARI,WR,14.0,Active
2026-09-02,2026,,Mykal Walker,NYJ,LB,43.0,Inactive
2026-09-02,2026,,Nick Emmanwori,SEA,DB,3.0,Active
2026-09-02,2026,,Yasir Holmes,TB,LB,57.0,Active
2026-09-02,2026,,Myles Bryant,CLE,DB,27.0,Active
2026-09-02,2026,,Pittsburgh Steelers,PIT,DEF,,
2026-09-02,2026,,Penei Sewell,DET,T,58.0,Active
2026-09-02,2026,,Jordan Love,GB,QB,10.0,Active
2026-09-02,2026,00-0034419,Braxton Berrios,NYG,WR,87.0,Active
2026-09-02,2026,,Lander Barton,LAC,LB,57.0,Active
2026-09-02,2026,,Adrian Killins,DEN,RB,17.0,Inactive
2026-09-02,2026,,Armand Membou,NYJ,OL,70.0,Active
2026-09-02,2026, 00-0035269,Matt Gay,LV,K,4.0,Active
2026-09-02,2026,,Chad Cota,HOU,S,37.0,Active
2026-09-02,2026,,Indianapolis Colts,IND,DEF,,
2026-09-02,2026,,John Metchie,CAR,WR,13.0,Active
2026-09-02,2026,,John Michael Gyllenborg,KC,TE,84.0,Inactive
2026-09-02,2026, 00-0035270,Amani Oruwariye,BAL,CB,25.0,Active
2026-09-02,2026,,Deshawn McKnight,TB,DL,73.0,Inactive
2026-09-02,2026,,Eric O'Neill,DET,DE,66.0,Active
2026-09-02,2026,,Jonah Jackson,CHI,G,73.0,Active
2026-09-02,2026,,Erick All,CIN,TE,83.0,Active
2026-09-02,2026,,Nick Westbrook-Ikhine,IND,WR,12.0,Active
2026-09-02,2026, 00-0035667,Greg Gaines,BUF,DT,97.0,Active
2026-09-02,2026,,Isaac Alarcon,SF,OT,67.0,Active
2026-09-02,2026,,Sincere Brown,LAC,WR,38.0,Inactive
2026-09-02,2026,00-0032464,Kalif Raymond,CHI,WR,14.0,Active
2026-09-02,2026,00-0034854,KhaDarel Hodge,SF,WR,86.0,Active
2026-09-02,2026,,Lucky Jackson,DET,WR,11.0,Active
2026-09-02,2026,,Claudin Cherelus,CAR,LB,53.0,Active
2026-09-02,2026, 00-0034051,Christian Kuntz,PIT,LS,46.0,Active
2026-09-02,2026,,Denzel Burke,ARI,CB,29.0,Active
2026-09-02,2026,,Jalen Redmond,MIN,DE,61.0,Active
2026-09-02,2026,,Dominic Zvada,NYG,K,34.0,Active
2026-09-02,2026,,Kingsley Jonathan,NYJ,DT,57.0,Inactive
2026-09-02,2026,00-0033662,Cooper Rush,ATL,QB,13.0,Active
2026-09-02,2026,00-0029607,Demario Davis,NYJ,LB,56.0,Active
2026-09-02,2026,,Hendon Hooker,TEN,QB,16.0,Active
2026-09-02,2026,00-0033921,Chris Godwin,TB,WR,14.0,Active
2026-09-02,2026,,Noah Igbinoghene,CLE,CB,20.0,Active
2026-09-02,2026, 00-0035166,Azeez Al-Shaair,HOU,LB,0.0,Active
2026-09-02,2026,,Mike Onwenu,NE,OL,71.0,Active
2026-09-02,2026,00-0033381,Adam Butler,LV,DT,69.0,Active
2026-09-02,2026,,Jordon Riley,GB,DL,97.0,Active
2026-09-02,2026,,Jaden Dugger,SF,LB,53.0,Active
2026-09-02,2026,,Bam Martin-Scott,CAR,LB,54.0,Active
2026-09-02,2026,,Max Bredeson,MIN,TE,45.0,Active
2026-09-02,2026,,Lathan Ransom,CAR,DB,22.0,Active
2026-09-02,2026,,Elijah Hicks,CHI,DB,22.0,Active
2026-09-02,2026, 00-0035689,Dawson Knox,BUF,TE,88.0,Active
2026-09-02,2026,,Simi Fehoko,ARI,WR,80.0,Active
2026-09-02,2026,,Charles Cross,SEA,OL,67.0,Active
2026-09-02,2026,,Duplicate Player,DEN,ILB,54.0,Inactive
2026-09-02,2026,,Darnell Wright,CHI,OL,58.0,Active
2026-09-02,2026,,Juice Scruggs,DET,OL,70.0,Active
2026-09-02,2026,,Marquis Hayes,NYJ,OL,77.0,Active
2026-09-02,2026,,K.J. Osborn,TEN,WR,85.0,Active
2026-09-02,2026,,C.J. Moore,DET,DB,38.0,Active
2026-09-02,2026,,Milton Williams,NE,DT,97.0,Active
2026-09-02,2026,00-0031407,Blake Bortles,NO,QB,6.0,Active
2026-09-02,2026,,Tanor Bortolini,IND,OL,60.0,Active
2026-09-02,2026,00-0030076,J.C. Tretter,CLE,C,64.0,Active
2026-09-02,2026,,DJ Wonnum,DET,DE,98.0,Active
2026-09-02,2026,,Ennis Rakestraw,DET,DB,2.0,Active
2026-09-02,2026,,Alijah Huzzie,HOU,DB,28.0,Active
2026-09-02,2026,,Xavier Weaver,ARI,WR,89.0,Inactive
2026-09-02,2026, 00-0026300,Josh Johnson,CIN,QB,11.0,Active
2026-09-02,2026,,DeAngelo Malone,ATL,DL,50.0,Active
2026-09-02,2026,,Charles Demmings,MIN,CB,20.0,Active
2026-09-02,2026,,Jabbar Muhammad,JAX,CB,37.0,Active
2026-09-02,2026,,Athan Kaliakmanis,WAS,QB,16.0,Active
2026-09-02,2026,,Valentin Senn,ARI,OL,69.0,Active
2026-09-02,2026,,Jack Velling,ATL,TE,84.0,Active
2026-09-02,2026,,Cameron Dicker,LAC,K,11.0,Active
2026-09-02,2026,,Aaron Hall,CAR,DT,94.0,Active
2026-09-02,2026,,Will Mallory,IND,TE,86.0,Active
2026-09-02,2026,,Donovan Jennings,GB,OL,67.0,Active
2026-09-02,2026,,Ar'maj Reed-Adams,BUF,G,60.0,Active
2026-09-02,2026,,David Bailey,NYJ,LB,31.0,Active
2026-09-02,2026,,Logan Lee,PIT,DL,91.0,Inactive
2026-09-02,2026,,Thomas Gordon,DET,TE,82.0,Active
2026-09-02,2026,,Demontrey Jacobs,ARI,T,67.0,Active
2026-09-02,2026,,Kevin Winston,TEN,DB,23.0,Active
2026-09-02,2026,,Cam Horsley,ARI,DT,93.0,Active
2026-09-02,2026,,Isiah Pacheco,DET,RB,10.0,Inactive
2026-09-02,2026,00-0029604,Kirk Cousins,LV,QB,8.0,Active
2026-09-02,2026,,James Houston,DAL,LB,41.0,Active
2026-09-02,2026,,Jake Ferguson,DAL,TE,87.0,Active
2026-09-02,2026,,Jonah Laulu,LV,DL,96.0,Active
2026-09-02,2026,,C.J. West,SF,DT,99.0,Active
2026-09-02,2026,,Deantre Prince,CHI,CB,24.0,Active
2026-09-02,2026,,Luke Farrell,SF,TE,89.0,Active
2026-09-02,2026,00-0032265,Mario Edwards,HOU,DE,97.0,Active
2026-09-02,2026,,Malcolm Roach,DEN,DT,97.0,Active
2026-09-02,2026,,Gavin Gerhardt,MIN,OL,58.0,Active
2026-09-02,2026, 00-0034987,E.J. Speed,HOU,LB,45.0,Active
2026-09-02,2026,,Terrelle Smith,WAS,FB,44.0,Active
2026-09-02,2026,,Andrew Mukuba,PHI,DB,24.0,Active
2026-09-02,2026,,Benny LeMay,CLE,RB,16.0,Active
2026-09-02,2026,,Will McDonald,NYJ,DE,9.0,Active
2026-09-02,2026,,Jager Burton,GB,C,52.0,Active
2026-09-02,2026,,Ben Bartch,DET,OL,78.0,Active
2026-09-02,2026,,Joshua Farmer,NE,DL,92.0,Active
2026-09-02,2026,00-0031567,Daryl Williams,BUF,OL,75.0,Active
2026-09-02,2026,,Zyon McCollum,TB,DB,27.0,Active
2026-09-02,2026,00-0033117,Bronson Kaufusi,GB,TE,45.0,Active
2026-09-02,2026,,Sam Hecht,CAR,C,75.0,Active
2026-09-02,2026,,Devin Lloyd,CAR,LB,55.0,Active
2026-09-02,2026,,Daniel Whelan,GB,P,19.0,Active
2026-09-02,2026,00-0033910,Dan Feeney,TB,OL,65.0,Active
2026-09-02,2026,00-0034488,Tavierre Thomas,MIN,DB,37.0,Active
2026-09-02,2026,,Brady Russell,SEA,TE,38.0,Active
2026-09-02,2026,,Trey Benson,ARI,RB,33.0,Inactive
2026-09-02,2026,,Jimmy Holiday,KC,WR,82.0,Inactive
2026-09-02,2026,,Mike Danna,BUF,DE,51.0,Active
2026-09-02,2026,00-0032424,DJ Reader,NYG,DT,98.0,Active
2026-09-02,2026,,Wanya Morris,DAL,OL,79.0,Active
2026-09-02,2026,,Kole Wilson,CLE,WR,87.0,Active
2026-09-02,2026,,Kerby Joseph,DET,DB,31.0,Active
2026-09-02,2026,,Jake Bobo,SEA,WR,19.0,Inactive
2026-09-02,2026,,Isaiah Likely,NYG,TE,9.0,Active
2026-09-02,2026,00-0033873,Patrick Mahomes,KC,QB,15.0,Active
2026-09-02,2026,,Arizona Cardinals,ARI,DEF,,
2026-09-02,2026,00-0032775,Demarcus Robinson,SF,WR,5.0,Active
2026-09-02,2026,,Tristin McCollum,LV,DB,27.0,Active
2026-09-02,2026,,Augie Contressa,TB,DB,37.0,Active
2026-09-02,2026,,Isaiah Williams,NYJ,WR,18.0,Active
2026-09-02,2026,,Shedeur Sanders,CLE,QB,2.0,Active
2026-09-02,2026,,Seattle Seahawks,SEA,DEF,,
2026-09-02,2026,,Ja'Marr Chase,CIN,WR,1.0,Active
2026-09-02,2026,,Jackson Kuwatch,CAR,LB,46.0,Active
2026-09-02,2026,,Josh Wallace,LAR,DB,30.0,Active
2026-09-02,2026,,Khalil Jacobs,NE,LB,27.0,Inactive
2026-09-02,2026,,Grant Calcaterra,PHI,TE,81.0,Inactive
2026-09-02,2026,,Calvin Austin,NYG,WR,82.0,Inactive
2026-09-02,2026,,Austin Trammell,JAX,WR,81.0,Active
2026-09-02,2026,00-0032228,Joe Cardona,LAR,LS,49.0,Active
2026-09-02,2026,,George Gumbs,IND,DE,52.0,Active
2026-09-02,2026,,Dyami Brown,WAS,WR,6.0,Active
2026-09-02,2026,,Jaren Kanak,TEN,TE,81.0,Inactive
2026-09-02,2026,,Las Vegas Raiders,LV,DEF,,
2026-09-02,2026,,DJ Daniel,NE,CB,35.0,Active
2026-09-02,2026,,Ben Bredeson,TB,G,68.0,Active
2026-09-02,2026,,Evan McPherson,CIN,K,2.0,Active
2026-09-02,2026,,Chris McClellan,GB,DT,55.0,Active
2026-09-02,2026,,Andrew Vorhees,BAL,OL,72.0,Active
2026-09-02,2026,,R Mason Thomas,KC,DL,51.0,Active
2026-09-02,2026,,Trikweze Bridges,CIN,DB,25.0,Active
2026-09-02,2026,,Nate Landman,LAR,LB,53.0,Active
2026-09-02,2026,00-0033793,Corey Levin,ATL,G,62.0,Active
2026-09-02,2026,,Jack Bouwmeester,LAR,P,14.0,Active
2026-09-02,2026,,Branson Combs,JAX,LB,50.0,Active
2026-09-02,2026,,Jalen Tolbert,MIA,WR,1.0,Active
2026-09-02,2026,,Giovanni Manu,DET,OL,59.0,Active
2026-09-02,2026,,Yaya Diaby,TB,DL,0.0,Active
2026-09-02,2026,,Tyler Guyton,DAL,OL,60.0,Active
2026-09-02,2026,,Rex Sunahara,CLE,LS,50.0,Active
2026-09-02,2026,,Justin Herbert,LAC,QB,10.0,Active
2026-09-02,2026,,J.T. Jones,PIT,DE,40.0,Active
2026-09-02,2026,,Tee Higgins,CIN,WR,5.0,Active
2026-09-02,2026,,Sam LaPorta,DET,TE,87.0,Active
2026-09-02,2026,,Dani Dennis-Sutton,GB,DE,51.0,Active
2026-09-02,2026,,DJ Turner,CIN,DB,0.0,Active
2026-09-02,2026,,Darrell Jackson,NYJ,DT,95.0,Active
2026-09-02,2026,,Garrett Greene,TB,QB,85.0,Active
2026-09-02,2026,00-0028097,Lee Smith,ATL,TE,85.0,Active
2026-09-02,2026,,Nehemiah Pritchett,SEA,CB,28.0,Active
2026-09-02,2026,00-0033945,Samson Ebukam,ATL,DE,52.0,Active
2026-09-02,2026,,Jordan Morgan,GB,OL,77.0,Active
2026-09-02,2026,,Jamari Thrash,CLE,WR,80.0,Inactive
2026-09-02,2026,,Charles Woods,NE,CB,22.0,Active
2026-09-02,2026,,Patrick Jones,CAR,DE,91.0,Active
2026-09-02,2026,00-0032065,Bradley Pinion,MIA,P,48.0,Active
2026-09-02,2026,,Dane Belton,NYJ,DB,6.0,Active
2026-09-02,2026,00-0029679,Brandon Brooks,PHI,G,79.0,Inactive
2026-09-02,2026, 00-0035602,Alex Bachman,LAR,WR,5.0,Active
2026-09-02,2026,,C.J. Hanson,KC,OG,61.0,Inactive
2026-09-02,2026,,Jarrod Gray,NYG,OL,79.0,Active
2026-09-02,2026,,Jordan Howden,NO,DB,31.0,Active
2026-09-02,2026, 00-0035699,Jamel Dean,PIT,CB,35.0,Active
2026-09-02,2026,,Jalyx Hunt,PHI,DE,58.0,Active
2026-09-02,2026,,Zeek Biggers,MIA,DL,93.0,Active
2026-09-02,2026,,DeWayne Carter,BUF,DT,90.0,Active
2026-09-02,2026,,Jayden Loving,CHI,DT,91.0,Active
2026-09-02,2026,00-0033439,Pharaoh Brown,IND,TE,49.0,Active
2026-09-02,2026,,Chase Bisontis,ARI,G,57.0,Inactive
2026-09-02,2026,,Jacob Saylors,DET,RB,25.0,Active
2026-09-02,2026,,Zion Young,BAL,DE,9.0,Active
2026-09-02,2026,00-0033890,Budda Baker,ARI,DB,3.0,Active
2026-09-02,2026,,Tony Fields,CHI,LB,43.0,Active
2026-09-02,2026,00-0032753,Luke Rhodes,IND,LS,46.0,Active
2026-09-02,2026,,Britain Covey,PHI,WR,18.0,Active
2026-09-02,2026,,Josaiah Stewart,LAR,DE,10.0,Active
2026-09-02,2026,,Decamerion Richardson,NO,CB,25.0,Active
2026-09-02,2026,,Nick Muse,ATL,TE,87.0,Active
2026-09-02,2026,,Shavon Revel,DAL,DB,28.0,Active
2026-09-02,2026,,Cian Slone,LV,DE,48.0,Active
2026-09-02,2026,,Leo Chenal,WAS,LB,54.0,Active
2026-09-02,2026,,Harold Perkins,ATL,LB,56.0,Active
2026-09-02,2026,,Chamarri Conner,KC,DB,27.0,Active
2026-09-02,2026,,DeMario Douglas,NE,WR,3.0,Active
2026-09-02,2026,,Creed Humphrey,KC,OL,52.0,Active
2026-09-02,2026,,Jalen Nailor,LV,WR,9.0,Active
2026-09-02,2026,,Barryn Sorrell,GB,DE,99.0,Active
2026-09-02,2026,00-0028986,Case Keenum,CHI,QB,11.0,Active
2026-09-02,2026,,Bo Richter,MIN,DE,98.0,Active
2026-09-02,2026,00-0032378,DeForest Buckner,IND,DT,99.0,Active
2026-09-02,2026,,Dylan McMahon,LAR,OL,63.0,Active
2026-09-02,2026,,Tyler Baron,NYJ,DE,94.0,Active
2026-09-02,2026,,Luther Burden,CHI,WR,10.0,Active
2026-09-02,2026, 00-0035492,William Sweet,LV,OL,74.0,Active
2026-09-02,2026,,Blake Freeland,CIN,OL,73.0,Active
2026-09-02,2026,00-0027224,Jon Weeks,SF,LS,46.0,Active
2026-09-02,2026,,Dontayvion Wicks,PHI,WR,13.0,Active
2026-09-02,2026,,Broderick Washington,BAL,DT,96.0,Active
2026-09-02,2026,,New York Jets,NYJ,DEF,,
2026-09-02,2026,,Montorie Foster,SEA,WR,87.0,Active
2026-09-02,2026,,Brashard Smith,KC,RB,24.0,Active
2026-09-02,2026,00-0034796,Lamar Jackson,BAL,QB,8.0,Active
2026-09-02,2026,,Jake Moody,BAL,K,45.0,Active
2026-09-02,2026,,Josh Uche,MIA,LB,9.0,Active
2026-09-02,2026,,Devonte Ross,LAC,WR,24.0,Active
2026-09-02,2026,,Joey Aguilar,JAX,QB,17.0,Active
2026-09-02,2026,,Eli Stowers,PHI,TE,87.0,Active
2026-09-02,2026,,Jalen McMillan,TB,WR,11.0,Active
2026-09-02,2026,,Nick Cross,WAS,DB,25.0,Active
2026-09-02,2026,,RJ Maryland,GB,TE,48.0,Inactive
2026-09-02,2026,,Sam Kamara,CLE,LB,92.0,Active
2026-09-02,2026,00-0033955,Jeremy McNichols,WAS,RB,26.0,Inactive
2026-09-02,2026,00-0033935,Trey Hendrickson,BAL,DE,91.0,Active
2026-09-02,2026,,Dalevon Campbell,LAC,WR,81.0,Inactive
2026-09-02,2026, 00-0035280,Jake Bailey,ATL,P,16.0,Active
2026-09-02,2026,,Mason Murphy,NO,OT,74.0,Active
2026-09-02,2026,00-0033551,Rasul Douglas,WAS,CB,31.0,Active
2026-09-02,2026,,Will Putnam,LV,C,67.0,Active
2026-09-02,2026,00-0032263,Jeremiah Poutasi,LV,OL,79.0,Active
2026-09-02,2026,00-0032354,Adam Redmond,BAL,C,53.0,Active
2026-09-02,2026,,Sean Clifford,SF,QB,4.0,Active
2026-09-02,2026,,Kyle Murphy,NYG,OL,60.0,Active
2026-09-02,2026,,Nyjalik Kelly,GB,DE,47.0,Active
2026-09-02,2026,,Emmanuel Pregnon,JAX,G,75.0,Active
2026-09-02,2026,00-0033790,Jordan Evans,CIN,LB,50.0,Inactive
2026-09-02,2026,,Matt Araiza,KC,P,14.0,Active
2026-09-02,2026,,Josh Banderas,DEN,OLB,47.0,Active
2026-09-02,2026,00-0031381,Davante Adams,LAR,WR,17.0,Active
2026-09-02,2026,00-0023459,Aaron Rodgers,PIT,QB,8.0,Active
2026-09-02,2026,,Miles Scott,DEN,DB,39.0,Active
2026-09-02,2026, 00-0035719,Deebo Samuel,SF,WR,19.0,Active
2026-09-02,2026,,Jamien Sherwood,NYJ,LB,44.0,Active
2026-09-02,2026,,Jonathan Ford,GB,DL,64.0,Active
2026-09-02,2026,,Donald Rutledge,ARI,LB,43.0,Active
2026-09-02,2026,00-0032848,Kevin Peterson,ARI,CB,27.0,Active
2026-09-02,2026,,Bryson Nesbit,MIN,TE,83.0,Inactive
2026-09-02,2026,,Brenton Strange,JAX,TE,85.0,Active
2026-09-02,2026,,Tyler Shough,NO,QB,6.0,Active
2026-09-02,2026,,Derion Kendrick,DAL,DB,15.0,Active
2026-09-02,2026,00-0028118,Tyrod Taylor,GB,QB,6.0,Active
2026-09-02,2026, 00-0035358,Chase McLaughlin,TB,K,4.0,Active
2026-09-02,2026,00-0034855,Baker Mayfield,TB,QB,6.0,Active
2026-09-02,2026,00-0033059,T.J. Green,HOU,DB,14.0,Active
2026-09-02,2026,00-0033553,James Conner,ARI,RB,6.0,Inactive
2026-09-02,2026,00-0030538,Johnathan Cyprien,JAX,SS,32.0,Active
2026-09-02,2026,,Khalil Dinkins,SF,TE,82.0,Active
2026-09-02,2026,,O'Cyrus Torrence,BUF,OL,64.0,Active
2026-09-02,2026,,John Simpson,BAL,G,74.0,Active
2026-09-02,2026,00-0033297,D.J. Jones,DEN,DT,93.0,Active
2026-09-02,2026,,Jeremy Ruckert,NYJ,TE,89.0,Active
2026-09-02,2026,,Tyler Warren,IND,TE,84.0,Active
2026-09-02,2026,,Brandon Jones,DEN,DB,22.0,Active
2026-09-02,2026,,Andre Szmyt,CLE,K,25.0,Active
2026-09-02,2026,,Dohnte Meyers,CIN,WR,81.0,Active
2026-09-02,2026,,Laiatu Latu,IND,DL,97.0,Active
2026-09-02,2026,,Kyle Kennard,LAC,DE,54.0,Inactive
2026-09-02,2026,,Alex Palczewski,DEN,T,63.0,Active
2026-09-02,2026,,Zach Carter,ARI,DL,90.0,Inactive
2026-09-02,2026,,Tate Ratledge,DET,OL,69.0,Active
2026-09-02,2026,,JJ Pegues,LV,DT,92.0,Active
2026-09-02,2026,,TJ Parker,BUF,DE,99.0,Active
2026-09-02,2026,,Nick Gargiulo,DEN,OL,66.0,Active
2026-09-02,2026,,Marcus Jones,NE,DB,25.0,Active
2026-09-02,2026,,Max Melton,ARI,DB,16.0,Active
2026-09-02,2026,,David Ebuka Agoha,DEN,DL,58.0,Active
2026-09-02,2026,,Calvin Throckmorton,DEN,OL,76.0,Active
2026-09-02,2026,,Kenyon Sadiq,NYJ,TE,16.0,Active
2026-09-02,2026,,Karon Prunty,NE,DB,21.0,Active
2026-09-02,2026,,Sean Tucker,TB,RB,44.0,Active
2026-09-02,2026,,Michael Carter,TEN,RB,35.0,Active
2026-09-02,2026,,Christian Watson,GB,WR,9.0,Active
2026-09-02,2026,,Rodney Thomas,SEA,LB,24.0,Active
2026-09-02,2026,,Jermar Jefferson,MIN,RB,17.0,Inactive
2026-09-02,2026,,A.J. Terrell,ATL,CB,24.0,Active
2026-09-02,2026,,Alex Highsmith,PIT,LB,56.0,Active
2026-09-02,2026,,Nathan Carter,KC,RB,38.0,Active
2026-09-02,2026,00-0034243,Caleb Scott,TEN,WR,83.0,Active
2026-09-02,2026,,Tre' Harris,LAC,WR,9.0,Active
2026-09-02,2026,,Dillon Wade,GB,G,68.0,Active
2026-09-02,2026,,Sam Cosmi,WAS,OL,76.0,Active
2026-09-02,2026, 00-0034960,Jakobi Meyers,JAX,WR,3.0,Active
2026-09-02,2026,,Dontae Fleming,MIN,WR,19.0,Inactive
2026-09-02,2026, 00-0035020,Demetrius Flannigan-Fowles,BUF,LB,50.0,Inactive
2026-09-02,2026,,Wesley Williams,JAX,DE,90.0,Active
2026-09-02,2026,,DJ Herman,MIA,LB,34.0,Active
2026-09-02,2026,,Isaac Guerendo,SF,RB,31.0,Active
2026-09-02,2026, 00-0035272,Andrew Van Ginkel,MIN,LB,43.0,Active
2026-09-02,2026,,Kamari Ramsey,HOU,DB,27.0,Active
2026-09-02,2026,,Elijah Garcia,DAL,DT,96.0,Active
2026-09-02,2026,,Dwight McGlothern,MIN,DB,6.0,Inactive
2026-09-02,2026,,Dean Patterson,TB,WR,8.0,Active
2026-09-02,2026,,Jalen Huskey,JAX,DB,22.0,Active
2026-09-02,2026, 00-0035248,Zach Allen,DEN,DE,99.0,Active
2026-09-02,2026,,Broderick Jones,DAL,OL,77.0,Active
2026-09-02,2026,,Graham Barton,TB,OL,62.0,Active
2026-09-02,2026,,Carson Beck,ARI,QB,19.0,Active
2026-09-02,2026,,Jackson Slater,TEN,OL,64.0,Active
2026-09-02,2026,,Jared Wilson,NE,OL,55.0,Active
2026-09-02,2026, 00-0035617,Troy Reeder,NYJ,LB,51.0,Active
2026-09-02,2026,,Gary Smith,LV,DT,75.0,Active
2026-09-02,2026,,Michael Taaffe,MIA,DB,31.0,Active
2026-09-02,2026,,K.J. Britt,NE,LB,35.0,Active
2026-09-02,2026,,Gavin Bartholomew,MIN,TE,86.0,Active
2026-09-02,2026,,Benjamin Chukwuma,TB,OL,70.0,Active
2026-09-02,2026,,Alijah Vera-Tucker,NE,OL,75.0,Active
2026-09-02,2026,00-0033110,Tyler Higbee,LAR,TE,89.0,Active
2026-09-02,2026,,Anthony Goodlow,CAR,DE,72.0,Active
2026-09-02,2026,,Jordan Moore,CIN,WR,14.0,Active
2026-09-02,2026,,Genesis Smith,LAC,DB,22.0,Active
2026-09-02,2026,,Marcelino McCrary-Ball,NYJ,LB,41.0,Active
2026-09-02,2026,,John Michael Schmitz,NYG,OL,61.0,Active
2026-09-02,2026,,Scooby Williams,MIN,LB,40.0,Active
2026-09-02,2026,,Ricky Pearsall,SF,WR,1.0,Inactive
2026-09-02,2026,,Emeka Egbuka,TB,WR,2.0,Active
2026-09-02,2026,,Tommy Togiai,HOU,DT,72.0,Active
2026-09-02,2026,,Daniel Henry,BAL,FS,40.0,Active
2026-09-02,2026,,Lake McRee,PIT,TE,81.0,Active
2026-09-02,2026,,Ethan Driskell,KC,OL,75.0,Active
2026-09-02,2026,,Nico Collins,HOU,WR,12.0,Active
2026-09-02,2026,,Devin Cochran,DET,OL,77.0,Active
2026-09-02,2026,,Jonathon Cooper,DEN,DL,0.0,Active
2026-09-02,2026,,Anthony Smith,DAL,WR,83.0,Active
2026-09-02,2026,,Christian Izien,DET,DB,27.0,Active
2026-09-02,2026,,Jalen McMurray,TEN,CB,16.0,Active
2026-09-02,2026,00-0029685,Greg Van Roten,NE,OG,70.0,Active
2026-09-02,2026, 00-0035567,Craig Reynolds,WAS,RB,24.0,Active
2026-09-02,2026,,Josh Thompson,ATL,G,62.0,Active
2026-09-02,2026,,Jakorian Bennett,PHI,DB,23.0,Active
2026-09-02,2026,,Caden Fordham,TB,LB,46.0,Active
2026-09-02,2026,,Bryce Young,CAR,QB,9.0,Active
2026-09-02,2026,,Jonah Savaiinaea,MIA,OL,71.0,Active
2026-09-02,2026,,Terrance Ferguson,LAR,TE,18.0,Active
2026-09-02,2026,00-0032399,Miles Killebrew,TB,DB,29.0,Active
2026-09-02,2026,,Olu Fashanu,NYJ,OL,74.0,Active
2026-09-02,2026,,Dallas Cowboys,DAL,DEF,,
2026-09-02,2026,00-0034162,JK Scott,LAC,P,16.0,Active
2026-09-02,2026,,Thomas Incoom,CAR,LB,48.0,Active
2026-09-02,2026,,Colton McKivitz,SF,OL,68.0,Active
2026-09-02,2026,,Trey Moore,MIA,LB,17.0,Active
2026-09-02,2026, 00-0035249,Josh Oliver,MIN,TE,84.0,Active
2026-09-02,2026,,Carl Jones,BAL,DL,48.0,Active
2026-09-02,2026,,Kris Jenkins,CIN,DL,90.0,Active
2026-09-02,2026,,Jordan Mason,MIN,RB,27.0,Active
2026-09-02,2026,,Ryan Rehkow,CIN,P,8.0,Active
2026-09-02,2026,,Jayson Jones,TB,DL,93.0,Active
2026-09-02,2026,,Gregory Desrosiers,LAC,RB,31.0,Active
2026-09-02,2026,,Christian Darrisaw,MIN,T,71.0,Active
2026-09-02,2026,,Luke McCaffrey,WAS,WR,11.0,Active
2026-09-02,2026,,Dan Moore,TEN,OT,75.0,Active
2026-09-02,2026, 00-0035357,Cam Lewis,CHI,CB,21.0,Active
2026-09-02,2026,,Jordan Hancock,BUF,DB,37.0,Active
2026-09-02,2026,,Kyler Baugh,PIT,DL,65.0,Active
2026-09-02,2026,00-0033787,Jake Elliott,PHI,K,4.0,Active
2026-09-02,2026,,Caleb Douglas,MIA,WR,7.0,Active
2026-09-02,2026,,Rico Dowdle,PIT,RB,13.0,Active
2026-09-02,2026,,Deonte Banks,NYG,DB,2.0,Active
2026-09-02,2026,,Mason Tipton,NO,WR,15.0,Active
2026-09-02,2026,,Malik Verdon,ATL,DB,43.0,Inactive
2026-09-02,2026,,Roman Wilson,PIT,WR,14.0,Active
2026-09-02,2026,,Blake Brandel,MIN,T,64.0,Active
2026-09-02,2026,,Tyler Huntley,BAL,QB,5.0,Active
2026-09-02,2026,,Caleb Lohner,DEN,TE,84.0,Active
2026-09-02,2026,,Joe Huber,MIN,OG,60.0,Active
2026-09-02,2026,,George Pickens,DAL,WR,3.0,Active
2026-09-02,2026,,Mory Bamba,NYJ,CB,38.0,Active
2026-09-02,2026,,Landon Dickerson,PHI,OL,69.0,Active
2026-09-02,2026,,JC Latham,TEN,OL,55.0,Active
2026-09-02,2026,,Treylon Burks,WAS,WR,13.0,Active
2026-09-02,2026,,Joey Blount,ARI,DB,32.0,Inactive
2026-09-02,2026,,Daniel Thomas,CLE,DB,24.0,Active
2026-09-02,2026,,Tommy Tremble,CAR,TE,82.0,Active
2026-09-02,2026,,Jahmeer Carter,LAC,DL,61.0,Active
2026-09-02,2026,,Tucker Kraft,GB,TE,85.0,Active
2026-09-02,2026,,Jake Haener,NYG,QB,14.0,Active
2026-09-02,2026,,Theo Johnson,NYG,TE,84.0,Active
2026-09-02,2026,,Osa Odighizuwa,SF,DT,92.0,Active
2026-09-02,2026,,Braelon Allen,NYJ,RB,0.0,Active
2026-09-02,2026,,Billy Bowman,ATL,DB,33.0,Active
2026-09-02,2026,,Baron Browning,ARI,LB,5.0,Active
2026-09-02,2026,,Donovan Jackson,MIN,OL,74.0,Active
2026-09-02,2026,,Dorian Williams,BUF,LB,42.0,Active
2026-09-02,2026,,Jordan Hudson,DAL,WR,18.0,Active
2026-09-02,2026,,Elijah Moore,PHI,WR,19.0,Active
2026-09-02,2026,,Dwayne Johnson,NYG,DB,28.0,Inactive
2026-09-02,2026,,Zaire Mitchell-Paden,HOU,TE,84.0,Active
2026-09-02,2026,,Garrett Wilson,NYJ,WR,5.0,Active
2026-09-02,2026,,Jack Pyburn,KC,DE,58.0,Active
2026-09-02,2026,,Keaton Mitchell,LAC,RB,34.0,Active
2026-09-02,2026,,AJ Finley,SEA,DB,30.0,Active
2026-09-02,2026,,A.J. Epenesa,PHI,DE,57.0,Active
2026-09-02,2026,,Chris Bell,MIA,WR,18.0,Active
2026-09-02,2026,,Uar Bernard,PHI,DT,93.0,Active
2026-09-02,2026,,Chris Blair,ATL,WR,19.0,Active
2026-09-02,2026,,Tahj Brooks,CIN,RB,25.0,Active
2026-09-02,2026, 00-0035687,Bobby Okereke,CAR,LB,58.0,Active
2026-09-02,2026,00-0033546,Dalvin Tomlinson,LAC,DT,94.0,Active
2026-09-02,2026,00-0032387,Jarran Reed,SEA,DT,90.0,Active
2026-09-02,2026,,Curtis Robinson,DAL,LB,42.0,Active
2026-09-02,2026,,Jay Ward,MIN,DB,24.0,Active
2026-09-02,2026,,Amik Robertson,WAS,CB,2.0,Active
2026-09-02,2026,,Blake Fisher,HOU,OL,57.0,Active
2026-09-02,2026,,Nate Boerkircher,JAX,TE,87.0,Active
2026-09-02,2026,,Kristian Welch,GB,LB,54.0,Active
2026-09-02,2026,,Rylie Mills,SEA,DL,98.0,Active
2026-09-02,2026,,Donte Kent,PIT,CB,34.0,Active
2026-09-02,2026,,Tyler Badie,DEN,RB,28.0,Active
2026-09-02,2026,00-0029848,Nick Williams,DEN,WR,0.0,Active
2026-09-02,2026,,Terence Steele,DAL,T,78.0,Active
2026-09-02,2026,,D'Angelo Ponds,NYJ,DB,23.0,Active
2026-09-02,2026,,Washington Commanders,WAS,DEF,,
2026-09-02,2026,,Brett Thorson,MIN,P,47.0,Active
2026-09-02,2026,00-0034752,Orlando Brown,CIN,T,75.0,Active
2026-09-02,2026,,Michael Niese,DET,G,62.0,Inactive
2026-09-02,2026,,Blake Corum,LAR,RB,24.0,Active
2026-09-02,2026,,Robert Longerbeam,PHI,DB,37.0,Active
2026-09-02,2026,,Daniel Bellinger,TEN,TE,82.0,Active
2026-09-02,2026, 00-0035406,Lil'Jordan Humphrey,DEN,WR,5.0,Active
2026-09-02,2026,,Cody Simon,ARI,LB,0.0,Active
2026-09-02,2026,,Cameron McGrone,LV,LB,57.0,Active
2026-09-02,2026,,Kaleb Johnson,GB,RB,26.0,Active
2026-09-02,2026,,James Pearce,ATL,DL,27.0,Active
2026-09-02,2026,,Treyton Welch,NO,TE,82.0,Active
2026-09-02,2026,,Ryan Neuzil,ATL,OL,64.0,Active
2026-09-02,2026,00-0027875,Bryan Bulaga,LAC,T,75.0,Inactive
2026-09-02,2026,,Duplicate Player,PHI,CB,46.0,Inactive
2026-09-02,2026,,Aaron Brewer,MIA,OL,55.0,Active
2026-09-02,2026,,Woody Marks,HOU,RB,4.0,Active
2026-09-02,2026,,Thomas Booker,LV,DL,99.0,Active
2026-09-02,2026,,Henry Byrd,MIN,G,68.0,Active
2026-09-02,2026,,Cody Schrader,DEN,RB,5.0,Active
2026-09-02,2026, 00-0035074,Thomas Ives,CHI,WR,0.0,Inactive
2026-09-02,2026,,Tyree Wilson,NO,LB,98.0,Active
2026-09-02,2026,,Skylar Thompson,BAL,QB,11.0,Inactive
2026-09-02,2026,,British Brooks,HOU,RB,44.0,Active
2026-09-02,2026,00-0031583,Grady Jarrett,CHI,DT,50.0,Active
2026-09-02,2026, 00-0035240,Jahlani Tavai,JAX,LB,32.0,Active
2026-09-02,2026,00-0032380,Laremy Tunsil,WAS,OL,78.0,Inactive
2026-09-02,2026,,Tim Jones,JAX,WR,13.0,Active
2026-09-02,2026,,Isaiah Neyor,GB,WR,80.0,Active
2026-09-02,2026,,Jake Kubas,NE,OG,63.0,Active
2026-09-02,2026,,Haynes King,CAR,QB,16.0,Active
2026-09-02,2026,,Alohi Gilman,KC,DB,17.0,Active
2026-09-02,2026, 00-0035282,Easton Stick,TB,QB,4.0,Active
2026-09-02,2026,00-0034780,Isaac Yiadom,WAS,CB,27.0,Active
2026-09-02,2026,,Los Angeles Chargers,LAC,DEF,,
2026-09-02,2026,,Mike Brown,NE,DB,33.0,Active
2026-09-02,2026,,Amarius Mims,CIN,OL,71.0,Active
2026-09-02,2026,00-0031408,Mike Evans,SF,WR,5.0,Active
2026-09-02,2026, 00-0035573,Kareem Orr,LAR,DB,35.0,Active
2026-09-02,2026,,Mike Morris,SEA,DE,94.0,Active
2026-09-02,2026,,Tutu Atwell,LAR,WR,8.0,Active
2026-09-02,2026,,Alan Herron,NO,OT,70.0,Active
2026-09-02,2026,,Jon Gaines,ARI,OL,71.0,Active
2026-09-02,2026,,Jalen McLeod,JAX,DE,35.0,Active
2026-09-02,2026,,James Williams,TEN,DB,52.0,Active
2026-09-02,2026,,Tommy Stevens,NYG,TE,0.0,Active
2026-09-02,2026,00-0033886,T.J. Watt,PIT,LB,90.0,Active
2026-09-02,2026,,Kapena Gushiken,IND,DB,34.0,Active
2026-09-02,2026,,Austin Blaske,LAR,OL,64.0,Active
2026-09-02,2026,,Tyler Allgeier,ARI,RB,22.0,Active
2026-09-02,2026,,Jimmy Horn,CAR,WR,15.0,Active
2026-09-02,2026,,Michael Trigg,DAL,TE,46.0,Active
2026-09-02,2026,,Julius Chestnut,TEN,RB,36.0,Active
2026-09-02,2026, 00-0034611,Donnie Ernsberger,TEN,TE,83.0,Inactive
2026-09-02,2026,,Reid Holskey,IND,OL,65.0,Active
2026-09-02,2026,,Nikola Kalinic,CHI,TE,86.0,Inactive
2026-09-02,2026,,RJ Harvey,DEN,RB,12.0,Active
2026-09-02,2026,,Caleb Rogers,LV,OL,76.0,Active
2026-09-02,2026,,Devin Moore,DAL,CB,29.0,Active
2026-09-02,2026,,Starling Thomas,ARI,CB,24.0,Active
2026-09-02,2026,,Bailey Zappe,NYJ,QB,11.0,Active
2026-09-02,2026,,Walter Nolen,ARI,DL,97.0,Active
2026-09-02,2026,,Velus Jones,SEA,WR,33.0,Active
2026-09-02,2026,,Darrell Baker,MIA,CB,22.0,Active
2026-09-02,2026,,Parker Hughes,JAX,LB,53.0,Inactive
2026-09-02,2026,,T.J. Sanders,BUF,DL,98.0,Active
2026-09-02,2026,,Hunter Long,ARI,TE,84.0,Active
2026-09-02,2026,,Lorenz Metz,NE,OL,72.0,Active
2026-09-02,2026,,Savion Williams,GB,WR,83.0,Inactive
2026-09-02,2026,,Kalif Jackson,MIA,TE,60.0,Active
2026-09-02,2026,,Trey Smith,KC,OL,65.0,Active
2026-09-02,2026,,Eli Heidenreich,PIT,RB,29.0,Active
2026-09-02,2026,,Greedy Vance,LV,CB,22.0,Active
2026-09-02,2026,,Joshua Williams,TEN,CB,25.0,Active
2026-09-02,2026,,Bryce Oliver,CLE,WR,88.0,Active
2026-09-02,2026, 00-0035239,Sean Murphy-Bunting,TB,CB,26.0,Active
2026-09-02,2026,,Darius Muasau,NE,LB,54.0,Active
2026-09-02,2026,,Teven Jenkins,CLE,OL,78.0,Active
2026-09-02,2026,,Mohamed Kamara,TB,DL,59.0,Inactive
2026-09-02,2026,,Travis Clayton,BUF,OT,67.0,Active
2026-09-02,2026,,Derick Hall,SEA,DE,58.0,Active
2026-09-02,2026,,Seth McGowan,IND,RB,20.0,Active
2026-09-02,2026,,Ethan Bonner,MIA,CB,27.0,Active
2026-09-02,2026,00-0034114,Coleman Shelton,LAR,OL,65.0,Active
2026-09-02,2026,,Danny Stutsman,NO,LB,28.0,Active
2026-09-02,2026,,Kam Curl,LAR,DB,3.0,Active
2026-09-02,2026,,Deven Thompkins,LV,WR,83.0,Active
2026-09-02,2026,,Tory Taylor,CHI,P,19.0,Active
2026-09-02,2026,,Irv Charles,SEA,WR,85.0,Active
2026-09-02,2026,,Adedayo Odeleye,DAL,DE,96.0,Active
2026-09-02,2026,00-0030561,Lane Johnson,PHI,T,65.0,Active
2026-09-02,2026,,Jalen Travis,IND,OT,75.0,Active
2026-09-02,2026,00-0030228,A.J. Bouye,CAR,CB,24.0,Active
2026-09-02,2026,00-0034431,Zaire Franklin,GB,LB,44.0,Active
2026-09-02,2026,,Kelvin Banks,NO,OL,71.0,Active
2026-09-02,2026,00-0033375,Tim Patrick,NYJ,WR,17.0,Active
2026-09-02,2026,,Donovan Ezeiruaku,DAL,DL,6.0,Active
2026-09-02,2026,,Avieon Terrell,ATL,DB,12.0,Active
2026-09-02,2026,,Derrick Barnes,DET,LB,55.0,Active
2026-09-02,2026,,Luke Newman,CHI,OG,65.0,Active
2026-09-02,2026,,Garrett Dellinger,TEN,OG,71.0,Active
2026-09-02,2026,,Cole Payton,PHI,QB,18.0,Active
2026-09-02,2026,,Jason Marshall,MIA,CB,33.0,Active
2026-09-02,2026,,Evan Hull,ARI,RB,43.0,Active
2026-09-02,2026,,Michael Jurgens,MIN,OL,65.0,Active
2026-09-02,2026,,Ben Sinnott,WAS,TE,82.0,Active
2026-09-02,2026,,Logan Hall,HOU,DL,96.0,Active
2026-09-02,2026,00-0030181,Jack Doyle,IND,TE,84.0,Active
2026-09-02,2026,00-0032764,Derrick Henry,BAL,RB,22.0,Active
2026-09-02,2026,,Nick Schuessler,PIT,QB,0.0,Active
2026-09-02,2026,00-0034160,Michael Dickson,SEA,P,4.0,Active
2026-09-02,2026,,Jaden Hicks,KC,DB,21.0,Active
2026-09-02,2026,,Martin Emerson,NO,DB,22.0,Active
2026-09-02,2026,,Devin Lafayette,LV,DB,,Active
2026-09-02,2026,,Cam Ward,TEN,QB,1.0,Active
2026-09-02,2026,,Nahshon Wright,NYJ,CB,26.0,Active
2026-09-02,2026,,Darnay Holmes,ATL,CB,30.0,Active
2026-09-02,2026,,Jerome Ford,WAS,RB,34.0,Inactive
2026-09-02,2026,,Tai Felton,MIN,WR,13.0,Active
2026-09-02,2026,,Robert Windsor,IND,DT,93.0,Active
2026-09-02,2026,,Malaki Starks,BAL,DB,24.0,Active
2026-09-02,2026,,Domani Jackson,GB,CB,20.0,Active
2026-09-02,2026,,Tyler Smith,DAL,OL,73.0,Active
2026-09-02,2026,,Jordan Battle,CIN,DB,27.0,Active
2026-09-02,2026,,Darian Kinnard,NYG,T,70.0,Active
2026-09-02,2026,,Robbie Ouzts,SEA,RB,40.0,Inactive
2026-09-02,2026,,Devin Duvernay,ARI,WR,81.0,Active
2026-09-02,2026,,Grant Finley,NYG,FB,47.0,Active
2026-09-02,2026,,Spencer Fano,CLE,OT,55.0,Active
2026-09-02,2026,,Puka Nacua,LAR,WR,12.0,Active
2026-09-02,2026,,Dan Villari,LAR,TE,38.0,Active
2026-09-02,2026,,Emmanuel McNeil-Warren,CLE,DB,28.0,Active
2026-09-02,2026,,Drew Stevens,WAS,K,19.0,Active
2026-09-02,2026,,Andrei Iosivas,CIN,WR,80.0,Active
2026-09-02,2026,,Jake Hansen,HOU,LB,35.0,Active
2026-09-02,2026,,Tre Watson,MIA,TE,49.0,Active
2026-09-02,2026,,Aaron Banks,GB,OL,65.0,Active
2026-09-02,2026, 00-0034973,Maxx Crosby,LV,DE,98.0,Active
2026-09-02,2026,,D'Marco Jackson,CHI,LB,48.0,Active
2026-09-02,2026,,Seth McLaughlin,DET,OL,65.0,Active
2026-09-02,2026,,Jowon Briggs,NYJ,DE,91.0,Active
2026-09-02,2026,,Jack Kiser,JAX,LB,54.0,Active
2026-09-02,2026,,Sabastian Harsh,HOU,DE,54.0,Active
2026-09-02,2026,,Pete Nygra,KC,OL,50.0,Active
2026-09-02,2026,,John Williams,GB,OL,73.0,Active
2026-09-02,2026,,Keleki Latu,BUF,TE,83.0,Active
2026-09-02,2026,,Malachi Corley,CLE,WR,83.0,Active
2026-09-02,2026,,Markel Bell,PHI,OT,72.0,Active
2026-09-02,2026,,Cory Durden,NE,DT,94.0,Active
2026-09-02,2026,,Jordan Clark,NYJ,DB,33.0,Active
2026-09-02,2026,,Tampa Bay Buccaneers,TB,DEF,,
2026-09-02,2026,,Cole Bishop,BUF,DB,24.0,Active
2026-09-02,2026,00-0034837,Calvin Ridley,TEN,WR,0.0,Active
2026-09-02,2026,,Brandin Echols,PIT,CB,26.0,Active
2026-09-02,2026,00-0033904,Dion Dawkins,BUF,OT,73.0,Active
2026-09-02,2026,,Chris Johnson,MIA,DB,3.0,Active
2026-09-02,2026,,Maason Smith,ATL,DT,92.0,Active
2026-09-02,2026,,Tyler Onyedim,DEN,DT,98.0,Active
2026-09-02,2026,,James Pierre,MIN,CB,23.0,Active
2026-09-02,2026,,Marcus Bryant,NE,OL,52.0,Active
2026-09-02,2026,,Terry Webb,LAC,DL,64.0,Active
2026-09-02,2026,,Brent Austin,DEN,DB,25.0,Active
2026-09-02,2026,,De'Zhaun Stribling,SF,WR,15.0,Active
2026-09-02,2026, 00-0035402,Carl Granderson,NO,DE,96.0,Active
2026-09-02,2026,,Evan Perroni,TB,,0.0,Active
2026-09-02,2026,,Brayden Willis,SF,TE,9.0,Active
2026-09-02,2026,,Darrick Forrest,SF,DB,29.0,Inactive
2026-09-02,2026,,Cam Camper,NYJ,WR,88.0,Active
2026-09-02,2026,,Kenny Pickett,CAR,QB,12.0,Active
2026-09-02,2026, 00-0035665,David Long,NO,CB,45.0,Inactive
2026-09-02,2026,,Chop Robinson,MIA,DE,44.0,Active
2026-09-02,2026,,Darnell Washington,PIT,TE,80.0,Active
2026-09-02,2026,00-0033952,Grover Stewart,IND,DT,90.0,Active
2026-09-02,2026,,Will Shipley,PHI,RB,28.0,Active
2026-09-02,2026,,Chimere Dike,TEN,WR,17.0,Active
2026-09-02,2026,,Bill Murray,LAR,DT,66.0,Active
2026-09-02,2026,,Renardo Green,SF,DB,0.0,Active
2026-09-02,2026,00-0029692,Bryan Anger,DAL,P,5.0,Active
2026-09-02,2026,00-0034810,Sebastian Joseph-Day,PIT,DT,69.0,Active
2026-09-02,2026,,Cleveland Browns,CLE,DEF,,
2026-09-02,2026,,Marlin Klein,HOU,TE,83.0,Active
2026-09-02,2026,,Brandon Cisse,GB,DB,2.0,Active
2026-09-02,2026,00-0029570,Nate Ebner,NYG,DB,43.0,Inactive
2026-09-02,2026, 00-0035676,A.J. Brown,NE,WR,1.0,Active
2026-09-02,2026,00-0033280,Christian McCaffrey,SF,RB,23.0,Active
2026-09-02,2026,,Avery Smith,SEA,CB,36.0,Active
2026-09-02,2026,,T'Vondre Sweat,NYJ,DL,99.0,Active
2026-09-02,2026,,Owen Pappoe,TEN,LB,40.0,Active
2026-09-02,2026, 00-0035645,Gunner Olszewski,NYG,WR,80.0,Inactive
2026-09-02,2026,,Terrion Arnold,SEA,DB,6.0,Active
2026-09-02,2026,00-0033831,Andrew Wylie,WAS,G,71.0,Active
2026-09-02,2026,00-0033295,Elijah McGuire,KC,RB,24.0,Active
2026-09-02,2026,00-0033868,Myles Garrett,LAR,DE,95.0,Active
2026-09-02,2026,,Paris Johnson,ARI,OL,70.0,Active
2026-09-02,2026,,Willie Gay,MIA,LB,40.0,Active
2026-09-02,2026,,Uso Seumalo,SEA,DT,92.0,Active
2026-09-02,2026,,Quay Walker,LV,LB,7.0,Active
2026-09-02,2026,,Markquese Bell,DAL,DB,14.0,Active
2026-09-02,2026,,Jordan Phillips,MIA,DL,94.0,Active
2026-09-02,2026,00-0033523,Jonathan Allen,CIN,DT,93.0,Active
2026-09-02,2026,00-0030455,Star Lotulelei,BUF,DT,98.0,Active
2026-09-02,2026,,Gennings Dunker,PIT,OT,73.0,Active
2026-09-02,2026,,Justin Fields,KC,QB,6.0,Active
2026-09-02,2026,00-0034402,Duke Ejiofor,ATL,LB,0.0,Active
2026-09-02,2026,,Dee Alford,BUF,DB,23.0,Active
2026-09-02,2026, 00-0035637,Rock Ya-Sin,DET,CB,23.0,Active
2026-09-02,2026,00-0034429,Jordan Mailata,PHI,T,68.0,Active
2026-09-02,2026,,Federico Maranges,SEA,OL,62.0,Active
2026-09-02,2026,,Tyler Miller,DEN,OL,71.0,Active
2026-09-02,2026,,Wade Woodaz,HOU,LB,30.0,Active
2026-09-02,2026,00-0034844,Saquon Barkley,PHI,RB,26.0,Active
2026-09-02,2026,,Tyson Campbell,CLE,CB,7.0,Active
2026-09-02,2026,00-0025424,Eric Weddle,LAR,FS,20.0,Inactive
2026-09-02,2026,,Nick Leverett,DAL,G,51.0,Active
2026-09-02,2026,,Julian Good-Jones,WAS,G,61.0,Active
2026-09-02,2026,,Tyleik Williams,DET,DL,91.0,Active
2026-09-02,2026,,Byron Young,LAR,LB,0.0,Active
2026-09-02,2026, 00-0035262,Drue Tranquill,KC,LB,23.0,Active
2026-09-02,2026,,Troy Fautanu,PIT,OL,76.0,Active
2026-09-02,2026,,Aeneas Peebles,BAL,DT,90.0,Active
2026-09-02,2026,00-0034794,Jason Sanders,NYJ,K,19.0,Active
2026-09-02,2026, 00-0035261,Tony Pollard,TEN,RB,20.0,Active
2026-09-02,2026,,Bilhal Kone,BAL,CB,31.0,Inactive
2026-09-02,2026,,Michael Bandy,DEN,WR,83.0,Active
2026-09-02,2026,,Alijah Clark,DAL,DB,38.0,Active
2026-09-02,2026,,Stephen Gosnell,BUF,WR,89.0,Active
2026-09-02,2026,00-0027969,Cameron Heyward,PIT,DT,97.0,Active
2026-09-02,2026,,George Holani,SEA,RB,36.0,Active
2026-09-02,2026,,Julian Okwara,CLE,LB,99.0,Active
2026-09-02,2026,,Dalen Cambre,NYG,WR,83.0,Active
2026-09-02,2026,,Robert Beal,MIA,LB,51.0,Active
2026-09-02,2026,,Bill Norton,LAR,DL,93.0,Active
2026-09-02,2026,,Chris Brazzell,CAR,WR,19.0,Inactive
2026-09-02,2026, 00-0031898,Alex Singleton,DEN,LB,49.0,Active
2026-09-02,2026,,Jaylin Lane,WAS,WR,83.0,Active
2026-09-02,2026,00-0033093,Jonathan Bullard,DAL,DE,98.0,Active
2026-09-02,2026,,Lee Hunter,CAR,DL,92.0,Active
2026-09-02,2026,,Josh Conerly,WAS,OL,72.0,Active
2026-09-02,2026,,Brock Hoffman,PIT,C,67.0,Active
2026-09-02,2026,00-0033073,Emmanuel Ogbah,KC,DE,50.0,Active
2026-09-02,2026,,Christen Miller,NO,DL,52.0,Active
2026-09-02,2026,,Carver Willis,SF,OL,74.0,Active
2026-09-02,2026,,Tre Tucker,LV,WR,1.0,Active
2026-09-02,2026,,Ja'Mori Maclin,BUF,WR,84.0,Active
2026-09-02,2026,,Bralyn Lux,CIN,DB,21.0,Active
2026-09-02,2026,00-0034836,Braden Smith,HOU,OL,71.0,Inactive
2026-09-02,2026,,Trey McBride,ARI,TE,85.0,Active
2026-09-02,2026,,Jadarian Price,SEA,RB,8.0,Active
2026-09-02,2026,,Quintin Morris,JAX,TE,80.0,Active
2026-09-02,2026,,Romello Height,SF,LB,58.0,Active
2026-09-02,2026,,Divine Deablo,ATL,LB,0.0,Active
2026-09-02,2026,,Jalen Farmer,IND,G,62.0,Active
2026-09-02,2026,,Tyrone Wheatley,ATL,OL,74.0,Active
2026-09-02,2026,,Davon Booth,IND,RB,29.0,Active
2026-09-02,2026,,Alec Pierce,IND,WR,14.0,Active
2026-09-02,2026,,Julian Neal,SEA,DB,1.0,Active
2026-09-02,2026,00-0034817,Geron Christian,JAX,OL,75.0,Active
2026-09-02,2026,,Atonio Mafi,LV,OL,56.0,Active
2026-09-02,2026,,Isaiah Stalbird,NO,LB,44.0,Active
2026-09-02,2026,,Tyler Davis,LAR,DT,90.0,Active
2026-09-02,2026,00-0027940,Von Miller,DAL,LB,40.0,Active
2026-09-02,2026,,Ethan Downs,KC,DE,40.0,Inactive
2026-09-02,2026,,Francis Mauigoa,NYG,OT,65.0,Active
2026-09-02,2026,,Will Campbell,NE,OT,66.0,Active
2026-09-02,2026,,Jakobe Thomas,MIN,DB,8.0,Active
2026-09-02,2026,,Alex Wright,CLE,DL,91.0,Inactive
2026-09-02,2026,,Beanie Bishop,CHI,CB,22.0,Active
2026-09-02,2026,,Sean McKeon,IND,TE,49.0,Inactive
2026-09-02,2026,00-0034397,Tim Settle,WAS,DT,97.0,Active
2026-09-02,2026,,Kedon Slovis,GB,QB,17.0,Active
2026-09-02,2026,00-0033090,Hunter Henry,NE,TE,85.0,Active
2026-09-02,2026,00-0034398,Natrell Jamerson,LV,DB,0.0,Active
2026-09-02,2026,00-0033869,Mitchell Trubisky,TEN,QB,10.0,Active
2026-09-02,2026,00-0034373,Dorance Armstrong,WAS,DE,92.0,Active
2026-09-02,2026,,Roman Hemby,LV,RB,,Active
2026-09-02,2026,,Terell Smith,WAS,DB,32.0,Active
2026-09-02,2026,,Anton Harrison,JAX,OL,77.0,Active
2026-09-02,2026,,Trebor Pena,JAX,WR,86.0,Active
2026-09-02,2026,,Trevor Lawrence,JAX,QB,16.0,Active
2026-09-02,2026,,Jaxson Dart,NYG,QB,6.0,Active
2026-09-02,2026,00-0034847,Mike McGlinchey,DEN,T,69.0,Active
2026-09-02,2026,,Chris Hilton,GB,WR,37.0,Active
2026-09-02,2026,,Austin Brinkman,HOU,LS,40.0,Active
2026-09-02,2026,00-0033294,Chuck Clark,DET,DB,36.0,Active
2026-09-02,2026,,Caleb Downs,DAL,DB,13.0,Active
2026-09-02,2026,,Payton Turner,DET,DE,92.0,Inactive
2026-09-02,2026,,Chase Curtis,NYJ,TE,87.0,Inactive
2026-09-02,2026,,Jordan Stout,NYG,P,15.0,Active
2026-09-02,2026,,Trevor Nowaske,DET,LB,53.0,Active
2026-09-02,2026,,Moro Ojomo,PHI,DE,97.0,Active
2026-09-02,2026,,Fernando Carmona,TEN,G,66.0,Active
2026-09-02,2026,,Brenton Cox,GB,LB,57.0,Active
2026-09-02,2026,00-0033881,Evan Engram,DEN,TE,1.0,Active
2026-09-02,2026,,Harrison Wallace,ARI,WR,30.0,Active
2026-09-02,2026,,Jacory Croskey-Merritt,WAS,RB,22.0,Active
2026-09-02,2026,00-0031484,Chris Manhertz,NYG,TE,85.0,Active
2026-09-02,2026,,Hunter Wohler,IND,DB,30.0,Active
2026-09-02,2026,,Cole Wisniewski,PHI,DB,21.0,Active
2026-09-02,2026,00-0031040,Khalil Mack,LAC,LB,52.0,Active
2026-09-02,2026,,Will Lee,CAR,CB,24.0,Active
2026-09-02,2026,,Marlowe Wax,LAC,LB,58.0,Active
2026-09-02,2026,,Garmon Randolph,CIN,LB,97.0,Active
2026-09-02,2026,,L'Jarius Sneed,KC,CB,38.0,Active
2026-09-02,2026,,Josh Williams,TB,RB,18.0,Active
2026-09-02,2026,00-0032259,Ereck Flowers,WAS,T,79.0,Active
2026-09-02,2026,,Teagan Quitoriano,ARI,TE,47.0,Active
2026-09-02,2026,,Dallis Flowers,CHI,CB,37.0,Inactive
2026-09-02,2026, 00-0035133,Keisean Nixon,GB,CB,25.0,Active
2026-09-02,2026,,Josh Jobe,SEA,DB,29.0,Active
2026-09-02,2026,,Joshua Josephs,WAS,DL,48.0,Active
2026-09-02,2026,,Bryan Mills,MIN,CB,21.0,Active
2026-09-02,2026, 00-0035234,Tytus Howard,CLE,OL,71.0,Active
2026-09-02,2026,00-0034399,Wyatt Teller,HOU,G,75.0,Active
2026-09-02,2026,,Travis Jones,BAL,DL,98.0,Active
2026-09-02,2026,,J.J. McCarthy,MIN,QB,9.0,Active
2026-09-02,2026,,Tyler Nubin,NYG,DB,27.0,Active
2026-09-02,2026,,Yasir Abdullah,ATL,LB,22.0,Active
2026-09-02,2026,,Timmy Horne,TEN,DT,94.0,Active
2026-09-02,2026,,Anez Cooper,NYJ,G,72.0,Active
2026-09-02,2026,,Mike Reid,NO,CB,42.0,Active
2026-09-02,2026,,Sincere McCormick,SF,RB,35.0,Active
2026-09-02,2026,,Dawand Jones,CLE,OL,79.0,Active
2026-09-02,2026,,Javon Bullard,GB,DB,7.0,Active
2026-09-02,2026,,Rashid Shaheed,SEA,WR,22.0,Active
2026-09-02,2026,,Malachi Fields,NYG,WR,88.0,Active
2026-09-02,2026, 00-0035208,Olamide Zaccheaus,ATL,WR,14.0,Active
2026-09-02,2026,,Zaire Barnes,NYG,LB,46.0,Active
2026-09-02,2026,,Jeff Caldwell,KC,WR,8.0,Inactive
2026-09-02,2026,,Ryan Schernecke,NYG,OL,70.0,Active
2026-09-02,2026,,Rob Carter,IND,CB,39.0,Active
2026-09-02,2026,,KJ Hill,LAC,WR,84.0,Active
2026-09-02,2026,,Jordan Magee,WAS,LB,58.0,Active
2026-09-02,2026,,Dorian Mausi,TEN,LB,54.0,Active
2026-09-02,2026,,Will Reichard,MIN,K,16.0,Active
2026-09-02,2026,,Elijah Jones,NYG,DB,28.0,Active
2026-09-02,2026,,Thaddeus Dixon,NYG,CB,39.0,Inactive
2026-09-02,2026,,Teair Tart,LAC,DT,93.0,Active
2026-09-02,2026,,Ashton Jeanty,LV,RB,2.0,Active
2026-09-02,2026,,Ifeatu Melifonwu,TB,CB,35.0,Active
2026-09-02,2026,,Jonathan Mingo,DAL,WR,81.0,Active
2026-09-02,2026,,Riley Leonard,IND,QB,15.0,Active
2026-09-02,2026,,Brandon Stephens,NYJ,DB,21.0,Active
2026-09-02,2026,,Chandler Martin,NYG,LB,45.0,Active
2026-09-02,2026,,Austin McNamara,NYJ,P,14.0,Active
2026-09-02,2026,,Tommy Eichenberg,LV,LB,44.0,Active
2026-09-02,2026,,Cole Christiansen,KC,LB,48.0,Active
2026-09-02,2026,,Mitchell Evans,CAR,TE,84.0,Active
2026-09-02,2026,,Terion Stewart,KC,RB,,Active
2026-09-02,2026,,Grey Zabel,SEA,OT,76.0,Active
2026-09-02,2026,,Tyler Steen,PHI,OL,56.0,Active
2026-09-02,2026,,Atlanta Falcons,ATL,DEF,,
2026-09-02,2026,,Chris Rodriguez,JAX,RB,24.0,Active
2026-09-02,2026,,DeMarvion Overshown,DAL,LB,0.0,Active
2026-09-02,2026,,Kwity Paye,LV,DE,95.0,Active
2026-09-02,2026,,CJ Donaldson,NO,RB,43.0,Active
2026-09-02,2026,,Treydan Stukes,LV,DB,31.0,Active
2026-09-02,2026,,Jack Cochrane,KC,LB,43.0,Active
2026-09-02,2026,00-0034377,Avonte Maddox,DET,CB,29.0,Active
2026-09-02,2026, 00-0033531,Colin Holba,CIN,LS,88.0,Active
2026-09-02,2026, 00-0035227,P.J. Locke,DAL,DB,1.0,Active
2026-09-02,2026,,Anthony Lucas,DET,DL,61.0,Active
2026-09-02,2026,00-0034827,DJ Moore,BUF,WR,2.0,Active
2026-09-02,2026,,Antwane Wells,ATL,WR,82.0,Active
2026-09-02,2026,00-0034351,Dallas Goedert,PHI,TE,88.0,Active
2026-09-02,2026,,Keeanu Benton,PIT,NT,95.0,Active
2026-09-02,2026,,Carolina Panthers,CAR,DEF,,
2026-09-02,2026,00-0030590,Jonathan Cooper,DEN,G,70.0,Active
2026-09-02,2026, 00-0035318,Ken Webster,NYJ,CB,4.0,Inactive
2026-09-02,2026,,Rodney Shelley,LAC,CB,24.0,Active
2026-09-02,2026,,Keonta Jenkins,BUF,LB,49.0,Active
2026-09-02,2026,,Red Murdock,DEN,LB,50.0,Active
2026-09-02,2026,,Braxton Jones,CHI,OL,70.0,Active
2026-09-02,2026,,Keyron Crawford,LV,DE,42.0,Inactive
2026-09-02,2026,,Wayne Matthews,CHI,LB,35.0,Active
2026-09-02,2026, 00-0035413,Luke Gifford,SF,LB,51.0,Active
2026-09-02,2026,00-0033928,Jourdan Lewis,JAX,CB,2.0,Active
2026-09-02,2026,,Xavier Guillory,BAL,WR,16.0,Active
2026-09-02,2026,,Nikko Reed,LAC,DB,46.0,Active
2026-09-02,2026,,Dalton Cooper,GB,OT,78.0,Active
2026-09-02,2026,,Justin Barron,DAL,LB,45.0,Active
2026-09-02,2026,,Justin Hilliard,KC,LB,42.0,Active
2026-09-02,2026,00-0029714,Andrew DePaola,MIN,LS,42.0,Active
2026-09-02,2026,,Kaelon Black,SF,RB,26.0,Active
2026-09-02,2026,,Cor'Dale Flott,TEN,DB,18.0,Active
2026-09-02,2026,,Aamaris Brown,DET,DB,42.0,Active
2026-09-02,2026,,Ben Sims,MIA,TE,89.0,Inactive
2026-09-02,2026,,DaVon Hamilton,JAX,DT,52.0,Active
2026-09-02,2026,,Kaden Davis,CHI,WR,27.0,Active
2026-09-02,2026,,Emmanuel Forbes,LAR,CB,1.0,Active
2026-09-02,2026, 00-0035692,Clelin Ferrell,MIA,DE,98.0,Active
2026-09-02,2026,,Isaiah Simmons,CAR,DB,27.0,Active
2026-09-02,2026,,Sydney Brown,ATL,DB,29.0,Active
2026-09-02,2026,,Dru Phillips,NYG,DB,22.0,Active
2026-09-02,2026,,Ikem Ekwonu,CAR,T,79.0,Active
2026-09-02,2026,,Ollie Gordon,MIA,RB,0.0,Active
2026-09-02,2026,,Jalen Carter,PHI,DL,98.0,Active
2026-09-02,2026,,Jevon Holland,NYG,DB,8.0,Active
2026-09-02,2026,,Shemar Bartholomew,TEN,CB,34.0,Active
2026-09-02,2026,,Jude Bowry,BUF,OT,74.0,Active
2026-09-02,2026,00-0033554,Tedric Thompson,CLE,DB,37.0,Active
2026-09-02,2026,00-0033757,Robert Tonyan,PIT,TE,83.0,Active
2026-09-02,2026,,Esezi Otomewo,PIT,DL,93.0,Active
2026-09-02,2026,00-0033576,Eric Saubert,SEA,TE,81.0,Active
2026-09-02,2026,,Montaric Brown,JAX,DB,1.0,Active
2026-09-02,2026,,Azareye'h Thomas,NYJ,DB,1.0,Active
2026-09-02,2026,,Esa Pole,WAS,OT,79.0,Active
2026-09-02,2026,,Keyshawn James-Newby,PHI,DE,50.0,Active
2026-09-02,2026,,Jordan Davis,PHI,DL,90.0,Active
2026-09-02,2026,,Chase Williams,CLE,ILB,56.0,Active
2026-09-02,2026,,Tanoa Togiai,WAS,G,62.0,Active
2026-09-02,2026,00-0033947,Deatrich Wise,WAS,DE,91.0,Active
2026-09-02,2026,,Mason McCormick,PIT,OL,66.0,Active
2026-09-02,2026,,Andrew Armstrong,KC,WR,85.0,Active
2026-09-02,2026,,Nic Jones,NYG,CB,31.0,Active
2026-09-02,2026,,Curtis Jacobs,WAS,LB,57.0,Inactive
2026-09-02,2026,,Cobie Durant,DAL,DB,2.0,Active
2026-09-02,2026,00-0034439,Tyler Conklin,DET,TE,83.0,Active
2026-09-02,2026,,Mike Sainristil,WAS,DB,0.0,Active
2026-09-02,2026,00-0032954,Isaac Seumalo,ARI,G,73.0,Active
2026-09-02,2026, 00-0035352,Tyrel Dodson,CAR,LB,25.0,Active
2026-09-02,2026,00-0033120,Kenny Clark,DAL,DE,97.0,Active
2026-09-02,2026,,Tim Smith,IND,DL,93.0,Active
2026-09-02,2026,00-0029146,J.R. Sweezy,SEA,OG,0.0,Active
2026-09-02,2026,,Isaia Glass,CAR,OL,74.0,Active
2026-09-02,2026,,Bernhard Raimann,IND,OL,79.0,Active
2026-09-02,2026,,KaVontae Turpin,DAL,WR,9.0,Active
2026-09-02,2026,,Tyrone Tracy,NYG,RB,29.0,Active
2026-09-02,2026,,DeShon Singleton,KC,DB,25.0,Active
2026-09-02,2026,,Max Brosmer,MIN,QB,12.0,Active
2026-09-02,2026,,Patrick Herbert,LAC,TE,88.0,Active
2026-09-02,2026,,Kendal Daniels,ATL,LB,53.0,Active
2026-09-02,2026,00-0034446,Jalen Davis,CIN,CB,35.0,Active
2026-09-02,2026,00-0033918,Fabian Moreau,WAS,CB,30.0,Active
2026-09-02,2026,,Sean Fresch,DEN,CB,37.0,Active
2026-09-02,2026,00-0032701,Jake Brendel,SF,OL,64.0,Active
2026-09-02,2026,,Patrick O'Connell,SEA,LB,52.0,Active
2026-09-02,2026,,Rashee Rice,KC,WR,4.0,Active
2026-09-02,2026,,Amen Ogbongbemiga,DET,LB,45.0,Active
2026-09-02,2026,,Myles White,NYJ,WR,16.0,Active
2026-09-02,2026,,Shemar James,DAL,LB,50.0,Active
2026-09-02,2026,,Tyler Biadasz,LAC,C,63.0,Inactive
2026-09-02,2026,,Pete Werner,NO,LB,20.0,Active
2026-09-02,2026,,Bryce Cabeldue,SEA,OT,77.0,Active
2026-09-02,2026,,Jacksonville Jaguars,JAX,DEF,,
2026-09-02,2026,,De'Von Achane,MIA,RB,28.0,Active
2026-09-02,2026,,Marvin Mims,DEN,WR,19.0,Active
2026-09-02,2026,,Adin Huntington,CLE,DT,98.0,Active
2026-09-02,2026,,Jalon Walker,ATL,DL,11.0,Inactive
2026-09-02,2026,,Matt Peart,DEN,T,79.0,Active
2026-09-02,2026,,Mapalo Mwansa,CAR,LB,42.0,Active
2026-09-02,2026,,Michael Penix,ATL,QB,9.0,Active
2026-09-02,2026,,Carnell Tate,TEN,WR,14.0,Active
2026-09-02,2026,,Kendall Williamson,LAC,DB,40.0,Active
2026-09-02,2026,00-0034829,Mike Gesicki,CIN,TE,88.0,Active
2026-09-02,2026,,Los Angeles Rams,LAR,DEF,,
2026-09-02,2026,,Malcolm Koonce,LV,DE,51.0,Active
2026-09-02,2026,,Amar Johnson,LAC,RB,35.0,Active
2026-09-02,2026,,Thomas Yassmin,GB,TE,84.0,Inactive
2026-09-02,2026,00-0031364,Jadeveon Clowney,HOU,DE,90.0,Active
2026-09-02,2026,,Antonio Johnson,JAX,DB,6.0,Active
2026-09-02,2026,,Carson Bruener,PIT,LB,44.0,Active
2026-09-02,2026,,Christian Rozeboom,TB,LB,52.0,Active
2026-09-02,2026,,Troy Franklin,DEN,WR,11.0,Active
2026-09-02,2026,,Silas Walters,TB,DB,33.0,Active
2026-09-02,2026,,Easton Mascarenas-Arnold,CLE,LB,42.0,Active
2026-09-02,2026,,Mitchell Fraboni,DEN,LS,48.0,Active
2026-09-02,2026,,Travis Glover,GB,OT,79.0,Active
2026-09-02,2026,,Colton Hood,NYG,DB,12.0,Active
2026-09-02,2026,,Jaden Keller,NYJ,LB,48.0,Active
2026-09-02,2026, 00-0035705,Jalen Thompson,DAL,DB,34.0,Active
2026-09-02,2026,,J.T. Ibe,CAR,DB,37.0,Active
2026-09-02,2026,,Dylan Cook,PIT,T,60.0,Active
2026-09-02,2026,00-0034163,Jacob Martin,TEN,DE,57.0,Active
2026-09-02,2026,,Steven Jones,PIT,OL,79.0,Active
2026-09-02,2026,,Ventrell Miller,JAX,LB,51.0,Active
2026-09-02,2026,,Braden Fiske,LAR,DL,55.0,Active
2026-09-02,2026,00-0029738,Darren Fells,TB,TE,88.0,Active
2026-09-02,2026,00-0033025,Jalen Richard,LV,RB,30.0,Active
2026-09-02,2026,,Nick Kallerup,SEA,TE,89.0,Active
2026-09-02,2026,,Jeremiyah Love,ARI,RB,4.0,Active
2026-09-02,2026,,Darius Rush,WAS,DB,29.0,Active
2026-09-02,2026,,Abraham Lucas,SEA,OL,72.0,Active
2026-09-02,2026,,Lloyd Cushenberry,BUF,C,53.0,Active
2026-09-02,2026,,Adam Trautman,DEN,TE,82.0,Active
2026-09-02,2026,,Kyle Dixon,NE,WR,83.0,Active
2026-09-02,2026,,Alex Ward,LV,LS,47.0,Active
2026-09-02,2026,,Bijan Robinson,ATL,RB,7.0,Active
2026-09-02,2026,,DeVonta Smith,PHI,WR,6.0,Active
2026-09-02,2026,,Travis Hunter,JAX,WR,12.0,Active
2026-09-02,2026,,Tommy DeVito,NE,QB,16.0,Active
2026-09-02,2026,,Devin Neal,NO,RB,24.0,Inactive
2026-09-02,2026,,Kiran Amegadjie,PHI,OL,72.0,Active
2026-09-02,2026,,Arvell Reese,NYG,LB,52.0,Active
2026-09-02,2026,00-0033347,Josh Tupou,NYG,DT,94.0,Active
2026-09-02,2026,,Will Howard,PIT,QB,18.0,Active
2026-09-02,2026,,Shane Buechele,BUF,QB,6.0,Active
2026-09-02,2026,,DJ Rogers,DAL,TE,49.0,Inactive
2026-09-02,2026,,Laekin Vakalahi,LAC,T,78.0,Active
2026-09-02,2026,,Tyler Goodson,ATL,RB,25.0,Active
2026-09-02,2026,00-0030380,Benson Mayowa,SEA,DE,10.0,Active
2026-09-02,2026,,Shaun Dolac,LAR,LB,56.0,Active
2026-09-02,2026,,Bhayshul Tuten,JAX,RB,33.0,Active
2026-09-02,2026,00-0031136,Chris Boswell,PIT,K,9.0,Active
2026-09-02,2026,,Tyler Linderbaum,LV,OL,65.0,Active
2026-09-02,2026,,Michael Carter,PHI,CB,35.0,Active
2026-09-02,2026,,Easton Kilty,NO,OL,73.0,Active
2026-09-02,2026,,Drake Jackson,WAS,DL,93.0,Inactive
2026-09-02,2026,,Josh Minkins,ARI,DB,38.0,Inactive
2026-09-02,2026,,Jaydon Blue,PHI,RB,23.0,Active
2026-09-02,2026,,Tre'von Moehrig,CAR,DB,7.0,Active
2026-09-02,2026,,DJ Campbell,MIA,G,63.0,Active
2026-09-02,2026,,Kayvon Thibodeaux,NYG,DL,5.0,Active
2026-09-02,2026,00-0030140,Tress Way,WAS,P,10.0,Active
2026-09-02,2026,,Cody White,LV,WR,82.0,Active
2026-09-02,2026,,Jamaree Caldwell,LAC,DT,99.0,Active
2026-09-02,2026,,Kaleb Proctor,ARI,DT,94.0,Inactive
2026-09-02,2026,,Ruke Orhorhoro,JAX,DT,99.0,Active
2026-09-02,2026,00-0034874,Roquan Smith,BAL,LB,0.0,Active
2026-09-02,2026, 00-0035062,Sam Mustipher,JAX,OL,69.0,Inactive
2026-09-02,2026,,Alex Harkey,LAC,OT,73.0,Active
2026-09-02,2026,,Brian Parker,CIN,OT,62.0,Active
2026-09-02,2026,,Drake London,ATL,WR,5.0,Active
2026-09-02,2026,,Malik Nabers,NYG,WR,1.0,Active
2026-09-02,2026,00-0033555,Mack Hollins,NE,WR,13.0,Active
2026-09-02,2026,,Michael Dansby,SEA,DB,37.0,Active
2026-09-02,2026,00-0033579,Xavier Woods,CHI,DB,32.0,Active
2026-09-02,2026,,Malik McClain,NYJ,WR,84.0,Active
2026-09-02,2026,,Jarrett Patterson,SF,OL,54.0,Active
2026-09-02,2026,,Jamal Hill,HOU,LB,56.0,Active
2026-09-02,2026,,Henry Lutovsky,TB,OG,61.0,Active
2026-09-02,2026,00-0034495,Evan Brown,HOU,C,63.0,Active
2026-09-02,2026,,Kyle Hamilton,BAL,DB,14.0,Active
2026-09-02,2026,,Josh Priebe,MIA,OL,68.0,Active
2026-09-02,2026, 00-0035662,Marquise Brown,PHI,WR,0.0,Active
2026-09-02,2026,,Elijah Williams,MIN,DL,99.0,Active
2026-09-02,2026,,Cooper DeJean,PHI,DB,33.0,Active
2026-09-02,2026,,Julian Hill,NE,TE,80.0,Inactive
2026-09-02,2026,,Tay Martin,DET,WR,17.0,Active
2026-09-02,2026,,Will Pauling,SF,WR,84.0,Active
2026-09-02,2026,,Jacob Rodriguez,MIA,LB,10.0,Active
2026-09-02,2026,,Thomas Fidone,NYG,TE,86.0,Active
2026-09-02,2026,,David Walker,TB,LB,51.0,Active
2026-09-02,2026,,Rayshaun Benny,BAL,DT,99.0,Active
2026-09-02,2026,00-0032103,Denzel Perryman,LAC,LB,6.0,Inactive
2026-09-02,2026,,Stetson Bennett,LAR,QB,13.0,Active
2026-09-02,2026,,Anthony Richardson,IND,QB,5.0,Active
2026-09-02,2026,,Deane Leonard,LAC,DB,33.0,Active
2026-09-02,2026,,Joe Burrow,CIN,QB,9.0,Active
2026-09-02,2026,,Xavier Worthy,KC,WR,1.0,Active
2026-09-02,2026,,Kameron Johnson,TB,WR,19.0,Active
2026-09-02,2026,,Connor O'Toole,SEA,DE,57.0,Active
2026-09-02,2026,,Grant Delpit,CLE,DB,9.0,Active
2026-09-02,2026,00-0030957,Casey Kreiter,ARI,LS,59.0,Active
2026-09-02,2026,,Greg Rousseau,BUF,DE,15.0,Active
2026-09-02,2026,,Ryan Van Demark,MIN,OL,72.0,Active
2026-09-02,2026,,Payne Durham,TB,TE,87.0,Active
2026-09-02,2026,,Gabe Hall,PHI,DT,96.0,Active
2026-09-02,2026,,Davis Allen,LAR,TE,87.0,Active
2026-09-02,2026,,Devon Key,DEN,DB,26.0,Active
2026-09-02,2026,,Josh Fryar,ARI,OL,78.0,Active
2026-09-02,2026,00-0034768,Chukwuma Okorafor,NYJ,OL,79.0,Active
2026-09-02,2026,,Josiah Trotter,TB,LB,45.0,Active
2026-09-02,2026,00-0033949,Joshua Dobbs,DET,QB,6.0,Active
2026-09-02,2026,,Cedric Gray,TEN,LB,33.0,Active
2026-09-02,2026,,Aidan O'Connell,LV,QB,12.0,Active
2026-09-02,2026,,Elic Ayomanor,TEN,WR,5.0,Active
2026-09-02,2026,,T.J. Slaton,CIN,DT,98.0,Active
2026-09-02,2026,,Dax Hill,CIN,DB,23.0,Active
2026-09-02,2026,,Devonte Wyatt,GB,DL,95.0,Active
2026-09-02,2026,00-0033877,Malik Hooker,DAL,DB,24.0,Active
2026-09-02,2026,,Andre Cisco,NYJ,DB,8.0,Active
2026-09-02,2026,,Bobby Jamison-Travis,NYG,DL,97.0,Active
2026-09-02,2026,,Mark Redman,GB,TE,83.0,Active
2026-09-02,2026,00-0028845,Josh Harris,LAC,LS,47.0,Active
2026-09-02,2026,,Carlos Allen,ATL,DT,79.0,Active
2026-09-02,2026,00-0033860,Davon Godchaux,NO,DT,92.0,Active
2026-09-02,2026,,Ephesians Prysock,SF,CB,35.0,Active
2026-09-02,2026,,Paul Rubelt,TB,OL,76.0,Active
2026-09-02,2026,,Jimmy Kibble,NE,WR,19.0,Inactive
2026-09-02,2026,,Blake Whiteheart,CLE,TE,86.0,Active
2026-09-02,2026,00-0031546,Trae Waynes,CIN,CB,26.0,Active
2026-09-02,2026,,Cash Jones,ATL,RB,32.0,Active
2026-09-02,2026,,Zavier Scott,CHI,RB,36.0,Active
2026-09-02,2026,00-0034800,B.J. Hill,CIN,DT,92.0,Active
2026-09-02,2026,,Jahmyr Gibbs,DET,RB,0.0,Active
2026-09-02,2026,,Austin Booker,CHI,DL,94.0,Active
2026-09-02,2026,,Jovaughn Gwyn,BAL,OL,54.0,Active
2026-09-02,2026,,Al-Jay Henderson,NYJ,RB,,Active
2026-09-02,2026,,Micah Parsons,GB,LB,1.0,Active
2026-09-02,2026,,Jaylon Carlies,IND,DB,57.0,Active
2026-09-02,2026,00-0029410,Tavon Wilson,SF,DB,32.0,Inactive
2026-09-02,2026,00-0033106,Jared Goff,DET,QB,16.0,Active
2026-09-02,2026,00-0034779,Ronnie Harrison,MIA,DB,56.0,Active
2026-09-02,2026,,Rocco Underwood,PHI,LS,41.0,Active
2026-09-02,2026,,Julian Hicks,SEA,WR,82.0,Active
2026-09-02,2026,00-0033908,Cooper Kupp,SEA,WR,10.0,Active
2026-09-02,2026,,Trey Lance,LAC,QB,5.0,Active
2026-09-02,2026,,Jake Slaughter,LAC,C,66.0,Active
2026-09-02,2026,00-0034485,Jonathan Owens,IND,DB,38.0,Active
2026-09-02,2026,,Javon Solomon,BUF,DE,56.0,Active
2026-09-02,2026,,Jack Bech,LV,WR,18.0,Active
2026-09-02,2026,,Roman Parodie,TB,CB,37.0,Active
2026-09-02,2026,,Mason Graham,CLE,DL,94.0,Active
2026-09-02,2026,00-0031565,Danielle Hunter,HOU,DE,55.0,Active
2026-09-02,2026,,Jonathan Greenard,PHI,DE,52.0,Active
2026-09-02,2026,,Myles Harden,CLE,DB,26.0,Active
2026-09-02,2026,,Jordan Jackson,DEN,DL,94.0,Active
2026-09-02,2026,,Bradyn Swinson,PIT,DE,43.0,Active
2026-09-02,2026,,Andre Carter,LAC,LB,51.0,Active
2026-09-02,2026,,New Orleans Saints,NO,DEF,,
2026-09-02,2026,,Emmanuel Henderson,SEA,WR,84.0,Active
2026-09-02,2026,,Brevin Jordan,HOU,TE,9.0,Active
2026-09-02,2026,,Hank Beatty,TEN,WR,13.0,Active
2026-09-02,2026,,Anderson Castle,IND,RB,42.0,Active
2026-09-02,2026,,Jacob Parrish,TB,DB,25.0,Active
2026-09-02,2026, 00-0034981,Foster Moreau,HOU,TE,87.0,Active
2026-09-02,2026,,Jackson Sirmon,NO,LB,45.0,Active
2026-09-02,2026,,Chase Roberts,LV,WR,86.0,Inactive
2026-09-02,2026,,Arron Mosby,GB,LB,53.0,Active
2026-09-02,2026,00-0033048,Kavon Frazier,LV,DB,43.0,Active
2026-09-02,2026,,Green Bay Packers,GB,DEF,,
2026-09-02,2026,,Ethan Burke,BAL,DE,45.0,Active
2026-09-02,2026,00-0033964,Al-Quadin Muhammad,TB,DE,97.0,Active
2026-09-02,2026,,Damonic Williams,ARI,DT,96.0,Active
2026-09-02,2026,,Seydou Traore,MIA,TE,49.0,Active
2026-09-02,2026,,Pat Coogan,TEN,C,79.0,Active
2026-09-02,2026,00-0033281,Marlon Humphrey,BAL,CB,44.0,Active
2026-09-02,2026,,Matt Henningsen,DEN,DE,91.0,Inactive
2026-09-02,2026,00-0032517,Briean Boddy-Calhoun,TEN,CB,36.0,Active
2026-09-02,2026,,Malik Spencer,WAS,DB,36.0,Inactive
2026-09-02,2026,00-0032707,Andy Jones,NYG,WR,0.0,Inactive
2026-09-02,2026,,Theo Jackson,MIN,DB,26.0,Active
2026-09-02,2026,,Walter Rouse,NE,OL,72.0,Active
2026-09-02,2026,,Derius Davis,LAC,WR,12.0,Active
2026-09-02,2026,,Cameron Clark,NYJ,OT,72.0,Inactive
2026-09-02,2026,,Christian Benford,BUF,DB,47.0,Active
2026-09-02,2026,,Feleipe Franks,CAR,TE,81.0,Active
2026-09-02,2026,,Asante Samuel,PIT,CB,22.0,Active
2026-09-02,2026,,Logan Jones,CHI,C,54.0,Active
2026-09-02,2026,,Kadyn Proctor,MIA,OT,74.0,Active
2026-09-02,2026,,Keyshaun Elliott,CHI,LB,49.0,Active
2026-09-02,2026,,Dominic Bailey,HOU,DL,73.0,Active
2026-09-02,2026,,Kamar Missouri,LV,OL,62.0,Active
2026-09-02,2026,,Cam Little,JAX,K,39.0,Active
2026-09-02,2026,,Ryan Hayes,CAR,OL,66.0,Inactive
2026-09-02,2026,,Maxen Hook,SEA,DB,43.0,Active
2026-09-02,2026,,Jeremiah Pharms,NE,DT,98.0,Active
2026-09-02,2026,,Hogan Hatten,DET,LS,49.0,Active
2026-09-02,2026,00-0030097,David Quessenberry,LAR,OL,68.0,Active
2026-09-02,2026,,Jameson Williams,DET,WR,1.0,Active
2026-09-02,2026, 00-0035242,Erik McCoy,NO,OL,78.0,Active
2026-09-02,2026,,Cedric Tillman,NO,WR,19.0,Active
2026-09-02,2026,,Mason Reiger,PHI,DE,90.0,Active
2026-09-02,2026,,Darnell Mooney,NYG,WR,17.0,Active
2026-09-02,2026,00-0033109,Javon Hargrave,GB,DT,98.0,Active
2026-09-02,2026,,Joe Forson,KC,WR,1.0,Practice Squad
2026-09-02,2026,00-0033288,George Kittle,SF,TE,85.0,Active
2026-09-02,2026,,Moliki Matavao,NO,TE,80.0,Inactive
2026-09-02,2026,,Dell Pettus,NE,DB,24.0,Active
2026-09-02,2026,,Austin Jackson,MIA,T,73.0,Active
2026-09-02,2026,,Khalid Kareem,ATL,DE,54.0,Active
2026-09-02,2026,,Marvin Harrison,ARI,WR,18.0,Active
2026-09-02,2026,00-0033376,Patrick Ricard,NYG,FB,45.0,Active
2026-09-02,2026,,Dominique Hampton,TEN,CB,40.0,Inactive
2026-09-02,2026,00-0034801,Josh Woods,ATL,LB,42.0,Active
2026-09-02,2026,00-0034657,Matt Dickerson,JAX,DE,93.0,Active
2026-09-02,2026,,Cameron Latu,NE,TE,81.0,Active
2026-09-02,2026,00-0031503,Jameis Winston,NYG,QB,19.0,Active
2026-09-02,2026,,Roderick Henderson,TEN,DT,76.0,Active
2026-09-02,2026,,Kahlil Benson,KC,T,70.0,Active
2026-09-02,2026,,T.J. Tampa,BAL,DB,27.0,Active
2026-09-02,2026,,Zach Terrell,BAL,QB,0.0,Active
2026-09-02,2026,,Marshall Lang,MIN,TE,81.0,Active
2026-09-02,2026,00-0030279,Keenan Allen,IND,WR,10.0,Active
2026-09-02,2026,00-0034350,Uchenna Nwosu,SEA,LB,7.0,Active
2026-09-02,2026,00-0030541,Blidi Wreh-Wilson,TB,CB,36.0,Active
2026-09-02,2026,00-0033336,Eric Wilson,MIN,LB,55.0,Active
2026-09-02,2026,,Zach Bako-Bewele,GB,OL,50.0,Active
2026-09-02,2026,,Bud Clark,SEA,DB,9.0,Inactive
2026-09-02,2026,,Malachi Lawrence,DAL,DL,57.0,Active
2026-09-02,2026,00-0034815,Fred Warner,SF,LB,54.0,Active
2026-09-02,2026,,Kurtis Rourke,SF,QB,14.0,Active
2026-09-02,2026,,Chris Williams,CLE,DT,93.0,Active
2026-09-02,2026,,Reggie Gilliam,NE,RB,44.0,Active
2026-09-02,2026,,Austen Pleasants,SF,OL,62.0,Active
2026-09-02,2026,,Connor Lew,CIN,C,65.0,Active
2026-09-02,2026, 00-0035279,Charles Omenihu,WAS,DE,90.0,Active
2026-09-02,2026,00-0034610,Cole Boozer,WAS,OT,0.0,Inactive
2026-09-02,2026,00-0031270,Shelby Harris,NYG,DE,93.0,Active
2026-09-02,2026,00-0034198,Trent Sieg,DAL,LS,44.0,Active
2026-09-02,2026,,Josh Cameron,JAX,WR,19.0,Active
2026-09-02,2026, 00-0035275,Jordan Scarlett,MIA,RB,22.0,Inactive
2026-09-02,2026,,Zech McPhearson,LAR,CB,41.0,Inactive
2026-09-02,2026,,Jared Wiley,KC,TE,12.0,Active
2026-09-02,2026,,Trevor Etienne,CAR,RB,23.0,Active
2026-09-02,2026,,Tyre West,DET,DT,52.0,Active
2026-09-02,2026,,Keondre Jackson,BAL,DB,39.0,Active
2026-09-02,2026,,Gabe Jacas,NE,DE,50.0,Active
2026-09-02,2026,,DJ Glaze,LV,OL,71.0,Active
2026-09-02,2026,,Brennan Jackson,LV,DE,54.0,Inactive
2026-09-02,2026,,Joshua Weru,PHI,DE,46.0,Active
2026-09-02,2026,,David Olajiga,BAL,DL,65.0,Active
2026-09-02,2026,,Will Fries,MIN,G,76.0,Active
2026-09-02,2026,,Brendon White,NYJ,LB,51.0,Active
2026-09-02,2026,00-0033083,Darian Thompson,DAL,DB,23.0,Active
2026-09-02,2026, 00-0035679,Connor McGovern,BUF,G,66.0,Active
2026-09-02,2026,,James Neal,HOU,OT,70.0,Active
2026-09-02,2026,,Chris Braswell,HOU,LB,43.0,Active
2026-09-02,2026,00-0032762,Chris Jones,KC,DT,95.0,Active
2026-09-02,2026,,Alaric Jackson,LAR,OL,77.0,Active
2026-09-02,2026,,Ty Pezza,BAL,TE,84.0,Active
2026-09-02,2026,,Tuli Tuipulotu,LAC,DL,45.0,Active
2026-09-02,2026,00-0032889,A'Shawn Robinson,TB,DT,91.0,Active
2026-09-02,2026,,Trey Smack,GB,K,28.0,Active
2026-09-02,2026,,Cam Hart,LAC,CB,20.0,Active
2026-09-02,2026,,Christian Braswell,JAX,DB,21.0,Active
2026-09-02,2026,,Braiden McGregor,NYJ,DE,55.0,Active
2026-09-02,2026,,Cam'Ron Silmon-Craig,JAX,DB,42.0,Active
2026-09-02,2026,,Omar Speights,LAR,LB,48.0,Active
2026-09-02,2026,00-0031559,Jordan Richards,BAL,DB,48.0,Active
2026-09-02,2026,,Arian Smith,NYJ,WR,82.0,Active
2026-09-02,2026,,Ezra Cleveland,JAX,G,76.0,Active
2026-09-02,2026,,Albert Okwuegbunam,LV,TE,85.0,Active
2026-09-02,2026,,Tyrique Stevenson,CHI,CB,29.0,Active
2026-09-02,2026,,Kingsley Eguakun,NYG,OL,65.0,Active
2026-09-02,2026,,Zane Durant,BUF,DT,92.0,Inactive
2026-09-02,2026, 00-0035283,Clayton Thorson,NYG,QB,0.0,Active
2026-09-02,2026,,Troy Dye,LAC,LB,43.0,Active
2026-09-02,2026,00-0029568,Malik Jackson,CLE,DT,97.0,Active
2026-09-02,2026,,Rodney Hammond,DEN,RB,,Active
2026-09-02,2026,,Ty Simpson,LAR,QB,15.0,Active
2026-09-02,2026,,Jonathan Ward,BAL,RB,35.0,Active
2026-09-02,2026,,Lan Larison,NE,RB,34.0,Active
2026-09-02,2026,,Brittain Brown,CHI,RB,38.0,Inactive
2026-09-02,2026, 00-0035155,Mark Fields,SF,CB,25.0,Active
2026-09-02,2026,00-0034356,Donte Jackson,LAC,CB,26.0,Active
2026-09-02,2026,,Eddie Walls,LAR,DL,51.0,Inactive
2026-09-02,2026, 00-0035526,Elgton Jenkins,CLE,G,74.0,Active
2026-09-02,2026,,Charlie Smyth,NO,K,39.0,Active
2026-09-02,2026,00-0031574,Gabe Wright,WAS,DT,62.0,Active
2026-09-02,2026,,Brock Purdy,SF,QB,13.0,Active
2026-09-02,2026,,Jordan van den Berg,CHI,DL,96.0,Active
2026-09-02,2026,,Zachariah Branch,ATL,WR,17.0,Active
2026-09-02,2026, 00-0035236,Byron Murphy,MIN,CB,7.0,Active
2026-09-02,2026,,Dont'e Thornton,LV,WR,10.0,Inactive
2026-09-02,2026,,Dominic Lovett,DET,WR,19.0,Active
2026-09-02,2026,00-0030883,Josh Mauro,ARI,DE,96.0,Active
2026-09-02,2026,,Brock Wright,DET,TE,89.0,Active
2026-09-02,2026,,Fernando Mendoza,LV,QB,15.0,Active
2026-09-02,2026,,Bryce Lance,NO,WR,18.0,Active
2026-09-02,2026,,Swayze Bozeman,CIN,LB,47.0,Active
2026-09-02,2026,00-0032243,Ali Marpet,TB,G,74.0,Active
2026-09-02,2026,,Brevyn Spann-Ford,DAL,TE,89.0,Active
2026-09-02,2026,00-0032413,Ronald Blair,NYJ,DE,54.0,Active
2026-09-02,2026,,Quinshon Judkins,CLE,RB,10.0,Active
2026-09-02,2026,,Shemar Stewart,CIN,DL,94.0,Active
2026-09-02,2026,,Cobee Bryant,ATL,DB,37.0,Active
2026-09-02,2026,,Duplicate Player,DEN,ILB,45.0,Inactive
2026-09-02,2026,,Sedrick Van Pran-Granger,IND,OL,63.0,Active
2026-09-02,2026,,Jordan Watkins,SF,WR,17.0,Active
2026-09-02,2026,,Ronnie Hickman,CLE,DB,33.0,Active
2026-09-02,2026,,Evan Deckers,TB,LS,86.0,Active
2026-09-02,2026,00-0034413,Foyesade Oluokun,JAX,LB,23.0,Active
2026-09-02,2026,,Kain Medrano,WAS,LB,56.0,Active
2026-09-02,2026,,Evan Williams,GB,DB,33.0,Active
2026-09-02,2026,,Jeremiah Webb,NE,WR,29.0,Inactive
2026-09-02,2026,,Kamari Lassiter,HOU,DB,3.0,Active
2026-09-02,2026,,Rico Payton,NYG,CB,36.0,Inactive
2026-09-02,2026,,Tavien Feaster,ARI,RB,30.0,Active
2026-09-02,2026,,Drake Nugent,SF,OL,66.0,Active
2026-09-02,2026,,Franko House,CHI,TE,0.0,Active
2026-09-02,2026,,Carrington Valentine,GB,DB,24.0,Active
2026-09-02,2026,,Princely Umanmielen,CAR,DL,3.0,Active
2026-09-02,2026,,Kaytron Allen,WAS,RB,31.0,Active
2026-09-02,2026,00-0030161,Bradley McDougald,JAX,DB,22.0,Active
2026-09-02,2026,,William Sherman,NO,T,66.0,Active
2026-09-02,2026,,Trevon Diggs,SEA,CB,16.0,Active
2026-09-02,2026,,Connor Heyward,LV,TE,34.0,Active
2026-09-02,2026,,Jaylen Harrell,TEN,DE,92.0,Inactive
2026-09-02,2026,,Elijah Simmons,TB,DL,92.0,Active
2026-09-02,2026,,Cameron Robertson,ARI,DE,49.0,Active
2026-09-02,2026,,Kam Dewberry,ATL,OL,61.0,Active
2026-09-02,2026,,Dametrious Crownover,NE,OT,68.0,Active
2026-09-02,2026,,Kenneth Walker,KC,RB,9.0,Active
2026-09-02,2026,,Dalton Kincaid,BUF,TE,86.0,Active
2026-09-02,2026,00-0031235,Odell Beckham,NYG,WR,13.0,Active
2026-09-02,2026,,Malcolm Rodriguez,DET,LB,44.0,Active
2026-09-02,2026,,Corliss Waitman,SF,P,15.0,Active
2026-09-02,2026,,Gabriel Rubio,PIT,DL,96.0,Active
2026-09-02,2026,00-0032052,Dante Fowler,SEA,LB,56.0,Active
2026-09-02,2026,,Jammie Robinson,ATL,DB,34.0,Active
2026-09-02,2026,,Jahquez Robinson,BAL,DB,41.0,Inactive
2026-09-02,2026,00-0032667,Roy Robertson-Harris,NYG,DE,95.0,Inactive
2026-09-02,2026,,Cam Grandy,MIN,TE,85.0,Active
2026-09-02,2026,,Cedric Johnson,CIN,DE,52.0,Active
2026-09-02,2026,,Cam Jurgens,PHI,OL,51.0,Active
2026-09-02,2026,,Melvin Smith,TEN,DB,39.0,Active
2026-09-02,2026,,Andre Jones,BUF,DE,59.0,Active
2026-09-02,2026,,Nick Martin,SF,LB,45.0,Inactive
2026-09-02,2026,,Jaquan Brisker,PIT,DB,3.0,Active
2026-09-02,2026,,Amon-Ra St. Brown,DET,WR,14.0,Active
2026-09-02,2026,00-0032697,Doug Middleton,SF,DB,48.0,Active
2026-09-02,2026,,Chris Oladokun,KC,QB,19.0,Inactive
2026-09-02,2026,,Dylan Drummond,ATL,WR,81.0,Active
2026-09-02,2026,,Landon Jackson,BUF,DL,94.0,Active
2026-09-02,2026,,Derrick Canteen,TEN,CB,42.0,Active
2026-09-02,2026,00-0034825,Arden Key,IND,DE,98.0,Active
2026-09-02,2026,,Cooper Beebe,DAL,OL,56.0,Active
2026-09-02,2026,,Cyrus Allen,KC,WR,13.0,Active
2026-09-02,2026,,Riq Woolen,PHI,DB,2.0,Active
2026-09-02,2026,,Coleman Owen,IND,WR,9.0,Inactive
2026-09-02,2026,,Ali Gaye,HOU,DE,95.0,Inactive
2026-09-02,2026,,Alex Forsyth,DEN,OL,54.0,Active
2026-09-02,2026, 00-0034675,Jessie Bates,ATL,DB,3.0,Active
2026-09-02,2026,00-0030648,Alejandro Villanueva,BAL,OT,78.0,Active
2026-09-02,2026,,Jeffrey M'ba,WAS,DL,60.0,Active
2026-09-02,2026, 00-0035600,Freedom Akinmoladun,NYJ,DE,61.0,Active
2026-09-02,2026,00-0033870,Solomon Thomas,TEN,DT,90.0,Active
2026-09-02,2026,,DJ Uiagalelei,LAC,QB,7.0,Active
2026-09-02,2026,,KT Leveston,CLE,OL,72.0,Active
2026-09-02,2026,,Quincy Riley,NO,CB,29.0,Active
2026-09-02,2026,,Trevor Keegan,MIN,OL,69.0,Active
2026-09-02,2026,,Ty Okada,SEA,DB,39.0,Active
2026-09-02,2026,,Derrick Harmon,PIT,DL,99.0,Active
2026-09-02,2026,,Ty Robinson,PHI,DT,95.0,Active
2026-09-02,2026,,Anthony Bradford,SEA,OL,75.0,Active
2026-09-02,2026,,Konata Mumpfield,LAR,WR,4.0,Active
2026-09-02,2026,,Luke Musgrave,GB,TE,88.0,Active
2026-09-02,2026,,Mani Powell,TEN,LB,49.0,Active
2026-09-02,2026,,Jaydn Ott,KC,RB,42.0,Active
2026-09-02,2026,,Marist Liufau,DAL,LB,35.0,Active
2026-09-02,2026,,Ashton Gillotte,KC,DE,97.0,Active
2026-09-02,2026,,Anthony Tyus,CAR,RB,34.0,Active
2026-09-02,2026,,Tyreke Smith,KC,DL,57.0,Active
2026-09-02,2026,,Logan Taylor,LAC,G,65.0,Active
2026-09-02,2026,,Liam McCullough,ATL,LS,49.0,Active
2026-09-02,2026,,Dee Winters,DAL,LB,53.0,Active
2026-09-02,2026,,Namdi Obiazor,NE,LB,48.0,Active
2026-09-02,2026,,Tonka Hemingway,LV,DT,97.0,Active
2026-09-02,2026,,Dameon Pierce,PHI,RB,39.0,Active
2026-09-02,2026, 00-0035409,Shy Tuttle,WAS,DT,79.0,Active
2026-09-02,2026,,Jacob Spomer,LAC,C,60.0,Active
2026-09-02,2026,,DeMonte Capehart,TB,DT,90.0,Active
2026-09-02,2026,00-0033132,Kevin Byard,NE,DB,31.0,Active
2026-09-02,2026,,Doneiko Slaughter,PIT,DB,19.0,Active
2026-09-02,2026,,Will Anderson,HOU,DL,51.0,Active
2026-09-02,2026,,Tyce Westland,DEN,DE,,Active
2026-09-02,2026,,Jordyn Brooks,MIA,LB,20.0,Active
2026-09-02,2026, 00-0034967,Rashan Gary,DAL,LB,7.0,Active
2026-09-02,2026,,Jordyn Tyson,NO,WR,0.0,Inactive
2026-09-02,2026,,MarShawn Lloyd,GB,RB,32.0,Active
2026-09-02,2026,,Cade Klubnik,NYJ,QB,10.0,Active
2026-09-02,2026,,Isaiah Foskey,CIN,DL,51.0,Active
2026-09-02,2026,,Cameron Dorner,NE,WR,88.0,Active
2026-09-02,2026,00-0033526,Samaje Perine,CIN,RB,34.0,Active
2026-09-02,2026,,Eli Cox,JAX,C,65.0,Active
2026-09-02,2026,,Cole Brevard,KC,DT,96.0,Active
2026-09-02,2026,,Caleb Tiernan,MIN,OT,78.0,Active
2026-09-02,2026,,Marcus Harris,TEN,DB,26.0,Active
2026-09-02,2026,,Max Iheanachor,PIT,OT,71.0,Active
2026-09-02,2026,00-0034264,Jalyn Holmes,TEN,DE,97.0,Active
2026-09-02,2026,,Dylan Parham,NYJ,OL,64.0,Active
2026-09-02,2026,,C.J. Okoye,NYG,DL,97.0,Active
2026-09-02,2026,,Nate Thomas,HOU,OL,78.0,Active
2026-09-02,2026,,Jaelan Phillips,CAR,LB,5.0,Active
2026-09-02,2026,,Garrett Williams,ARI,DB,21.0,Active
2026-09-02,2026,,Rayuan Lane,JAX,DB,25.0,Active
2026-09-02,2026,,Bryan Cook,CIN,DB,6.0,Active
2026-09-02,2026,,Jordan Waters,LAR,RB,32.0,Active
2026-09-02,2026,,Kene Nwangwu,NYJ,RB,3.0,Active
2026-09-02,2026,,Blake Miller,DET,OT,76.0,Active
2026-09-02,2026,,Daniel Rickert,LAR,DE,40.0,Inactive
2026-09-02,2026,,Keivie Rose,JAX,DL,97.0,Inactive
2026-09-02,2026,,Camden Brown,DAL,WR,6.0,Active
2026-09-02,2026,,Christian Elliss,NE,LB,53.0,Active
2026-09-02,2026,,Tylan Grable,BUF,OL,68.0,Active
2026-09-02,2026,,Jonah Monheim,JAX,OL,60.0,Active
2026-09-02,2026,,Jaylin Noel,HOU,WR,13.0,Active
2026-09-02,2026,,Tyrion Ingram-Dawkins,MIN,DE,90.0,Active
2026-09-02,2026,,Caleb Banks,MIN,DT,95.0,Active
2026-09-02,2026,,Nik Bonitto,DEN,LB,15.0,Active
2026-09-02,2026,00-0034277,DeShon Elliott,PIT,DB,25.0,Active
2026-09-02,2026,,Chazz Surratt,SEA,LB,44.0,Active
2026-09-02,2026,,LaCale London,ATL,DT,94.0,Active
2026-09-02,2026,,Kader Kohou,KC,CB,26.0,Active
2026-09-02,2026,,Pat Bryant,DEN,WR,13.0,Active
2026-09-02,2026,,Cole Kmet,CHI,TE,85.0,Active
2026-09-02,2026,,Aireontae Ersery,HOU,OL,79.0,Active
2026-09-02,2026,,Jahvaree Ritzie,MIN,DT,96.0,Active
2026-09-02,2026,,Ryan Langford,ARI,,0.0,Active
2026-09-02,2026,,Tetairoa McMillan,CAR,WR,4.0,Active
2026-09-02,2026,,Jaylin Simpson,MIA,DB,38.0,Active
2026-09-02,2026,,Maxwell Hairston,BUF,DB,31.0,Active
2026-09-02,2026,,Jake Andrews,HOU,OL,60.0,Active
2026-09-02,2026,,Blake Grupe,NYJ,K,4.0,Active
2026-09-02,2026,,Patrick Queen,PIT,LB,6.0,Active
2026-09-02,2026,,Omar Cooper,NYJ,WR,83.0,Active
2026-09-02,2026,00-0030092,Sam Martin,CAR,P,6.0,Active
2026-09-02,2026,,Rojesterman Farris,DEN,DB,39.0,Active
2026-09-02,2026,00-0030070,John Jenkins,BAL,DT,94.0,Active
2026-09-02,2026,,Jake Majors,PHI,OL,75.0,Active
2026-09-02,2026,,Nakobe Dean,LV,LB,17.0,Active
2026-09-02,2026,,Jarrian Jones,JAX,DB,4.0,Active
2026-09-02,2026,,Malik Heath,ATL,WR,86.0,Active
2026-09-02,2026,,Wesley Bailey,LAR,DL,47.0,Active
2026-09-02,2026,,Jacob Monk,GB,OL,62.0,Active
2026-09-02,2026,,Tyrice Knight,SEA,LB,48.0,Active
2026-09-02,2026,,Joshua Metellus,MIN,DB,44.0,Active
2026-09-02,2026,,Chandler Zavala,CAR,G,62.0,Active
2026-09-02,2026,,Johnny Walker,DEN,DE,59.0,Active
2026-09-02,2026,,Dante Stills,ARI,DT,55.0,Active
2026-09-02,2026,,Clark Phillips,CHI,CB,20.0,Active
2026-09-02,2026,,Nick Samac,MIN,C,62.0,Active
2026-09-02,2026, 00-0035144,Mack Wilson,ARI,LB,1.0,Active
2026-09-02,2026,,Ryan McCollum,PIT,C,62.0,Active
2026-09-02,2026,,Ben Yurosek,MIN,TE,85.0,Active
2026-09-02,2026,,Jordan Turner,DEN,LB,55.0,Active
2026-09-02,2026,00-0032569,Wil Lutz,DEN,K,3.0,Active
2026-09-02,2026,00-0030821,Allen Hurns,MIA,WR,8.0,Active
2026-09-02,2026,,Jaden Bradley,WAS,WR,86.0,Active
2026-09-02,2026,,Kristian Fulton,KC,CB,8.0,Active
2026-09-02,2026, 00-0035674,Jerry Tillery,IND,DT,94.0,Active
2026-09-02,2026,,Rashad Wisdom,TB,DB,38.0,Active
2026-09-02,2026,,Jared Ivey,ATL,DE,51.0,Active
2026-09-02,2026,,Bo Nix,DEN,QB,10.0,Active
2026-09-02,2026,00-0031588,Stefon Diggs,WAS,WR,3.0,Active
2026-09-02,2026,,Matt Waletzko,KC,OL,73.0,Inactive
2026-09-02,2026,,Kenny Gainwell,TB,RB,1.0,Active
2026-09-02,2026, 00-0035385,DeAndre Thompkins,GB,WR,6.0,Inactive
2026-09-02,2026,,Travis Etienne,NO,RB,3.0,Active
2026-09-02,2026,,Shawn Bowman,ARI,TE,49.0,Active
2026-09-02,2026,,Kansei Matsuzawa,LV,K,17.0,Active
2026-09-02,2026, 00-0035631,Drew Sample,CIN,TE,89.0,Active
2026-09-02,2026,00-0033901,Ethan Pocic,BAL,OL,77.0,Active
2026-09-02,2026,00-0034720,Robert Spillane,NE,LB,14.0,Active
2026-09-02,2026, 00-0034978,Ben Powers,DEN,G,74.0,Active
2026-09-02,2026,,Jay'Viar Suggs,NO,DT,62.0,Active
2026-09-02,2026,,Jacob Bayer,CIN,C,69.0,Active
2026-09-02,2026,,Ben Skowronek,PIT,WR,15.0,Active
2026-09-02,2026,,Keionte Scott,TB,DB,22.0,Active
2026-09-02,2026,,Stone Smartt,NO,TE,85.0,Active
2026-09-02,2026,,Bryan Hudson,NYG,OL,60.0,Active
2026-09-02,2026,,Miles Frazier,DET,OG,71.0,Active
2026-09-02,2026,,Vinny Anthony,ATL,WR,86.0,Active
2026-09-02,2026,,Frank Crum,DEN,OT,73.0,Active
2026-09-02,2026,,Jon Runyan,NYG,G,76.0,Active
2026-09-02,2026, 00-0035125,Alec Ingold,LAC,FB,30.0,Active
2026-09-02,2026,,Robert Burns,CHI,FB,45.0,Active
2026-09-02,2026,,Matt Gulbin,WAS,OL,66.0,Active
2026-09-02,2026,00-0033872,Jamal Adams,MIN,SS,32.0,Inactive
2026-09-02,2026,,Elijah Molden,LAC,CB,2.0,Active
2026-09-02,2026,,CJ Dippre,TB,TE,82.0,Active
2026-09-02,2026,,Chris Paul,WAS,OL,75.0,Active
2026-09-02,2026,,Joe Tippmann,NYJ,OL,66.0,Active
2026-09-02,2026,,James Thompson,SF,DT,75.0,Active
2026-09-02,2026,,Tyjae Spears,TEN,RB,2.0,Active
2026-09-02,2026,,Rasheen Ali,BAL,RB,26.0,Active
2026-09-02,2026,,Chigozie Anusiem,LV,CB,29.0,Inactive
2026-09-02,2026,,Kyle Monangai,CHI,RB,25.0,Active
2026-09-02,2026,,A.J. Green,MIA,CB,24.0,Active
2026-09-02,2026,,Ronnie Rivers,LAR,RB,20.0,Active
2026-09-02,2026,00-0031360,Kyle Van Noy,MIN,LB,53.0,Active
2026-09-02,2026,,Roy Lopez,ARI,DT,51.0,Active
2026-09-02,2026,,Michael Briscoe,MIN,WR,6.0,Active
2026-09-02,2026,,Junior Tafuna,HOU,DT,62.0,Active
2026-09-02,2026,,Messiah Swinson,CLE,TE,43.0,Active
2026-09-02,2026,00-0030443,Levine Toilolo,NYG,TE,85.0,Inactive
2026-09-02,2026,,Matthew Caldwell,LAR,QB,2.0,Inactive
2026-09-02,2026,,Jaylen McCollough,LAR,DB,2.0,Active
2026-09-02,2026,,Scott Matlock,LAC,DT,44.0,Inactive
2026-09-02,2026,,Anthony Kendall,BUF,CB,30.0,Active
2026-09-02,2026,00-0033548,Chidobe Awuzie,BAL,CB,3.0,Active
2026-09-02,2026,,Luke Tenuta,IND,OL,67.0,Active
2026-09-02,2026, 00-0035588,Garrett Bradbury,CHI,C,67.0,Active
2026-09-02,2026,,Spencer Anderson,PIT,OL,74.0,Active
2026-09-02,2026,,Upton Stout,SF,CB,20.0,Active
2026-09-02,2026,,Jakob Robinson,SF,CB,43.0,Active
2026-09-02,2026,,Barion Brown,NO,WR,19.0,Active
2026-09-02,2026,,Rasheed Miller,TEN,OL,62.0,Active
2026-09-02,2026,,Beaux Limmer,LAR,OL,50.0,Active
2026-09-02,2026,,Jer'Zhan Newton,WAS,DL,95.0,Inactive
2026-09-02,2026,00-0034173,Eddy Pineiro,SF,K,18.0,Active
2026-09-02,2026,,Jonathan Garvin,CHI,LB,57.0,Inactive
2026-09-02,2026,,Khristian Boyd,NO,DL,97.0,Active
2026-09-02,2026,,Emmett Johnson,KC,RB,10.0,Active
2026-09-02,2026,,Zaven Collins,ARI,LB,25.0,Active
2026-09-02,2026,,Nick Andersen,LAR,DB,45.0,Active
2026-09-02,2026,,Jaylin Smith,HOU,CB,22.0,Active
2026-09-02,2026,,Brian Thomas,JAX,WR,7.0,Active
2026-09-02,2026,,Jalen Pitre,HOU,DB,5.0,Active
2026-09-02,2026,,Desjuan Johnson,LAR,DT,94.0,Active
2026-09-02,2026,,Calen Bullock,HOU,DB,2.0,Active
2026-09-02,2026,,James Brockermeyer,ATL,C,66.0,Active
2026-09-02,2026, 00-0035685,David Montgomery,HOU,RB,32.0,Active
2026-09-02,2026, 00-0035727,Durval Queiroz Neto,MIA,G,69.0,Active
2026-09-02,2026, 00-0035258,Hjalte Froholdt,ARI,G,72.0,Active
2026-09-02,2026,,Kayden McDonald,HOU,DL,93.0,Active
2026-09-02,2026,,Warren McClendon,LAR,OL,71.0,Active
2026-09-02,2026,00-0031387,Eric Ebron,PIT,TE,85.0,Inactive
2026-09-02,2026,,Byron Murphy,SEA,DL,91.0,Active
2026-09-02,2026,,Ben Brown,NE,OG,77.0,Active
2026-09-02,2026,,Bryan Thomas,JAX,DE,57.0,Active
2026-09-02,2026, 00-0035298,Scotty Miller,CHI,WR,35.0,Active
2026-09-02,2026,,Darius Cooper,PHI,WR,80.0,Active
2026-09-02,2026,,Jack Jones,SF,DB,24.0,Active
2026-09-02,2026,,Milo Eifler,TEN,LB,45.0,Inactive
2026-09-02,2026,,Darrell Luter,LV,CB,25.0,Active
2026-09-02,2026,,Jonathon Brooks,CAR,RB,25.0,Active
2026-09-02,2026,,Daiyan Henley,LAC,LB,0.0,Active
2026-09-02,2026,00-0034577,Kyle Allen,BUF,QB,11.0,Active
2026-09-02,2026,,Kenny Dyson,MIN,LB,55.0,Inactive
2026-09-02,2026,,Tory Horton,SEA,WR,15.0,Active
2026-09-02,2026,,James Hudson,TEN,OT,59.0,Active
2026-09-02,2026,,Dylan Sampson,CLE,RB,22.0,Active
2026-09-02,2026, 00-0035642,Josh Hines-Allen,JAX,DE,41.0,Active
2026-09-02,2026,,Bryce Phillips,MIN,DB,28.0,Active
2026-09-02,2026,,Tristan Wirfs,TB,T,78.0,Active
2026-09-02,2026, 00-0035688,Trey Pipkins,LAC,T,79.0,Active
2026-09-02,2026,,Kohl Levao,NYJ,OL,60.0,Active
2026-09-02,2026,,Jaylen Watson,LAR,DB,35.0,Active
2026-09-02,2026,,Kitan Crawford,ARI,DB,36.0,Active
2026-09-02,2026,,Ayden Garnes,TB,DB,24.0,Active
2026-09-02,2026,,SirVocea Dennis,TB,LB,8.0,Active
2026-09-02,2026,,Jake Golday,MIN,LB,41.0,Active
2026-09-02,2026,,Abdul Carter,NYG,DL,3.0,Active
2026-09-02,2026,00-0033269,Rigoberto Sanchez,IND,P,8.0,Active
2026-09-02,2026,,Dane Key,DEN,WR,32.0,Active
2026-09-02,2026,,Carson Vinson,BAL,OT,76.0,Active
2026-09-02,2026,00-0033589,David Moore,CAR,WR,83.0,Active
2026-09-02,2026,,Ja'seem Reed,CAR,WR,86.0,Active
2026-09-02,2026,00-0030572,D.J. Hayden,WAS,CB,14.0,Active
2026-09-02,2026,,J.C. Davis,NYG,OT,74.0,Active
2026-09-02,2026,,Terrell Burgess,TEN,DB,38.0,Active
2026-09-02,2026,,Tommy Doman,BUF,P,39.0,Active
2026-09-02,2026,,Caedan Wallace,MIA,OL,75.0,Active
2026-09-02,2026,00-0032071,Trent Brown,HOU,OL,77.0,Active
2026-09-02,2026,,Jalon Daniels,TB,QB,10.0,Active
2026-09-02,2026,,Heath Harding,ATL,CB,24.0,Active
2026-09-02,2026,,Tyreek Chappell,MIN,CB,28.0,Inactive
2026-09-02,2026,,Josh Jones,SEA,OL,74.0,Active
2026-09-02,2026,,Dylan Fairchild,CIN,OL,63.0,Active
2026-09-02,2026,,Jelani Woods,NYJ,TE,86.0,Active
2026-09-02,2026,00-0033055,Jalen Ramsey,PIT,CB,5.0,Active
2026-09-02,2026,,DJ Ivey,CIN,CB,38.0,Active
2026-09-02,2026,,Chau Smith-Wade,CAR,DB,26.0,Active
2026-09-02,2026,,Miami Dolphins,MIA,DEF,,
2026-09-02,2026,00-0031330,Morgan Moses,NE,OL,76.0,Active
2026-09-02,2026,00-0031071,Caraun Reid,LAC,DT,77.0,Active
2026-09-02,2026,,Tycen Anderson,DEN,DB,6.0,Active
2026-09-02,2026,,Reggie Virgil,ARI,WR,82.0,Active
2026-09-02,2026,,Kindle Vildor,NE,DB,28.0,Active
2026-09-02,2026,,Ethan Onianwa,ATL,G,75.0,Active
2026-09-02,2026,,Damone Clark,DET,LB,11.0,Inactive
2026-09-02,2026,,Charlie Woerner,ATL,TE,89.0,Active
2026-09-02,2026,,Quintayvious Hutchins,NE,DE,45.0,Active
2026-09-02,2026,,Gunnar Helm,TEN,TE,84.0,Active
2026-09-02,2026,,Donovan McMillon,CLE,DB,31.0,Active
2026-09-02,2026,,Rashod Bateman,BAL,WR,7.0,Active
2026-09-02,2026,,Kyler Gordon,CHI,DB,6.0,Active
2026-09-02,2026,,Darren Hall,ATL,CB,41.0,Inactive
2026-09-02,2026, 00-0035386,T.J. Edwards,CHI,LB,53.0,Active
2026-09-02,2026,,Sauce Gardner,IND,DB,1.0,Active
2026-09-02,2026, 00-0035149,Nick Allegretti,WAS,G,67.0,Active
2026-09-02,2026,,Jacoby Jones,WAS,WR,84.0,Inactive
2026-09-02,2026,,Cole Burgess,PIT,WR,85.0,Inactive
2026-09-02,2026,,Dallen Bentley,DEN,TE,89.0,Active
2026-09-02,2026,,Khordae Sydnor,CLE,DL,90.0,Active
2026-09-02,2026,,Olu Oluwatimi,SEA,C,55.0,Active
2026-09-02,2026,,Elijah Klein,DET,OG,79.0,Active
2026-09-02,2026,,Nolan Smith,PHI,LB,3.0,Active
2026-09-02,2026,,Kenneth Harris,IND,CB,29.0,Active
2026-09-02,2026,00-0034828,Harold Landry,NE,LB,2.0,Active
2026-09-02,2026, 00-0035659,Terry McLaurin,WAS,WR,17.0,Active
2026-09-02,2026,,Aiden Fisher,HOU,LB,59.0,Active
2026-09-02,2026,,Brandon Coleman,WAS,OL,74.0,Active
2026-09-02,2026, 00-0035202,Del'Shawn Phillips,LAC,LB,53.0,Active
2026-09-02,2026,,Jaylen Reed,NE,DB,23.0,Active
2026-09-02,2026,00-0033293,Aaron Jones,MIN,RB,33.0,Active
2026-09-02,2026,00-0030615,James Winchester,KC,LS,41.0,Active
2026-09-02,2026,00-0033785,Zach Banner,PIT,T,72.0,Active
2026-09-02,2026,00-0031576,Za'Darius Smith,ATL,LB,91.0,Active
2026-09-02,2026,00-0034775,Christian Kirk,SF,WR,3.0,Inactive
2026-09-02,2026,,Joey Porter,PIT,DB,24.0,Active
2026-09-02,2026,,Dylan Horton,HOU,DL,92.0,Inactive
2026-09-02,2026,,Kaleb Elarms-Orr,BUF,LB,52.0,Active
2026-09-02,2026,,Raheim Sanders,CLE,RB,35.0,Active
2026-09-02,2026,,AJ Henning,MIA,WR,88.0,Active
2026-09-02,2026,,Braden Mann,PHI,P,10.0,Active
2026-09-02,2026,,Jalen Coker,CAR,WR,18.0,Active
2026-09-02,2026,,Eric Rivers,TB,WR,83.0,Active
2026-09-02,2026,,Mason Miller,DET,OL,63.0,Active
2026-09-02,2026,,Parker Petersen,CAR,DT,69.0,Active
2026-09-02,2026,00-0033307,Kendrick Bourne,ARI,WR,17.0,Active
2026-09-02,2026,,Jayden Williams,ARI,OL,66.0,Active
2026-09-02,2026,,Jeremiah Wright,NO,G,65.0,Active
2026-09-02,2026,,Mason Taylor,NYJ,TE,85.0,Active
2026-09-02,2026,,Cam Skattebo,NYG,RB,44.0,Active
2026-09-02,2026,,Jarrick Bernard-Converse,NYG,CB,35.0,Inactive
2026-09-02,2026,00-0034381,Josh Sweat,ARI,DE,10.0,Active
2026-09-02,2026,,Xavier Hutchinson,HOU,WR,19.0,Active
2026-09-02,2026,,Tucker Addington,MIA,LS,46.0,Active
2026-09-02,2026, 00-0035359,David Sills,TB,WR,80.0,Active
2026-09-02,2026,,DeeJay Dallas,MIN,RB,20.0,Active
2026-09-02,2026,,Ji'Ayir Brown,SF,DB,27.0,Active
2026-09-02,2026,,Zion Washington,CLE,DB,34.0,Active
2026-09-02,2026,,Jordan Whittington,LAR,WR,88.0,Active
2026-09-02,2026,,Ashtyn Davis,SF,DB,24.0,Active
2026-09-02,2026,00-0034421,Peter Kalambayi,GB,LB,43.0,Active
2026-09-02,2026,,Kingsley Suamataia,KC,OL,76.0,Active
2026-09-02,2026,,Matt Hennessy,DAL,OL,72.0,Inactive
2026-09-02,2026,00-0034302,Frankie Luvu,WAS,LB,4.0,Active
2026-09-02,2026,,Pat Surtain,DEN,CB,2.0,Active
2026-09-02,2026,,Daequan Hardy,PIT,CB,31.0,Inactive
2026-09-02,2026,00-0034721,Corey Bojorquez,CLE,P,13.0,Active
2026-09-02,2026,,Drew Kendall,PHI,C,66.0,Active
2026-09-02,2026,00-0034365,Ian Thomas,LV,TE,80.0,Active
2026-09-02,2026,,Barry Wesley,NO,OL,69.0,Inactive
2026-09-02,2026,,Isaiah Adams,ARI,OL,74.0,Active
2026-09-02,2026,,Tank Bigsby,PHI,RB,8.0,Active
2026-09-02,2026,,Trenton Simpson,BAL,LB,32.0,Active
2026-09-02,2026,00-0034320,Kentavius Street,CHI,DT,93.0,Active
2026-09-02,2026,,Jadon Canady,KC,CB,22.0,Active
2026-09-02,2026,,Detroit Lions,DET,DEF,,
2026-09-02,2026,,Mike Hall,CLE,DT,51.0,Active
2026-09-02,2026,,Mitch Van Vooren,DAL,WR,80.0,Active
2026-09-02,2026,,Zavion Thomas,CHI,WR,81.0,Active
2026-09-02,2026,,AJ Barner,SEA,TE,88.0,Active
2026-09-02,2026,,Carson Towt,IND,TE,45.0,Inactive
2026-09-02,2026,00-0034437,Logan Cooke,JAX,P,9.0,Active
2026-09-02,2026,00-0032222,D.J. Humphries,WAS,OL,79.0,Active
2026-09-02,2026,,J'Mari Taylor,JAX,RB,30.0,Active
2026-09-02,2026,00-0034807,Ogbo Okoronkwo,SF,LB,59.0,Active
2026-09-02,2026,,Buffalo Bills,BUF,DEF,,
2026-09-02,2026,,Isaiah Rodgers,MIN,CB,2.0,Active
2026-09-02,2026,,Xavier Williams,TB,DB,26.0,Inactive
2026-09-02,2026,,Kendre Miller,NO,RB,5.0,Active
2026-09-02,2026,,Joshua Palmer,BUF,WR,5.0,Active
2026-09-02,2026,00-0033676,Elijah Wilkinson,ARI,OL,65.0,Active
2026-09-02,2026,,Cameron Ball,IND,DT,64.0,Active
2026-09-02,2026,,Willie Lampkin,PHI,OL,61.0,Active
2026-09-02,2026,,Aidan Hutchinson,DET,DL,97.0,Active
2026-09-02,2026,,Dillon Thieneman,CHI,DB,31.0,Active
2026-09-02,2026,,Xavier Watts,ATL,DB,31.0,Active
2026-09-02,2026,,Kalen King,ARI,CB,35.0,Active
2026-09-02,2026,,Rhamondre Stevenson,NE,RB,38.0,Active
2026-09-02,2026,,Christian Jones,CHI,OL,75.0,Active
2026-09-02,2026,,Kyle Williams,NE,WR,18.0,Active
2026-09-02,2026,,Tacario Davis,CIN,CB,20.0,Active
2026-09-02,2026,00-0033112,Temarrick Hemingway,WAS,TE,88.0,Active
2026-09-02,2026,,Ivan Pace,MIN,LB,0.0,Active
2026-09-02,2026,,Josh Blackwell,CHI,CB,39.0,Active
2026-09-02,2026,,Derrick Brown,CAR,DT,95.0,Active
2026-09-02,2026,,Jaylan Ford,NO,LB,53.0,Active
2026-09-02,2026,,Byron Young,PHI,DL,94.0,Active
2026-09-02,2026, 00-0035373,Connor Strachan,HOU,LB,53.0,Active
2026-09-02,2026, 00-0035408,Nick Moore,BAL,LS,46.0,Active
2026-09-02,2026,,Keith Butler,SEA,LB,0.0,Active
2026-09-02,2026,,Kyren Williams,LAR,RB,23.0,Active
2026-09-02,2026,,Philadelphia Eagles,PHI,DEF,,
2026-09-02,2026,,Romeo Doubs,NE,WR,87.0,Active
2026-09-02,2026,,Hassan Haskins,NE,RB,26.0,Active
2026-09-02,2026,,Quan Martin,WAS,DB,20.0,Active
2026-09-02,2026,,Joshua Ezeudu,KC,OL,73.0,Active
2026-09-02,2026,00-0032950,Carson Wentz,MIN,QB,11.0,Active
2026-09-02,2026,,Andrew Thomas,NYG,T,78.0,Active
2026-09-02,2026,,Graham Mertz,HOU,QB,18.0,Inactive
2026-09-02,2026,,Pat Freiermuth,PIT,TE,88.0,Active
2026-09-02,2026,,Dareke Young,LV,WR,81.0,Active
2026-09-02,2026,,Keion White,SF,DL,56.0,Active
2026-09-02,2026,,Reed Blankenship,HOU,DB,6.0,Active
2026-09-02,2026,,Emari Demercado,DAL,RB,31.0,Active
2026-09-02,2026,,Noah Sewell,CHI,LB,44.0,Active
2026-09-02,2026,,Jimto Obidegwu,JAX,OL,62.0,Active
2026-09-02,2026,,Daniel Scott,IND,DB,32.0,Active
2026-09-02,2026,,Marcellus Johnson,DAL,OL,79.0,Active
2026-09-02,2026,00-0034287,Kendall Donnerson,CAR,DE,76.0,Inactive
2026-09-02,2026,,Korie Black,NYG,CB,38.0,Active
2026-09-02,2026,,Jacob Roberts,MIN,LB,48.0,Inactive
2026-09-02,2026,,Trevin Wallace,NYJ,LB,49.0,Active
2026-09-02,2026,,Garrett Scantling,ATL,WR,89.0,Active
2026-09-02,2026,,Dillon Gabriel,CLE,QB,6.0,Inactive
2026-09-02,2026,,Kei'Trel Clark,ARI,DB,13.0,Active
2026-09-02,2026,00-0034234,Poona Ford,LAR,DT,97.0,Active
2026-09-02,2026,,Josh Whyle,GB,TE,81.0,Active
2026-09-02,2026,,Shaka Heyward,CIN,LB,50.0,Active
2026-09-02,2026,,Travis Vokolek,ARI,TE,81.0,Active
2026-09-02,2026,,Malik Willis,MIA,QB,2.0,Active
2026-09-02,2026,00-0034333,Daron Payne,WAS,DT,94.0,Active
2026-09-02,2026,,Sione Vaki,DET,RB,33.0,Active
2026-09-02,2026,,Jaylen Warren,PIT,RB,30.0,Active
2026-09-02,2026,,Spencer Rattler,NO,QB,2.0,Active
2026-09-02,2026,,Nick Dawkins,BAL,OL,53.0,Active
2026-09-02,2026,,Chauncey Golston,NYG,DE,57.0,Active
2026-09-02,2026,,Ty Chandler,NO,RB,32.0,Inactive
2026-09-02,2026,,Jalen Stroman,SF,DB,38.0,Active
2026-09-02,2026, 00-0035289,Gardner Minshew,ARI,QB,15.0,Active
2026-09-02,2026,,San Francisco 49ers,SF,DEF,,
2026-09-02,2026,,Damarri Mathis,CLE,DB,37.0,Inactive
2026-09-02,2026, 00-0035264,Jarrett Stidham,DEN,QB,8.0,Active
2026-09-02,2026,,Javin Wright,TB,LB,48.0,Active
2026-09-02,2026,,Kyle McCord,MIA,QB,18.0,Active
2026-09-02,2026,,Neville Gallimore,CHI,DT,90.0,Active
2026-09-02,2026,,Xavier Legette,CAR,WR,17.0,Active
2026-09-02,2026,,Carson Steele,PHI,RB,34.0,Active
2026-09-02,2026,,Jaylon Johnson,CHI,DB,1.0,Active
2026-09-02,2026,,Kiko Mauigoa,NYJ,LB,51.0,Active
2026-09-02,2026,,Keon Coleman,BUF,WR,0.0,Active
2026-09-02,2026,,Anthony Campbell,GB,DT,60.0,Active
2026-09-02,2026,,Justin Shorter,LV,WR,88.0,Inactive
2026-09-02,2026,,Keldric Faulk,TEN,DL,15.0,Active
2026-09-02,2026,,Akeem Davis-Gaither,IND,LB,51.0,Active
2026-09-02,2026,,Frank Gore,BUF,RB,20.0,Active
2026-09-02,2026,,Tanner Koziol,JAX,TE,88.0,Active
2026-09-02,2026,,Jake Briningstool,KC,TE,88.0,Active
2026-09-02,2026, 00-0035644,Noah Fant,NO,TE,87.0,Active
2026-09-02,2026,,Quinn Ewers,JAX,QB,10.0,Active
2026-09-02,2026,,Foster Sarell,HOU,T,70.0,Active
2026-09-02,2026,,Jackie Marshall,TEN,DE,96.0,Active
2026-09-02,2026,,Christian Mahogany,DET,OL,73.0,Active
2026-09-02,2026,,Percy Butler,WAS,DB,35.0,Active
2026-09-02,2026,,Justin Eboigbe,LAC,DL,92.0,Active
2026-09-02,2026,,Kamren Kinchens,LAR,DB,5.0,Active
2026-09-02,2026,,Brandon Pili,SEA,DT,95.0,Active
2026-09-02,2026,00-0034487,Trent Sherfield,BUF,WR,81.0,Active
2026-09-02,2026,,Chase Brown,CIN,RB,30.0,Active
2026-09-02,2026, 00-0035316,Kaden Elliss,NO,LB,55.0,Active
2026-09-02,2026,,Bo Melton,GB,WR,16.0,Active
2026-09-02,2026,,Colbie Young,CIN,WR,86.0,Active
2026-09-02,2026,,Elijah Arroyo,SEA,TE,18.0,Active
2026-09-02,2026,,Ameer Speed,DAL,CB,39.0,Active
2026-09-02,2026,,Glen Coffee,SF,RB,29.0,Active
2026-09-02,2026,,Otito Ogbonnia,DAL,DL,91.0,Active
2026-09-02,2026, 00-0035713,Brian Burns,NYG,DE,0.0,Active
2026-09-02,2026,,Ja'Quinden Jackson,PHI,RB,45.0,Inactive
2026-09-02,2026,00-0032146,Bud Dupree,LAC,LB,48.0,Active
2026-09-02,2026,00-0034753,Mark Andrews,BAL,TE,89.0,Active
2026-09-02,2026,,Jayden Higgins,HOU,WR,81.0,Inactive
2026-09-02,2026,,Tylan Wallace,CLE,WR,16.0,Active
2026-09-02,2026,,Michael Wortham,JAX,WR,0.0,Active
2026-09-02,2026,,Garrett Nussmeier,KC,QB,14.0,Active
2026-09-02,2026,,Gracen Halton,SF,DT,93.0,Active
2026-09-02,2026,,Duplicate Player,CHI,WR,37.0,Inactive
2026-09-02,2026,,Calijah Kancey,TB,DL,94.0,Active
2026-09-02,2026,,Colson Yankoff,WAS,TE,80.0,Active
2026-09-02,2026,,Kentrel Bullock,CIN,RB,31.0,Active
2026-09-02,2026,00-0032392,Austin Hooper,ATL,TE,81.0,Active
2026-09-02,2026,,Justin Jefferson,MIN,WR,18.0,Active
2026-09-02,2026,,Ka'ena De Cambra,HOU,C,62.0,Active
2026-09-02,2026,,JuJu Brents,MIA,DB,8.0,Active
2026-09-02,2026, 00-0035276,Blake Cashman,MIN,LB,51.0,Active
2026-09-02,2026,,Cody Lindenberg,LV,LB,55.0,Active
2026-09-02,2026,,Tyrell Shavers,BUF,WR,14.0,Active
2026-09-02,2026, 00-0035378,Andrew Wingard,ARI,DB,27.0,Active
2026-09-02,2026, 00-0034941,Mitch Wishnowsky,NE,P,19.0,Active
2026-09-02,2026,,Cam'Ron Stewart,MIN,LB,49.0,Active
2026-09-02,2026, 00-0035286,Cole Holcomb,PIT,LB,55.0,Active
2026-09-02,2026,,Jose Ramirez,NE,DL,43.0,Active
2026-09-02,2026,,Stone Forsythe,CAR,T,73.0,Active
2026-09-02,2026,,Caleb Lomu,NE,OT,74.0,Active
2026-09-02,2026,,Jaylon Jones,IND,DB,40.0,Active
2026-09-02,2026,,Keir Thomas,LAR,DE,11.0,Inactive
2026-09-02,2026,,Joe Alt,LAC,OL,76.0,Active
2026-09-02,2026,,Mekhi Wingo,DET,DT,94.0,Active
2026-09-02,2026,,Russ Yeast,CIN,DB,39.0,Active
2026-09-02,2026,,Michael Woods,DEN,WR,30.0,Inactive
2026-09-02,2026,,Beau Gardner,CHI,LS,45.0,Active
2026-09-02,2026,,Ja'Tavion Sanders,CAR,TE,0.0,Active
2026-09-02,2026,,Dillon Radunz,NO,OL,77.0,Inactive
2026-09-02,2026,,Andy Borregales,NE,K,36.0,Active
2026-09-02,2026,,Josh Gesky,DET,G,76.0,Active
2026-09-02,2026,,Monroe Freeling,CAR,OT,57.0,Active
2026-09-02,2026,00-0034789,Minkah Fitzpatrick,NYJ,DB,29.0,Active
2026-09-02,2026,,Tanner McKee,PHI,QB,16.0,Active
2026-09-02,2026,00-0034798,Durham Smythe,BAL,TE,80.0,Active
2026-09-02,2026,,Victor Dimukeje,SF,LB,96.0,Inactive
2026-09-02,2026,,Alontae Taylor,TEN,DB,24.0,Active
2026-09-02,2026, 00-0035363,Joe Giles-Harris,CIN,LB,43.0,Active
2026-09-02,2026,,Corey Thornton,CAR,CB,31.0,Active
2026-09-02,2026,,Quentin Johnston,LAC,WR,1.0,Active
2026-09-02,2026,,Tykee Smith,TB,DB,23.0,Active
2026-09-02,2026,,Jaylon Moore,KC,OL,77.0,Active
2026-09-02,2026,,Caleb Ransaw,JAX,DB,27.0,Active
2026-09-02,2026,,Tommy Townsend,TEN,P,3.0,Active
2026-09-02,2026,,Christian Gonzalez,NE,DB,0.0,Active
2026-09-02,2026,,Cameron Sample,ATL,DE,69.0,Active
2026-09-02,2026,,Dalton Tucker,IND,OL,68.0,Active
2026-09-02,2026,,New York Giants,NYG,DEF,,
2026-09-02,2026,,Nicholas Singleton,TEN,RB,32.0,Active
2026-09-02,2026,00-0034793,Quentin Poling,NO,LB,52.0,Inactive
2026-09-02,2026,,Paulson Adebo,NYG,CB,21.0,Active
2026-09-02,2026,,Deone Walker,BUF,DT,96.0,Active
2026-09-02,2026,,Garret Wallow,SF,LB,49.0,Active
2026-09-02,2026,,Josh Sills,IND,OL,66.0,Active
2026-09-02,2026,,Eku Leota,ARI,LB,54.0,Active
2026-09-02,2026, 00-0035045,D.J. Montgomery,IND,WR,2.0,Inactive
2026-09-02,2026,,Isaiah Bond,CLE,WR,0.0,Active
2026-09-02,2026,,Tennessee Titans,TEN,DEF,,
2026-09-02,2026,,Doug Nester,PIT,OL,72.0,Active
2026-09-02,2026,00-0034473,Dennis Gardeck,JAX,LB,47.0,Active
2026-09-02,2026,,Riley Nowakowski,PIT,TE,37.0,Active
2026-09-02,2026,,Drake Dabney,GB,TE,49.0,Active
2026-09-02,2026,,Kelee Ringo,PHI,DB,7.0,Active
2026-09-02,2026,00-0034091,George Odum,HOU,DB,36.0,Active
2026-09-02,2026,00-0033941,Rayshawn Jenkins,PIT,DB,31.0,Active
2026-09-02,2026,,Jermaine Johnson,TEN,LB,11.0,Active
2026-09-02,2026,,Jeremiah Trotter,PHI,LB,54.0,Active
2026-09-02,2026,,Zack Baun,PHI,LB,53.0,Active
2026-09-02,2026,,Micah Simon,CAR,WR,81.0,Active
2026-09-02,2026,,Adonai Mitchell,NYJ,WR,15.0,Active
2026-09-02,2026,,Zach Frazier,PIT,OL,54.0,Active
2026-09-02,2026,,Hayden Rucci,JAX,TE,83.0,Active
2026-09-02,2026,,K'Lavon Chaisson,WAS,LB,45.0,Active
2026-09-02,2026,00-0033066,Andrew Billings,ARI,DT,95.0,Active
2026-09-02,2026,00-0033051,David Onyemata,NYJ,DT,93.0,Active
2026-09-02,2026,,Junior Colson,LAC,LB,25.0,Active
2026-09-02,2026,,Roger McCreary,DET,DB,21.0,Active
2026-09-02,2026,,Nadame Tucker,LAC,DE,56.0,Active
2026-09-02,2026,,Jeremiah Owusu-Koramoah,CLE,LB,6.0,Active
2026-09-02,2026,,Daniel Hardy,CHI,LB,92.0,Active
2026-09-02,2026,,Myles Murphy,CIN,DL,99.0,Active
2026-09-02,2026,,Keshawn Banks,ATL,LB,59.0,Inactive
2026-09-02,2026,,TeRah Edwards,CAR,DL,93.0,Active
2026-09-02,2026,,Germie Bernard,PIT,WR,17.0,Active
2026-09-02,2026,,Ahmed Hassanein,DET,DE,99.0,Active
2026-09-02,2026,,Duplicate Player,DAL,DB,30.0,Inactive
2026-09-02,2026,,JL Skinner,DEN,DB,34.0,Active
2026-09-02,2026, 00-0035669,Nick Scott,CAR,DB,21.0,Active
2026-09-02,2026,,Derrick Kelly II,NO,,0.0,Active
2026-09-02,2026,00-0034782,Harrison Phillips,NYJ,DT,97.0,Active
2026-09-02,2026,,Kitan Oladapo,GB,DB,27.0,Active
2026-09-02,2026,,DJ Giddens,IND,RB,21.0,Active
2026-09-02,2026,,Jordan James,SF,RB,29.0,Active
2026-09-02,2026, 00-0035632,Amani Hooker,TEN,DB,37.0,Active
2026-09-02,2026,,Kamal Hadden,GB,DB,36.0,Active
2026-09-02,2026,,Chris Olave,NO,WR,12.0,Active
2026-09-02,2026,,Cam Jones,KC,LB,45.0,Active
2026-09-02,2026,,Mike Washington,LV,RB,30.0,Active
2026-09-02,2026, 00-0035345,Chris Myarick,LV,TE,41.0,Active
2026-09-02,2026,,Kai Kroeger,HOU,P,38.0,Active
2026-09-02,2026,00-0034857,Josh Allen,BUF,QB,17.0,Active
2026-09-02,2026, 00-0035355,Blake Hance,LAR,OG,72.0,Active
2026-09-02,2026, 00-0034939,Ryan Bee,ARI,DE,96.0,Active
2026-09-02,2026,,Jackson Meeks,DET,TE,13.0,Active
2026-09-02,2026,,Quentin Lake,LAR,DB,37.0,Active
2026-09-02,2026,,Nick Barrett,LAC,DT,91.0,Active
2026-09-02,2026,,Talanoa Hufanga,DEN,DB,9.0,Active
2026-09-02,2026,,Charles Grant,LV,OL,60.0,Active
2026-09-02,2026,,Walker Little,JAX,T,72.0,Active
2026-09-02,2026,,Al Riles,IND,WR,3.0,Active
2026-09-02,2026,,Carson Schwesinger,CLE,LB,49.0,Active
2026-09-02,2026,,Febechi Nwaiwu,HOU,OL,64.0,Active
2026-09-02,2026,00-0025565,Nick Folk,ATL,K,6.0,Active
2026-09-02,2026,,Amari Henderson,MIN,CB,36.0,Active
2026-09-02,2026,00-0024270,Andrew Whitworth,LAR,OL,77.0,Active
2026-09-02,2026,,Tre Brown,NYJ,CB,30.0,Inactive
2026-09-02,2026,,Josh Downs,IND,WR,2.0,Active
2026-09-02,2026,,Anthony Gould,IND,WR,6.0,Active
2026-09-02,2026,,Wynton McManis,MIA,LB,48.0,Active
2026-09-02,2026,,Kylen Granson,TEN,TE,86.0,Active
2026-09-02,2026,,Kalel Mullings,TEN,RB,31.0,Active
2026-09-02,2026,,Jack Kelly,NYG,LB,51.0,Active
2026-09-02,2026,,David Martin-Robinson,TEN,TE,88.0,Active
2026-09-02,2026,00-0032599,Joshua Perkins,NYJ,TE,89.0,Active
2026-09-02,2026,,Khalil Dorsey,DET,CB,30.0,Active
2026-09-02,2026,,Isaiah Pola-Mao,LV,DB,20.0,Active
2026-09-02,2026,,Dean Connors,LAR,RB,33.0,Active
2026-09-02,2026,,Deommodore Lenoir,SF,DB,2.0,Active
2026-09-02,2026, 00-0035537,Ty Johnson,BUF,RB,26.0,Active
2026-09-02,2026,,Brandon Aiyuk,SF,WR,11.0,Active
2026-09-02,2026,,Connor Hulstein,NYJ,TE,49.0,Inactive
2026-09-02,2026,,Grant Stuard,LAR,LB,44.0,Active
2026-09-02,2026,,Tyler Booker,DAL,OL,52.0,Active
2026-09-02,2026,,Jimmy Rolder,DET,LB,41.0,Active
2026-09-02,2026,00-0034278,Tremon Smith,HOU,DB,11.0,Active
2026-09-02,2026,,LeQuint Allen,JAX,RB,5.0,Active
2026-09-02,2026,,Derrick Moore,DET,DE,9.0,Active
2026-09-02,2026,,Zay Flowers,BAL,WR,4.0,Active
2026-09-02,2026,,Eric Butler,NE,DB,30.0,Inactive
2026-09-02,2026,,Oluwafemi Oladejo,TEN,DL,7.0,Active
2026-09-02,2026,,Greg Dulcich,MIA,TE,85.0,Active
2026-09-02,2026,,Cashius Howell,CIN,DL,55.0,Active
2026-09-02,2026,,Jaylon Jones,CHI,CB,33.0,Inactive
2026-09-02,2026,,Harold Fannin,CLE,TE,44.0,Active
2026-09-02,2026, 00-0035678,Dre'Mont Jones,NE,DE,5.0,Active
2026-09-02,2026,,Jermod McCoy,LV,DB,28.0,Active
2026-09-02,2026,,PJ Jules,CIN,DB,37.0,Active
2026-09-02,2026,,Marques Sigle,SF,DB,36.0,Active
2026-09-02,2026,00-0034344,Marcus Davenport,CHI,DE,92.0,Active
2026-09-02,2026,,Marlon Jones,GB,CB,46.0,Inactive
2026-09-02,2026,,Kingsley Enagbare,NYJ,DL,52.0,Active
2026-09-02,2026,,Nick Niemann,GB,LB,31.0,Active
2026-09-02,2026,,Quentin Moore,WAS,TE,40.0,Inactive
2026-09-02,2026,,Ryan Miller,MIA,WR,84.0,Active
2026-09-02,2026,,Cam Bynum,IND,DB,0.0,Active
2026-09-02,2026, 00-0035714,Mazzi Wilkins,BAL,DB,39.0,Active
2026-09-02,2026,00-0033858,Jonnu Smith,GB,TE,81.0,Active
2026-09-02,2026,,Nick Whiteside,DET,CB,38.0,Active
2026-09-02,2026,,Smael Mondon,PHI,LB,42.0,Active
2026-09-02,2026,,Lorenzo Styles,NO,DB,36.0,Inactive
2026-09-02,2026,,Denzel Boston,CLE,WR,12.0,Active
2026-09-02,2026,,LT Overton,DAL,DE,99.0,Active
2026-09-02,2026,,Wan'Dale Robinson,TEN,WR,4.0,Active
2026-09-02,2026,,Lucas Krull,DEN,TE,85.0,Active
2026-09-02,2026,,Hayden Large,CHI,TE,43.0,Inactive
2026-09-02,2026,,Jeffrey Bassa,KC,LB,31.0,Active
2026-09-02,2026,,Trevor Penning,LAC,T,75.0,Active
2026-09-02,2026,,Jonah Coleman,DEN,RB,20.0,Active
2026-09-02,2026,,Xavier Smith,LAR,WR,19.0,Active
2026-09-02,2026,,Spencer Burford,LV,OL,70.0,Active
2026-09-02,2026,,Chandler Rivers,BAL,CB,29.0,Active
2026-09-02,2026,,Ja'Kobi Lane,BAL,WR,6.0,Active
2026-09-02,2026,,Drew Ogletree,IND,TE,85.0,Active
2026-09-02,2026,,Jared Verse,CLE,DL,8.0,Active
2026-09-02,2026,,Dennis Houston,TB,WR,89.0,Inactive
2026-09-02,2026,,Andre Fuller,SEA,CB,35.0,Active
2026-09-02,2026,00-0032830,Rolan Milligan,IND,DB,42.0,Active
2026-09-02,2026,,Emery Jones,BAL,OL,51.0,Active
2026-09-02,2026,,Isas Waxter,LAC,DB,37.0,Active
2026-09-02,2026,,Ben Barten,NYG,DL,68.0,Active
2026-09-02,2026,00-0033449,Isaac Whitney,ARI,WR,84.0,Inactive
2026-09-02,2026,,Jared Bartlett,JAX,LB,45.0,Inactive
2026-09-02,2026,,Jack Gibbens,ARI,LB,50.0,Active
2026-09-02,2026,,Carter Bradley,JAX,QB,10.0,Inactive
2026-09-02,2026,,Mazi Smith,MIA,DL,58.0,Active
2026-09-02,2026, 00-0035192,Joey Slye,TEN,K,6.0,Active
2026-09-02,2026,,Carter Runyon,LV,TE,84.0,Active
2026-09-02,2026,,Skyy Moore,GB,WR,23.0,Active
2026-09-02,2026,,D'Arco Perkins-McAllister,KC,CB,19.0,Active
2026-09-02,2026,,Chase Lundt,BUF,OL,77.0,Active
2026-09-02,2026,,Drake Thomas,SEA,LB,32.0,Active
2026-09-02,2026,,Joseph Ossai,NYJ,DE,46.0,Active
2026-09-02,2026,00-0034348,Courtland Sutton,DEN,WR,14.0,Active
2026-09-02,2026,,Jalin Hyatt,NYG,WR,13.0,Active
2026-09-02,2026,00-0029892,Kyle Juszczyk,SF,FB,44.0,Active
2026-09-02,2026,,Chicago Bears,CHI,DEF,,
2026-09-02,2026,,Trey Palmer,NO,WR,10.0,Active
2026-09-02,2026,,Vederian Lowe,SF,OT,76.0,Active
2026-09-02,2026,,Nazir Stackhouse,TEN,DL,93.0,Active
2026-09-02,2026,00-0034673,Tremaine Edmunds,NYG,LB,49.0,Active
2026-09-02,2026,,John Ridgeway,NO,DL,95.0,Active
2026-09-02,2026,,Payton Wilson,PIT,LB,41.0,Active
2026-09-02,2026,,Josh Myers,NYJ,OL,71.0,Active
2026-09-02,2026,,Zonovan Knight,ARI,RB,20.0,Active
2026-09-02,2026,,Chuba Hubbard,CAR,RB,30.0,Active
2026-09-02,2026,,Kayode Awosika,LAC,OL,74.0,Active
2026-09-02,2026,,Enrique Cruz,SF,OL,69.0,Active
2026-09-02,2026,,Corey Bullock,CAR,OL,67.0,Active
2026-09-02,2026,,Kendrick Green,CLE,C,53.0,Inactive
2026-09-02,2026,,Xavier Nwankpa,KC,DB,29.0,Active
2026-09-02,2026,,Michael Heldman,NO,DE,63.0,Inactive
2026-09-02,2026,,Princeton Fant,DAL,TE,85.0,Inactive
2026-09-02,2026,,Austin Ajiake,IND,LB,58.0,Active
2026-09-02,2026,,Devaughn Vele,NO,WR,14.0,Active
2026-09-02,2026,,Marcus Allen,MIN,CB,29.0,Inactive
2026-09-02,2026,,Reddy Steward,WAS,CB,27.0,Active
2026-09-02,2026,,Raheem Layne,NYG,DB,43.0,Active
2026-09-02,2026,,Keith Abney,DET,DB,28.0,Active
2026-09-02,2026,,Jayden Price,NO,CB,38.0,Active
2026-09-02,2026,00-0034361,Justin Reid,NO,DB,21.0,Active
2026-09-02,2026,,Myles Hinton,CIN,OT,77.0,Active
2026-09-02,2026,,Anthony Hill,TEN,LB,53.0,Active
2026-09-02,2026,00-0034407,Ray-Ray McCloud,CHI,WR,26.0,Inactive
2026-09-02,2026,,Marcus Mbow,NYG,OL,71.0,Active
2026-09-02,2026,00-0034261,Austin Corbett,BUF,OL,63.0,Active
2026-09-02,2026,,Michael Jerrell,ATL,OT,72.0,Active
2026-09-02,2026,,Skyler Bell,BUF,WR,13.0,Active
2026-09-02,2026,,Charlie Kolar,LAC,TE,88.0,Active
2026-09-02,2026,,Joshua Simon,WAS,TE,47.0,Active
2026-09-02,2026,,Mikail Kamara,SF,DE,59.0,Inactive
2026-09-02,2026, 00-0035596,Kerrith Whyte,GB,RB,34.0,Active
2026-09-02,2026,,Tucker Large,PHI,DB,37.0,Active
2026-09-02,2026, 00-0035540,P.J. Johnson,LV,DT,54.0,Active
2026-09-02,2026,,Kris Abrams-Draine,DEN,DB,31.0,Active
2026-09-02,2026,,Dayan Lake,LAR,DB,49.0,Active
2026-09-02,2026,00-0033854,Dare Ogunbowale,LV,RB,32.0,Active
2026-09-02,2026,,Ihmir Smith-Marsette,ARI,WR,9.0,Active
2026-09-02,2026,,Warren Brinson,GB,DL,91.0,Active
2026-09-02,2026,00-0031279,Jake Matthews,ATL,T,70.0,Active
2026-09-02,2026,,Phidarian Mathis,BUF,DL,72.0,Active
2026-09-02,2026, 00-0035717,Nick Bosa,SF,DE,97.0,Active
2026-09-02,2026,,Eldridge Massington,NO,WR,86.0,Active
2026-09-02,2026,,Carter Warren,MIA,OL,77.0,Inactive
2026-09-02,2026, 00-0035683,Dexter Lawrence,CIN,DT,97.0,Active
2026-09-02,2026,,Kevin Austin,NO,WR,81.0,Active
2026-09-02,2026,,Najee Harris,NYG,RB,22.0,Active
2026-09-02,2026,,Te'Cory Couch,BUF,CB,33.0,Active
2026-09-02,2026,,Marques Cox,MIA,OT,70.0,Active
2026-09-02,2026,,Johnathan Edwards,IND,DB,35.0,Active
2026-09-02,2026,,Cincinnati Bengals,CIN,DEF,,
2026-09-02,2026,,Dominic Richardson,NYJ,RB,35.0,Inactive
2026-09-02,2026,,Billy Schrauth,TB,G,75.0,Active
2026-09-02,2026,,Tyler Loop,BAL,K,33.0,Active
2026-09-02,2026, 00-0035686,Michael Deiter,DEN,OL,60.0,Inactive
2026-09-02,2026,,Brandon Crenshaw-Dickson,TEN,OT,78.0,Active
2026-09-02,2026,00-0033924,Eddie Vanderdoes,SF,DT,63.0,Active
2026-09-02,2026,,Coby Bryant,CHI,DB,2.0,Inactive
2026-09-02,2026,00-0026990,Malcolm Jenkins,NO,SS,27.0,Active
2026-09-02,2026,,Michael Mayer,LV,TE,87.0,Active
2026-09-02,2026,,Jedrick Wills,BUF,OT,71.0,Active
2026-09-02,2026,00-0022924,Ben Roethlisberger,PIT,QB,7.0,Active
2026-09-02,2026,,Jeremy Chinn,LV,DB,11.0,Active
2026-09-02,2026,00-0031203,Cairo Santos,CHI,K,8.0,Active
2026-09-02,2026,,Diego Pounds,KC,OT,61.0,Active
2026-09-02,2026,,Asim Richards,NO,OL,72.0,Active
2026-09-02,2026,,Tyler Bass,BUF,K,16.0,Active
2026-09-02,2026,,Malik Davis,DAL,RB,20.0,Active
2026-09-02,2026,,Yahya Black,PIT,DT,94.0,Active
2026-09-02,2026,,Trayvon Rudolph,MIN,WR,30.0,Active
2026-09-02,2026,,Mekhi Blackmon,CLE,CB,30.0,Active
2026-09-02,2026,00-0031348,Anthony Hitchens,KC,LB,53.0,Active
2026-09-02,2026,,Cam Taylor-Britt,IND,DB,26.0,Active
2026-09-02,2026,00-0031369,Brandon Linder,JAX,OL,65.0,Active
2026-09-02,2026,00-0033729,Cameron Johnston,PIT,P,19.0,Active
2026-09-02,2026,,Max Klare,LAR,TE,86.0,Active
2026-09-02,2026,,Benjamin Morrison,TB,DB,21.0,Active
2026-09-02,2026,,Thomas Harper,DET,DB,12.0,Active
2026-09-02,2026,,Sam Hartman,WAS,QB,15.0,Active
2026-09-02,2026,,Peter Woods,KC,DL,99.0,Active
2026-09-02,2026,,Bryce Hall,HOU,CB,34.0,Active
2026-09-02,2026,,Roschon Johnson,CHI,RB,23.0,Active
2026-09-02,2026,,Chris Roland-Wallace,KC,CB,30.0,Active
2026-09-02,2026,,K'Von Wallace,BAL,DB,26.0,Active
2026-09-02,2026,,Alfred Collins,SF,DL,95.0,Active
2026-09-02,2026,,Elijah Roberts,TB,DT,95.0,Active
2026-09-02,2026,,Caelen Carson,DAL,DB,21.0,Active
2026-09-02,2026,00-0032726,Ka'imi Fairbairn,HOU,K,15.0,Active
2026-09-02,2026,00-0032951,Laquon Treadwell,IND,WR,13.0,Active
2026-09-02,2026,,Sam Howell,DAL,QB,16.0,Active
2026-09-02,2026,,Tyler Owens,WAS,DB,18.0,Active
2026-09-02,2026,,Caleb Williams,CHI,QB,18.0,Active
2026-09-02,2026,,Dylan Moses,JAX,LB,57.0,Active
2026-09-02,2026,,Damien Lewis,CAR,G,68.0,Active
2026-09-02,2026,,Kyle Hergel,CHI,OL,60.0,Active
2026-09-02,2026,,Will Kacmarek,MIA,TE,82.0,Active
2026-09-02,2026,,Maximus Pulley,PHI,DB,36.0,Active
2026-09-02,2026,,Joe Andreessen,BUF,LB,44.0,Active
2026-09-02,2026,,Zion Childress,CAR,DB,48.0,Active
2026-09-02,2026, 00-0035594,Travis Homer,PIT,RB,21.0,Active
2026-09-02,2026,,Robert Hainsey,JAX,OL,73.0,Active
2026-09-02,2026, 00-0035702,Dalton Risner,CIN,G,66.0,Active
2026-09-02,2026,,Benjamin St-Juste,GB,DB,21.0,Active
2026-09-02,2026,,Mason Richman,SEA,OL,78.0,Inactive
2026-09-02,2026,00-0033373,Taquan Mizzell,NYG,RB,25.0,Inactive
2026-09-02,2026,,Zayne Anderson,MIA,DB,23.0,Active
2026-09-02,2026,,Sam Hagen,HOU,OL,76.0,Inactive
2026-09-02,2026,,Matthew Bergeron,ATL,OL,65.0,Active
2026-09-02,2026,,Shemar Turner,CHI,DE,95.0,Active
2026-09-02,2026,00-0034843,Mike Hughes,ATL,CB,21.0,Active
2026-09-02,2026,,Keylan Rutledge,HOU,G,66.0,Active
2026-09-02,2026,,Sam Franklin,BUF,DB,28.0,Active
2026-09-02,2026,,Ben Stille,DET,DT,72.0,Active
2026-09-02,2026,,Ja'Quan McMillian,DEN,CB,29.0,Active
2026-09-02,2026,00-0034778,Carlton Davis,NE,CB,7.0,Active
2026-09-02,2026,00-0033906,Alvin Kamara,NO,RB,41.0,Active
2026-09-02,2026,,Brandon Johnson,PIT,WR,82.0,Active
2026-09-02,2026,00-0034376,Taron Johnson,LV,CB,3.0,Active
2026-09-02,2026,,Bryan Bresee,NO,DT,90.0,Inactive
2026-09-02,2026,,JT Tuimoloau,IND,DL,91.0,Active
2026-09-02,2026,,Laki Tasi,TEN,DL,68.0,Active
2026-09-02,2026,,Alex Wollschlaeger,NO,OT,79.0,Active
2026-09-02,2026,,Tristan Leigh,MIN,OL,63.0,Active
2026-09-02,2026,,Drew Shelton,DAL,OT,67.0,Active
2026-09-02,2026,,Travis Burke,LAC,OT,77.0,Active
2026-09-02,2026,,Hayden Conner,ARI,OL,58.0,Active
2026-09-02,2026,,Kani Walker,BUF,DB,41.0,Active
2026-09-02,2026,,Roger Rosengarten,BAL,OL,70.0,Active
2026-09-02,2026,,Channing Canada,NE,CB,29.0,Active
2026-09-02,2026,,Zakee Wheatley,CAR,DB,20.0,Active
2026-09-02,2026,,Ajani Cornelius,DAL,OL,65.0,Active
2026-09-02,2026,,Nikko Remigio,KC,WR,81.0,Active
2026-09-02,2026,,Jarvis Brownlee,NYJ,DB,29.0,Active
2026-09-02,2026,00-0034139,Emmanuel Ellerbee,ATL,LB,52.0,Inactive
2026-09-02,2026,,William Wagner,CIN,LS,46.0,Active
2026-09-02,2026,,Bauer Sharp,TB,TE,84.0,Active
2026-09-02,2026,,Tip Reiman,ARI,TE,87.0,Active
2026-09-02,2026,,Oscar Delp,NO,TE,4.0,Active
2026-09-02,2026,,Qwan'tez Stiggers,NYJ,CB,37.0,Active
2026-09-02,2026,,Edgerrin Cooper,GB,LB,56.0,Active
2026-09-02,2026,,Da'Veawn Armstead,MIN,CB,38.0,Active
2026-09-02,2026,,Ryan Flournoy,DAL,WR,19.0,Active
2026-09-02,2026,,Mac McWilliams,PHI,CB,22.0,Active
2026-09-02,2026,00-0027962,Cameron Jordan,NO,DE,94.0,Active
2026-09-02,2026, 00-0035237,Jawaan Taylor,ATL,OL,71.0,Active
2026-09-02,2026,,Cole Strange,LAC,OL,69.0,Active
2026-09-02,2026,,Jacoby Windmon,PIT,LB,53.0,Active
2026-09-02,2026,,Jamree Kromah,CHI,DL,59.0,Active
2026-09-02,2026,,Ja'Marcus Ingram,HOU,CB,20.0,Inactive
2026-09-02,2026,,Murvin Kenion,GB,DB,39.0,Active
2026-09-02,2026,,Sai'vion Jones,DEN,DE,95.0,Active
2026-09-02,2026,,Larrell Murchison,LAR,DT,52.0,Active
2026-09-02,2026, 00-0034998,Donnie Lewis,DEN,CB,39.0,Inactive
2026-09-02,2026,,Danny Striggow,JAX,DL,92.0,Active
2026-09-02,2026,,Tatum Bethune,SF,LB,48.0,Active
2026-09-02,2026,,Chaz Chambliss,MIN,DE,40.0,Active
2026-09-02,2026,00-0033290,Jermaine Eluemunor,NYG,OL,72.0,Active
2026-09-02,2026,00-0029284,Mike Daniels,CIN,DT,76.0,Active
2026-09-02,2026,,Jared Harrison-Hunte,ARI,DT,94.0,Active
2026-09-02,2026,,Aaron Bailey,BAL,QB,8.0,Active
2026-09-02,2026,,Luke Schoonmaker,DAL,TE,86.0,Active
2026-09-02,2026, 00-0035515,Cody Conway,DEN,OL,60.0,Active
2026-09-02,2026,,Garrett DiGiorgio,JAX,G,74.0,Inactive
2026-09-02,2026,,Emanuel Wilson,SEA,RB,27.0,Active
2026-09-02,2026,,JP Richardson,CHI,WR,83.0,Active
2026-09-02,2026,00-0031492,Jason Myers,SEA,K,5.0,Active
2026-09-02,2026,00-0033119,Jacoby Brissett,ARI,QB,7.0,Active
2026-09-02,2026,,Spencer Brown,BUF,OT,79.0,Active
2026-09-02,2026,,Craig Woodson,NE,DB,4.0,Active
2026-09-02,2026,,Eric Stokes,LV,CB,5.0,Active
2026-09-02,2026,,C.J. Stroud,HOU,QB,7.0,Active
2026-09-02,2026,,Brandon Codrington,SF,DB,17.0,Active
2026-09-02,2026, 00-0035668,David Edwards,NO,OL,76.0,Active
2026-09-02,2026,,Buddy Johnson,CHI,LB,59.0,Active
2026-09-02,2026,,Elijah Higgins,ARI,TE,84.0,Active
2026-09-02,2026,,Cam Jackson,CAR,DT,99.0,Active
2026-09-02,2026,00-0034771,Mason Rudolph,PIT,QB,2.0,Active
2026-09-02,2026,,Boye Mafe,CIN,DL,53.0,Active
2026-09-02,2026,,Cole Van Lanen,JAX,OL,70.0,Active
2026-09-02,2026,,Israel Abanikanda,DAL,RB,30.0,Active
2026-09-02,2026,00-0027857,Trent Williams,SF,T,71.0,Active
2026-09-02,2026,00-0032445,Ted Karras,CIN,OL,64.0,Active
2026-09-02,2026,,Trey Dean,GB,DB,35.0,Inactive
2026-09-02,2026,,JT Woods,NYG,DB,35.0,Active
2026-09-02,2026,,Ty Hamilton,LAR,DT,57.0,Active
2026-09-02,2026,00-0029577,Danny Trevathan,CHI,LB,6.0,Active
2026-09-02,2026,,Joel Wilson,TEN,TE,83.0,Active
2026-09-02,2026,,Kaimon Rucker,BAL,LB,56.0,Active
2026-09-02,2026,,Christian Barmore,NE,DT,90.0,Active
2026-09-02,2026, 00-0035500,Greg Dortch,BUF,WR,8.0,Active
2026-09-02,2026,,B.J. Green,JAX,DE,95.0,Active
2026-09-02,2026,,Karl Brooks,GB,DT,94.0,Active
2026-09-02,2026, 00-0034982,Dre Greenlaw,SF,LB,57.0,Active
2026-09-02,2026,,Arryn Siposs,PHI,P,10.0,Active
2026-09-02,2026,,Felix Anudike-Uzomah,KC,DE,91.0,Active
2026-09-02,2026,,Da'Quan Felton,NYJ,WR,30.0,Active
2026-09-02,2026,00-0034112,Austin Schlottmann,TEN,G,51.0,Active
2026-09-02,2026,,Myles Price,MIN,WR,4.0,Active
2026-09-02,2026,,Anfernee Jennings,NO,LB,33.0,Active
2026-09-02,2026,,Karson Sharar,ARI,LB,43.0,Active
2026-09-02,2026,,Albert Reese,CAR,OT,76.0,Active
2026-09-02,2026,,Denver Broncos,DEN,DEF,,
2026-09-02,2026,,Nate Adkins,DEN,TE,45.0,Active
2026-09-02,2026,,Marvin Jones,SEA,DE,59.0,Active
2026-09-02,2026,,C.J. Henderson,ATL,CB,26.0,Active
2026-09-02,2026,,Levi Onwuzurike,DET,DE,95.0,Active
2026-09-02,2026,,Ben Scott,TB,OL,66.0,Active
2026-09-02,2026,,Tank Dell,HOU,WR,1.0,Inactive
2026-09-02,2026,,Tyrek Funderburk,CAR,CB,20.0,Inactive
2026-09-02,2026,,Justin Dedich,LAR,OL,67.0,Active
2026-09-02,2026,,Daylen Everette,PIT,CB,23.0,Active
2026-09-02,2026, 00-0034993,Marcus Epps,PHI,DB,29.0,Active
2026-09-02,2026,00-0032268,Marcus Mariota,WAS,QB,8.0,Active
2026-09-02,2026,,Jake Bates,DET,K,39.0,Active
2026-09-02,2026,,Micheal Clemons,IND,DL,72.0,Active
2026-09-02,2026,,Jared Wayne,HOU,WR,17.0,Active
2026-09-02,2026,00-0030506,Travis Kelce,KC,TE,87.0,Active
2026-09-02,2026,,Luke Haggard,TB,OT,72.0,Active
2026-09-02,2026, 00-0035535,Darius Slayton,NYG,WR,18.0,Active
2026-09-02,2026,00-0034391,Siran Neal,SF,CB,33.0,Active
2026-09-02,2026,,Cole Turner,MIA,TE,87.0,Inactive
2026-09-02,2026,,Jack Campbell,DET,LB,46.0,Active
2026-09-02,2026,,Collin Wright,HOU,CB,37.0,Active
2026-09-02,2026, 00-0034951,Fred Johnson,PHI,T,74.0,Active
2026-09-02,2026,00-0030986,Ethan Westbrooks,NO,DT,91.0,Active
2026-09-02,2026,,Javon Foster,CIN,OL,73.0,Active
2026-09-02,2026,00-0033537,Deshaun Watson,CLE,QB,4.0,Active
2026-09-02,2026,00-0033319,Nick Mullens,JAX,QB,14.0,Active
2026-09-02,2026,,Isaiah Land,DAL,LB,58.0,Active
2026-09-02,2026,,Brennan Presley,LAR,WR,81.0,Active
2026-09-02,2026,,Malik Benson,LV,WR,19.0,Active
2026-09-02,2026,,Zamir White,NO,RB,33.0,Active
2026-09-02,2026,,Jawhar Jordan,HOU,RB,25.0,Active
2026-09-02,2026,00-0033053,Sean Davis,NE,DB,30.0,Active
2026-09-02,2026,00-0034161,Daniel Carlson,NO,K,10.0,Active
2026-09-02,2026,,Domonique Orange,MIN,DT,97.0,Active
2026-09-02,2026,,Evan Svoboda,LAC,TE,49.0,Active
2026-09-02,2026,,Julius Welschof,PIT,DL,45.0,Active
2026-09-02,2026,,EJ Smith,KC,RB,35.0,Inactive
2026-09-02,2026,,Jalen Milroe,SEA,QB,6.0,Active
2026-09-02,2026,00-0034417,Matt Pryor,ARI,T,76.0,Active
2026-09-02,2026,00-0031610,Darren Waller,CAR,TE,88.0,Active
2026-09-02,2026,,Chris Collier,LV,RB,33.0,Inactive
2026-09-02,2026,,Ernest Jones,SEA,LB,13.0,Active
2026-09-02,2026,,Logan Fano,CLE,DE,97.0,Active
2026-09-02,2026,,Bryson Eason,KC,DL,67.0,Active
2026-09-02,2026,,Jalen Brooks,ARI,WR,86.0,Active
2026-09-02,2026,,Jack Westover,WAS,TE,37.0,Active
2026-09-02,2026, 00-0035278,Byron Cowart,WAS,DT,55.0,Active
2026-09-02,2026,,Riley Wilson,NE,LB,51.0,Active
2026-09-02,2026, 00-0035039,Stephen Carlson,CHI,TE,88.0,Active
2026-09-02,2026,,Chig Okonkwo,WAS,TE,85.0,Active
2026-09-02,2026,,KeAndre Lambert-Smith,LAC,WR,84.0,Active
2026-09-02,2026,00-0033063,Zach Wood,NO,LS,49.0,Active
2026-09-02,2026,,Nazeeh Johnson,TEN,DB,36.0,Inactive
2026-09-02,2026,00-0034790,Derwin James,LAC,DB,3.0,Active
2026-09-02,2026,,Taylen Green,CLE,QB,15.0,Active
2026-09-02,2026,,Tyson Bagent,CHI,QB,17.0,Active
2026-09-02,2026,,Nohl Williams,KC,CB,20.0,Active
2026-09-02,2026,00-0034384,D.J. Reed,DET,CB,4.0,Active
2026-09-02,2026,,Jack Nelson,MIN,OT,69.0,Active
2026-09-02,2026,,Nephi Sewell,CHI,LB,45.0,Inactive
2026-09-02,2026,,J. Michael Sturdivant,GB,WR,87.0,Active
2026-09-02,2026,,Wes Pahl,CLE,P,36.0,Active
2026-09-02,2026,00-0032480,Eddie Yarbrough,MIN,DE,66.0,Active
2026-09-02,2026, 00-0035743,Brett Toth,SF,OL,78.0,Inactive
2026-09-02,2026,,Dante Trader,MIA,DB,11.0,Active
2026-09-02,2026,,Jeshaun Jones,MIN,WR,82.0,Active
2026-09-02,2026,,Wyatt Houston,CAR,TE,85.0,Active
2026-09-02,2026,,Jihaad Campbell,PHI,LB,11.0,Active
2026-09-02,2026,,Adetomiwa Adebawore,IND,DL,95.0,Active
2026-09-02,2026,,Austin Barber,CLE,OT,58.0,Active
2026-09-02,2026,,Fadil Diggs,NO,DL,40.0,Active
2026-09-02,2026,,Hezekiah Masses,LV,CB,35.0,Active
2026-09-02,2026,00-0031624,Edmond Robinson,SEA,LB,48.0,Active
2026-09-02,2026,,Ted Hurst,TB,WR,17.0,Active
2026-09-02,2026,,Tommy Dunn,DAL,DT,95.0,Active
2026-09-02,2026, 00-0035636,L.J. Collier,ARI,DE,91.0,Active
2026-09-02,2026,,Jackson Woodard,MIA,LB,42.0,Active
2026-09-02,2026,,Joe Royer,CLE,TE,18.0,Active
2026-09-02,2026,,Brandon Smith,PIT,WR,87.0,Active
2026-09-02,2026,,Brady Christensen,CAR,T,70.0,Inactive
2026-09-02,2026,,Sam Okuayinonu,SF,DE,91.0,Active
2026-09-02,2026,,Tony Adams,TEN,DB,38.0,Active
2026-09-02,2026,,Jack Driscoll,PIT,T,68.0,Active
2026-09-02,2026,00-0030566,D.J. Swearinger,IND,DB,36.0,Active
2026-09-02,2026,,Antoine Winfield,TB,DB,31.0,Active
2026-09-02,2026,,Carsen Ryan,CLE,TE,48.0,Active
2026-09-02,2026,,Ale Kaho,WAS,LB,51.0,Active
2026-09-02,2026, 00-0035700,Josh Jacobs,GB,RB,8.0,Active
2026-09-02,2026,,Keagen Trost,LAR,OL,79.0,Active
2026-09-02,2026,,Isaiah World,LAC,OT,67.0,Active
2026-09-02,2026,,Zach Charbonnet,SEA,RB,26.0,Active
2026-09-02,2026,,Tanner McCalister,KC,DB,34.0,Active
2026-09-02,2026, 00-0035156,Jack Fox,DET,P,3.0,Active
2026-09-02,2026,,Tahj Chambers,IND,LB,44.0,Active
2026-09-02,2026,00-0033246,Johnny Mundt,PHI,TE,83.0,Active
2026-09-02,2026,,Mac Jones,SF,QB,10.0,Active
2026-09-02,2026,,Ruben Hyppolite,CHI,LB,47.0,Inactive
2026-09-02,2026,,Storm Duck,MIA,CB,29.0,Active
2026-09-02,2026,00-0030148,Damion Square,CIN,DT,62.0,Active
2026-09-02,2026,,Joe Fagnano,BAL,QB,12.0,Active
2026-09-02,2026,,Kaden Wetjen,PIT,WR,10.0,Active
2026-09-02,2026,,Drew Allar,PIT,QB,16.0,Active
2026-09-02,2026,,Albert Regis,JAX,DT,98.0,Active
2026-09-02,2026,,Jacob Rizy,NE,OL,64.0,Active
2026-09-02,2026,,Brock Bowers,LV,TE,89.0,Active
2026-09-02,2026,,Ulysses Bentley,IND,RB,37.0,Active
2026-09-02,2026,,Jayden Daniels,WAS,QB,5.0,Active
2026-09-02,2026,,Dorian Strong,BUF,CB,43.0,Inactive
2026-09-02,2026, 00-0035544,Tom Kennedy,DET,WR,85.0,Active
2026-09-02,2026,,Cody Mauch,TB,T,69.0,Active
2026-09-02,2026,,Caden Barnett,CHI,OG,76.0,Active
2026-09-02,2026,,Kevin Coleman,MIA,WR,83.0,Active
2026-09-02,2026,,Derek Stingley,HOU,DB,24.0,Active
2026-09-02,2026,00-0032391,Joe Thuney,CHI,OL,62.0,Active
2026-09-02,2026,,Terrel Bernard,BUF,LB,8.0,Active
2026-09-02,2026,00-0031844,Deshazor Everett,WAS,DB,22.0,Active
2026-09-02,2026,,Darius Alexander,NYG,DL,91.0,Active
2026-09-02,2026,,Elijah Chatman,CLE,DT,62.0,Inactive
2026-09-02,2026,,Sam Roush,CHI,TE,87.0,Active
2026-09-02,2026,,Harrison Mevis,LAR,K,92.0,Active
2026-09-02,2026,00-0032580,Jonathan Jones,PHI,DB,31.0,Active
2026-09-02,2026,00-0032759,Sheldon Rankins,HOU,DT,98.0,Active
2026-09-02,2026,00-0032965,Ronnie Stanley,BAL,T,79.0,Active
2026-09-02,2026,,Spencer Shrader,IND,K,3.0,Active
2026-09-02,2026,,Kaevon Merriweather,JAX,DB,21.0,Active
2026-09-02,2026,,Luke Altmyer,DET,QB,2.0,Active
2026-09-02,2026,,Duplicate Player,BUF,,0.0,Inactive
2026-09-02,2026,,Steve Avila,LAR,C,73.0,Active
2026-09-02,2026,,Alex Johnson,LAR,CB,36.0,Inactive
2026-09-02,2026,00-0033752,Storm Norton,ATL,T,77.0,Active
2026-09-02,2026,,Danny Gray,PHI,WR,82.0,Active
2026-09-02,2026,,Taliese Fuaga,NO,OL,75.0,Active
2026-09-02,2026,,Nate Wiggins,BAL,CB,2.0,Active
2026-09-02,2026,,Vershon Lee,ARI,OL,66.0,Active
2026-09-02,2026,00-0034383,Dalton Schultz,HOU,TE,86.0,Active
2026-09-02,2026,,Jaylen Wright,MIA,RB,5.0,Active
2026-09-02,2026,,Trey Amos,WAS,DB,23.0,Inactive
2026-09-02,2026,,Nick Saldiveri,NO,OL,64.0,Active
2026-09-02,2026,,Mario Goodrich,TEN,DB,35.0,Active
2026-09-02,2026,,Tanner Arkin,NE,TE,84.0,Active
2026-09-02,2026,,Jackson Hawes,BUF,TE,85.0,Active
2026-09-02,2026,,Jalen Hunt,NE,DL,96.0,Active
2026-09-02,2026,,Jack Strand,ATL,QB,18.0,Active
2026-09-02,2026,,Will Sheppard,MIA,WR,82.0,Active
2026-09-02,2026,,Xavier Newman,NYJ,OL,65.0,Active
2026-09-02,2026,,Jack Heflin,JAX,DT,96.0,Active
2026-09-02,2026,,Tanner Ingle,LAR,DB,34.0,Active
2026-09-02,2026,,Travon Walker,JAX,LB,44.0,Active
2026-09-02,2026,,Gervon Dexter,ATL,DL,99.0,Active
2026-09-02,2026,,Zion Johnson,CLE,G,77.0,Active
2026-09-02,2026,,Demetrius Knight,CIN,LB,44.0,Active
2026-09-02,2026,,Jalen Moreno-Cropper,NO,WR,85.0,Active
2026-09-02,2026,,Karene Reid,DEN,LB,47.0,Active
2026-09-02,2026,,Ty'Ron Hopper,GB,LB,59.0,Active
2026-09-02,2026,,John Ojukwu,PHI,OT,67.0,Active
2026-09-02,2026,,K.C. Ossai,HOU,LB,52.0,Inactive
2026-09-02,2026,,Skyler Gill-Howard,DET,DT,50.0,Active
2026-09-02,2026,,Darryl Peterson,LAR,LB,59.0,Active
2026-09-02,2026,,Luke Goedeke,TB,OL,67.0,Active
2026-09-02,2026,00-0034158,Brian O'Neill,MIN,T,75.0,Active
2026-09-02,2026,,Julian Blackmon,NO,DB,23.0,Active
2026-09-02,2026,,Kobie Turner,LAR,DT,91.0,Active
2026-09-02,2026,,Jordan Addison,MIN,WR,3.0,Active
2026-09-02,2026,,Sam Williams,CLE,DL,54.0,Active
2026-09-02,2026,,Ed Ingram,HOU,G,69.0,Active
2026-09-02,2026,,Jalon Kilgore,BUF,CB,29.0,Active
2026-09-02,2026,,Brenden Schooler,NE,DB,41.0,Active
2026-09-02,2026, 00-0035718,Quinnen Williams,DAL,DT,92.0,Active
2026-09-02,2026,,Larry Borom,DET,OL,79.0,Active
2026-09-02,2026,,Charles Walker,PHI,DT,0.0,Active
2026-09-02,2026,,Devon Witherspoon,SEA,DB,21.0,Active
2026-09-02,2026,00-0033885,David Njoku,LAC,TE,83.0,Active
2026-09-02,2026,,Malcolm DeWalt,ATL,CB,36.0,Active
2026-09-02,2026,,Dillon Bell,MIN,WR,89.0,Active
2026-09-02,2026,,Darius Robinson,ARI,DL,56.0,Active
2026-09-02,2026,,Matt Hibner,BAL,TE,88.0,Active
2026-09-02,2026,,Akheem Mesidor,LAC,DL,90.0,Active
2026-09-02,2026,,KC Concepcion,CLE,WR,1.0,Active
2026-09-02,2026,00-0032549,Alex Redmond,NE,OG,64.0,Inactive
2026-09-02,2026,,Daniel Sobkowicz,HOU,WR,17.0,Active
2026-09-02,2026, 00-0035228,Kyler Murray,MIN,QB,1.0,Active
2026-09-02,2026,00-0034613,Tanner Hudson,CIN,TE,87.0,Active
2026-09-02,2026,,Wesley Grimes,SF,WR,81.0,Active
2026-09-02,2026,,Tyreak Sapp,CLE,DE,64.0,Active
2026-09-02,2026,,Keyon Martin,BAL,CB,38.0,Active
2026-09-02,2026,,Howard Cross,CIN,DT,95.0,Active
2026-09-02,2026,,Beaux Collins,ATL,WR,81.0,Inactive
2026-09-02,2026,,Arnold Ebiketie,PHI,DL,17.0,Active
2026-09-02,2026,,Jacob Sykes,PHI,DE,93.0,Active
2026-09-02,2026,,Colby Wooden,NO,DE,50.0,Active
2026-09-02,2026,,Niklas Henning,LV,T,73.0,Active
2026-09-02,2026,,Rashawn Slater,LAC,T,70.0,Active
2026-09-02,2026,,Nick Bolton,KC,LB,32.0,Active
2026-09-02,2026,,Justin Walley,IND,CB,27.0,Active
2026-09-02,2026,,Austin Albrecht,TB,OL,72.0,Active
2026-09-02,2026,,Mitch Tinsley,HOU,WR,82.0,Active
2026-09-02,2026,,Nyzier Fourqurean,LAR,CB,25.0,Active
2026-09-02,2026,,Marlen Sewell,CHI,DB,36.0,Active
2026-09-02,2026,,Javontae Jean-Baptiste,WAS,DL,41.0,Active
2026-09-02,2026,,Michael Pittman,PIT,WR,11.0,Active
2026-09-02,2026, 00-0035647,Montez Sweat,CHI,DE,98.0,Active
2026-09-02,2026,,Theo Benedet,CHI,OT,79.0,Active
2026-09-02,2026,,Ray Davis,BUF,RB,7.0,Active
2026-09-02,2026,,Johnathan Baldwin,GB,DB,37.0,Inactive
2026-09-02,2026,,Juwan Johnson,NO,TE,83.0,Active
2026-09-02,2026,,Tez Johnson,TB,WR,15.0,Active
2026-09-02,2026,,Kolbe Katsis,DEN,WR,81.0,Active
2026-09-02,2026,,Nick Zakelj,SF,OL,63.0,Inactive
2026-09-02,2026,,Lewis Bond,HOU,WR,82.0,Active
2026-09-02,2026,,Jaylinn Hawkins,BAL,SS,21.0,Active
2026-09-02,2026,,Patrick Paul,MIA,OL,52.0,Active
2026-09-02,2026,,Payton Page,NYJ,DT,98.0,Active
2026-09-02,2026,00-0026190,Calais Campbell,BAL,DE,93.0,Active
2026-09-02,2026, 00-0035336,Duplicate Player,MIA,G,0.0,Inactive
2026-09-02,2026,,Riley Moss,DEN,DB,21.0,Active
2026-09-02,2026,,Kevin Jobity,PIT,DL,92.0,Active
2026-09-02,2026,,Jaishawn Barham,DAL,LB,55.0,Active
2026-09-02,2026,,Jalen Graham,SF,DB,41.0,Active
2026-09-02,2026,,Zak Zinter,CLE,OL,70.0,Active
2026-09-02,2026, 00-0035640,DK Metcalf,PIT,WR,4.0,Active
2026-09-02,2026,,Quinn Meinerz,DEN,OL,77.0,Active
2026-09-02,2026,,AJ Haulcy,IND,DB,25.0,Active
2026-09-02,2026,,Jake Curhan,CAR,T,71.0,Active
2026-09-02,2026,,Breece Hall,NYJ,RB,20.0,Active
2026-09-02,2026,,Leonard Taylor,NE,DL,93.0,Active
2026-09-02,2026,,Hunter Niswander,DAL,P,7.0,Active
2026-09-02,2026,,Jameson Geers,ARI,TE,46.0,Inactive
2026-09-02,2026,,Elias Neal,LAR,LB,58.0,Active
2026-09-02,2026,,Luke Wypler,CLE,OL,56.0,Active
2026-09-02,2026,,Daniel Faalele,JAX,T,68.0,Active
2026-09-02,2026,,Noah Whittington,HOU,RB,26.0,Active
2026-09-02,2026,,Kyle Dugger,CIN,DB,29.0,Active
2026-09-02,2026,,Jordan Miller,MIA,DT,90.0,Active
2026-09-02,2026,00-0027539,Anthony Levine,BAL,DB,41.0,Active
2026-09-02,2026, 00-0035672,Cody Barton,TEN,LB,50.0,Active
2026-09-02,2026,,Trent McDuffie,LAR,DB,22.0,Active
2026-09-02,2026,00-0029643,Whitney Mercilus,GB,LB,50.0,Active
2026-09-02,2026,,Kansas City Chiefs,KC,DEF,,
2026-09-02,2026,,Dondrea Tillman,DEN,DT,92.0,Active
2026-09-02,2026,,Michael Warren,DET,RB,0.0,Inactive
2026-09-02,2026,00-0033131,Maliek Collins,CLE,DT,96.0,Active
2026-09-02,2026,,Max Hurleman,PIT,CB,84.0,Active
2026-09-02,2026,,Malachi Moore,NYJ,DB,27.0,Active
2026-09-02,2026,,John Bates,WAS,TE,87.0,Active
2026-09-02,2026,,Robert Hunt,CAR,OL,50.0,Active
2026-09-02,2026,,Anthony Belton,GB,OT,71.0,Active
2026-09-02,2026,,Dominick Puni,SF,OL,77.0,Active
2026-09-02,2026,00-0032911,Spencer Pulley,MIA,C,0.0,Active
2026-09-02,2026,,Ryan Eckley,BAL,P,30.0,Active
2026-09-02,2026,,Deion Burks,IND,WR,80.0,Active
2026-09-02,2026,,Cam Lampkin,LAR,DB,21.0,Active
2026-09-02,2026,,Mason Stokke,CAR,FB,40.0,Active
2026-09-02,2026,,Nic Scourton,CAR,DL,11.0,Inactive
2026-09-02,2026,00-0031388,Aaron Donald,LAR,DT,99.0,Active
2026-09-02,2026,,Shaq Roland,CHI,WR,6.0,Active
2026-09-02,2026,00-0032164,Arik Armstead,JAX,DE,91.0,Active
2026-09-02,2026,,Lukas Van Ness,GB,DL,90.0,Active
2026-09-02,2026,,Joe Bachie,DET,LB,35.0,Active
2026-09-02,2026, 00-0035021,Ashton Dulin,IND,WR,16.0,Active
2026-09-02,2026,,J.K. Dobbins,DEN,RB,27.0,Active
2026-09-02,2026,,Dominic DeLuca,BAL,LB,42.0,Active
2026-09-02,2026,,Jonathan Taylor,IND,RB,28.0,Active
2026-09-02,2026,,Drake Maye,NE,QB,10.0,Active
2026-09-02,2026,,T.J. Maguranyanga,WAS,DE,59.0,Inactive
2026-09-02,2026, 00-0030069,Damontre Moore,CAR,DE,55.0,Active
2026-09-02,2026,00-0033902,Tanoh Kpassagnon,TEN,DE,58.0,Inactive
2026-09-02,2026,,AJ Dillon,CAR,RB,28.0,Active
2026-09-02,2026,,Ethan Evans,LAR,P,42.0,Active
2026-09-02,2026,,Michael Hoecht,BUF,DT,55.0,Active
2026-09-02,2026,00-0034571,Trent Scott,WAS,T,73.0,Active
2026-09-02,2026,,Cameron Mitchell,IND,DB,43.0,Inactive
2026-09-02,2026,,Devin Culp,TB,TE,82.0,Active
2026-09-02,2026,,Bryce Boettcher,IND,LB,50.0,Active
2026-09-02,2026,,Chris Stoll,SEA,LS,41.0,Active
2026-09-02,2026,00-0031619,Christian Covington,LAC,DT,52.0,Active
2026-09-02,2026,,Micah McFadden,NYG,LB,41.0,Active
2026-09-02,2026,,Javonte Williams,DAL,RB,33.0,Active
2026-09-02,2026,,Ozzy Trapilo,CHI,OL,75.0,Active
2026-09-02,2026,,Christian Haynes,SEA,OL,64.0,Active
2026-09-02,2026,,Nolan Rucci,IND,OT,76.0,Active
2026-09-02,2026,,Zemaiah Vaughn,MIN,CB,34.0,Active
2026-09-02,2026,,Jalen Rivers,CIN,OL,74.0,Active
2026-09-02,2026,00-0032596,Brian Poole,IND,CB,33.0,Active
2026-09-02,2026,,Minnesota Vikings,MIN,DEF,,
2026-09-02,2026,,Cade Stover,HOU,TE,8.0,Active
2026-09-02,2026,,Tyquan Thornton,KC,WR,2.0,Active
2026-09-02,2026,00-0034285,Zach Sieler,MIA,DT,92.0,Active
2026-09-02,2026,,Skyler Howard,SEA,QB,0.0,Active
2026-09-02,2026,,Xavier McKinney,GB,DB,29.0,Active
2026-09-02,2026,,Duplicate Player,BUF,,0.0,Inactive
2026-09-02,2026,,Alim McNeill,DET,NT,54.0,Active
2026-09-02,2026,,DeMarcco Hellams,ATL,DB,23.0,Active
2026-09-02,2026,,Torricelli Simpkins,CAR,OL,68.0,Active
2026-09-02,2026,,Khyiris Tonga,KC,DT,92.0,Active
2026-09-02,2026,00-0034573,Charvarius Ward,IND,CB,7.0,Active
2026-09-02,2026,,Colby Parkinson,LAR,TE,84.0,Active
2026-09-02,2026,,Makai Lemon,PHI,WR,9.0,Active
2026-09-02,2026,00-0034840,Adonis Alexander,NO,DB,44.0,Inactive
2026-09-02,2026,,Mitchell Melton,IND,DE,54.0,Active
2026-09-02,2026,,Kool-Aid McKinstry,NO,DB,1.0,Active
2026-09-02,2026,,Wydett Williams,ARI,DB,31.0,Active
2026-09-02,2026,,Josh Hayes,TB,CB,32.0,Active
2026-09-02,2026,,Quinyon Mitchell,PHI,CB,27.0,Active
2026-09-02,2026,,Barrett Carter,CIN,LB,49.0,Active
2026-09-02,2026,,Riley Patterson,MIA,K,47.0,Active
2026-09-02,2026,,Jalen Royals,KC,WR,11.0,Active
2026-09-02,2026,,Matthew Golden,GB,WR,0.0,Active
2026-09-02,2026,,Malik Muhammad,CHI,CB,24.0,Active
2026-09-02,2026,00-0032782,Wendell Smallwood,WAS,RB,38.0,Active
2026-09-02,2026,,D'Angelo Amos,DET,DB,43.0,Active
2026-09-02,2026,,Kendrick Law,DET,WR,88.0,Inactive
2026-09-02,2026,,Drew Moss,TEN,OL,67.0,Active
2026-09-02,2026,,Jeremy Crawshaw,DEN,P,16.0,Active
2026-09-02,2026,,Car'lin Vigers,PIT,CB,37.0,Active
2026-09-02,2026, 00-0035525,Devin Bush,CHI,LB,12.0,Active
2026-09-02,2026,,Jahdae Barron,DEN,DB,23.0,Active
